# Export from Prisma3D 2.1.2 - UV Unwrapped by Cylindrical Projection
# Original vertices: 5016, Faces: 1672
mtllib Raph_PSX_Horror_Head.mtl
o Human
v 0.05907903 0.09527650 -0.05382416
v 0.04194647 0.06389248 -0.02780112
v 0.05655188 0.06905542 -0.05534734
v 0.04587632 0.08591153 -0.02806436
v 0.04194647 0.06389248 -0.02780112
v 0.05907903 0.09527650 -0.05382416
v 0.11411180 0.09876368 -0.05361624
v 0.08497594 0.07392776 -0.06421869
v 0.11403980 0.07486271 -0.05496456
v 0.08695703 0.10030140 -0.06223968
v 0.08497594 0.07392776 -0.06421869
v 0.11411180 0.09876368 -0.05361624
v 0.05907903 0.09527650 -0.05382416
v 0.04483599 0.14969340 -0.02345031
v 0.04587632 0.08591153 -0.02806436
v 0.05627286 0.15959030 -0.05134593
v 0.04483599 0.14969340 -0.02345031
v 0.05907903 0.09527650 -0.05382416
v 0.08497594 0.07392776 -0.06421869
v 0.05907903 0.09527650 -0.05382416
v 0.05655188 0.06905542 -0.05534734
v 0.08695703 0.10030140 -0.06223968
v 0.05907903 0.09527650 -0.05382416
v 0.08497594 0.07392776 -0.06421869
v 0.08669310 0.16300740 -0.06061289
v 0.05907903 0.09527650 -0.05382416
v 0.08695703 0.10030140 -0.06223968
v 0.05627286 0.15959030 -0.05134593
v 0.05907903 0.09527650 -0.05382416
v 0.08669310 0.16300740 -0.06061289
v 0.03820207 1.75657000 -0.02688219
v 0.01640693 1.78391600 -0.06473607
v 0.02935174 1.76156000 -0.06951932
v 0.02340800 1.77713200 -0.02411789
v 0.01640693 1.78391600 -0.06473607
v 0.03820207 1.75657000 -0.02688219
v 0.13056460 0.06821375 -0.02813440
v 0.11411180 0.09876368 -0.05361624
v 0.11403980 0.07486271 -0.05496456
v 0.12514480 0.08844113 -0.02825914
v 0.11411180 0.09876368 -0.05361624
v 0.13056460 0.06821375 -0.02813440
v 0.76754020 1.54960500 0.05353229
v 0.79419700 1.54110400 0.03401523
v 0.77485970 1.54013600 0.02825677
v 0.78854320 1.55070200 0.05410551
v 0.79419700 1.54110400 0.03401523
v 0.76754020 1.54960500 0.05353229
v 0.11411180 0.09876368 -0.05361624
v 0.08669310 0.16300740 -0.06061289
v 0.08695703 0.10030140 -0.06223968
v 0.11552230 0.15974480 -0.05131863
v 0.08669310 0.16300740 -0.06061289
v 0.11411180 0.09876368 -0.05361624
v 0.12218610 0.14960240 -0.02353055
v 0.11411180 0.09876368 -0.05361624
v 0.12514480 0.08844113 -0.02825914
v 0.11552230 0.15974480 -0.05131863
v 0.11411180 0.09876368 -0.05361624
v 0.12218610 0.14960240 -0.02353055
v 0.13056460 0.06821375 -0.02813440
v 0.11684700 0.04430494 -0.05565718
v 0.13551290 0.04173685 -0.02829418
v 0.11403980 0.07486271 -0.05496456
v 0.11684700 0.04430494 -0.05565718
v 0.13056460 0.06821375 -0.02813440
v 0.11684700 0.04430494 -0.05565718
v 0.08497594 0.07392776 -0.06421869
v 0.08685105 0.04307825 -0.06514080
v 0.11403980 0.07486271 -0.05496456
v 0.08497594 0.07392776 -0.06421869
v 0.11684700 0.04430494 -0.05565718
v 0.08669310 0.16300740 -0.06061289
v 0.03944575 0.30251720 -0.04772741
v 0.05627286 0.15959030 -0.05134593
v 0.07808297 0.30285390 -0.06074745
v 0.03944575 0.30251720 -0.04772741
v 0.08669310 0.16300740 -0.06061289
v 0.60068080 1.55013300 0.04431061
v 0.72035860 1.53696500 0.02297340
v 0.60472420 1.53832600 0.01154121
v 0.71349790 1.54788900 0.05252409
v 0.72035860 1.53696500 0.02297340
v 0.60068080 1.55013300 0.04431061
v 0.11673070 0.30154300 -0.04777813
v 0.08669310 0.16300740 -0.06061289
v 0.11552230 0.15974480 -0.05131863
v 0.07808297 0.30285390 -0.06074745
v 0.08669310 0.16300740 -0.06061289
v 0.11673070 0.30154300 -0.04777813
v 0.12648590 0.01962823 -0.02845625
v 0.11684700 0.04430494 -0.05565718
v 0.11323630 0.02599738 -0.04880315
v 0.13551290 0.04173685 -0.02829418
v 0.11684700 0.04430494 -0.05565718
v 0.12648590 0.01962823 -0.02845625
v 0.10998380 0.99955110 -0.08631840
v 0.12694490 1.03268900 -0.00154171
v 0.10739050 1.03715300 -0.09816563
v 0.12973770 1.00271500 0.00502777
v 0.12694490 1.03268900 -0.00154171
v 0.10998380 0.99955110 -0.08631840
v 0.47307350 1.59058000 0.04789465
v 0.37863310 1.63325500 0.03564466
v 0.47124050 1.62528300 0.03390626
v 0.38081280 1.59831100 0.05184060
v 0.37863310 1.63325500 0.03564466
v 0.47307350 1.59058000 0.04789465
v 0.05388176 0.93468780 -0.09611126
v 0.10998380 0.99955110 -0.08631840
v 0.04919224 0.99869040 -0.12251320
v 0.11341370 0.93684450 -0.06728709
v 0.10998380 0.99955110 -0.08631840
v 0.05388176 0.93468780 -0.09611126
v 0.10998380 0.99955110 -0.08631840
v 0.13277280 0.94338970 0.01427847
v 0.12973770 1.00271500 0.00502777
v 0.11341370 0.93684450 -0.06728709
v 0.13277280 0.94338970 0.01427847
v 0.10998380 0.99955110 -0.08631840
v 0.05737668 0.04051726 -0.05609260
v 0.04194647 0.06389248 -0.02780112
v 0.04027539 0.03908254 -0.02786019
v 0.05655188 0.06905542 -0.05534734
v 0.04194647 0.06389248 -0.02780112
v 0.05737668 0.04051726 -0.05609260
v 0.08497594 0.07392776 -0.06421869
v 0.05737668 0.04051726 -0.05609260
v 0.08685105 0.04307825 -0.06514080
v 0.05655188 0.06905542 -0.05534734
v 0.05737668 0.04051726 -0.05609260
v 0.08497594 0.07392776 -0.06421869
v 0.00910767 0.80210780 -0.04587219
v 0.05388176 0.93468780 -0.09611126
v -0.00591537 0.93635540 -0.07036990
v 0.06295344 0.79971640 -0.06861712
v 0.05388176 0.93468780 -0.09611126
v 0.00910767 0.80210780 -0.04587219
v 0.05737668 0.04051726 -0.05609260
v 0.05243064 0.01933585 -0.02808985
v 0.06447358 0.02447907 -0.04888205
v 0.04027539 0.03908254 -0.02786019
v 0.05243064 0.01933585 -0.02808985
v 0.05737668 0.04051726 -0.05609260
v 0.05388176 0.93468780 -0.09611126
v 0.11667410 0.80202940 -0.04554336
v 0.11341370 0.93684450 -0.06728709
v 0.06295344 0.79971640 -0.06861712
v 0.11667410 0.80202940 -0.04554336
v 0.05388176 0.93468780 -0.09611126
v 0.76754020 1.54960500 0.05353229
v 0.72035860 1.53696500 0.02297340
v 0.71349790 1.54788900 0.05252409
v 0.77485970 1.54013600 0.02825677
v 0.72035860 1.53696500 0.02297340
v 0.76754020 1.54960500 0.05353229
v 0.12218610 0.14960240 -0.02353055
v 0.11673070 0.30154300 -0.04777813
v 0.11552230 0.15974480 -0.05131863
v 0.12462140 0.29888060 -0.00881079
v 0.11673070 0.30154300 -0.04777813
v 0.12218610 0.14960240 -0.02353055
v 0.76754020 1.54960500 0.05353229
v 0.70969790 1.57857800 0.06116574
v 0.76379820 1.57603600 0.06091747
v 0.71349790 1.54788900 0.05252409
v 0.70969790 1.57857800 0.06116574
v 0.76754020 1.54960500 0.05353229
v 0.11673070 0.30154300 -0.04777813
v 0.06949731 0.45133010 -0.05852547
v 0.07808297 0.30285390 -0.06074745
v 0.11787540 0.45329070 -0.04161429
v 0.06949731 0.45133010 -0.05852547
v 0.11673070 0.30154300 -0.04777813
v 0.11684700 0.04430494 -0.05565718
v 0.08953478 0.01889146 -0.05613701
v 0.11323630 0.02599738 -0.04880315
v 0.08685105 0.04307825 -0.06514080
v 0.08953478 0.01889146 -0.05613701
v 0.11684700 0.04430494 -0.05565718
v 0.12892180 0.46029430 0.00919913
v 0.11673070 0.30154300 -0.04777813
v 0.12462140 0.29888060 -0.00881079
v 0.11787540 0.45329070 -0.04161429
v 0.11673070 0.30154300 -0.04777813
v 0.12892180 0.46029430 0.00919913
v 0.06447358 0.02447907 -0.04888205
v 0.08685105 0.04307825 -0.06514080
v 0.05737668 0.04051726 -0.05609260
v 0.08953478 0.01889146 -0.05613701
v 0.08685105 0.04307825 -0.06514080
v 0.06447358 0.02447907 -0.04888205
v 0.11667410 0.80202940 -0.04554336
v 0.13277280 0.94338970 0.01427847
v 0.11341370 0.93684450 -0.06728709
v 0.13446010 0.80885610 0.02335850
v 0.13277280 0.94338970 0.01427847
v 0.11667410 0.80202940 -0.04554336
v 0.76461040 1.60197400 0.05119231
v 0.78517600 1.57585000 0.06134629
v 0.76379820 1.57603600 0.06091747
v 0.78582380 1.59931000 0.05193364
v 0.78517600 1.57585000 0.06134629
v 0.76461040 1.60197400 0.05119231
v 0.07126471 0.66856820 -0.04722041
v 0.11667410 0.80202940 -0.04554336
v 0.06295344 0.79971640 -0.06861712
v 0.11921660 0.67131760 -0.02768737
v 0.11667410 0.80202940 -0.04554336
v 0.07126471 0.66856820 -0.04722041
v 0.11667410 0.80202940 -0.04554336
v 0.13487870 0.67950560 0.03090199
v 0.13446010 0.80885610 0.02335850
v 0.11921660 0.67131760 -0.02768737
v 0.13487870 0.67950560 0.03090199
v 0.11667410 0.80202940 -0.04554336
v 0.12648590 0.01962823 -0.02845625
v 0.08953478 0.01889146 -0.05613701
v 0.08997961 0.01250610 -0.02833833
v 0.11323630 0.02599738 -0.04880315
v 0.08953478 0.01889146 -0.05613701
v 0.12648590 0.01962823 -0.02845625
v -0.03260041 1.92982100 -0.11749400
v -0.00071348 1.86430700 -0.11056110
v 0.00874179 1.92982100 -0.11749400
v -0.03260042 1.86432600 -0.11003090
v -0.00071348 1.86430700 -0.11056110
v -0.03260041 1.92982100 -0.11749400
v 0.12892180 0.46029430 0.00919913
v 0.11912660 0.54273050 -0.03157409
v 0.11787540 0.45329070 -0.04161429
v 0.13160710 0.55572810 0.02363572
v 0.11912660 0.54273050 -0.03157409
v 0.12892180 0.46029430 0.00919913
v 0.12026790 0.61567760 -0.02097899
v 0.13487870 0.67950560 0.03090199
v 0.11921660 0.67131760 -0.02768737
v 0.13444970 0.62699380 0.03443246
v 0.13487870 0.67950560 0.03090199
v 0.12026790 0.61567760 -0.02097899
v 0.08953478 0.01889146 -0.05613701
v 0.05243064 0.01933585 -0.02808985
v 0.08997961 0.01250610 -0.02833833
v 0.06447358 0.02447907 -0.04888205
v 0.05243064 0.01933585 -0.02808985
v 0.08953478 0.01889146 -0.05613701
v 0.70969790 1.57857800 0.06116574
v 0.59694860 1.61684500 0.04132979
v 0.71009320 1.60874700 0.04980482
v 0.59767420 1.58371800 0.05390894
v 0.59694860 1.61684500 0.04132979
v 0.70969790 1.57857800 0.06116574
v 0.13326290 0.60470350 0.03266444
v 0.11912660 0.54273050 -0.03157409
v 0.13160710 0.55572810 0.02363572
v 0.12005920 0.59044050 -0.02293756
v 0.11912660 0.54273050 -0.03157409
v 0.13326290 0.60470350 0.03266444
v 0.12026790 0.61567760 -0.02097899
v 0.13326290 0.60470350 0.03266444
v 0.13444970 0.62699380 0.03443246
v 0.12005920 0.59044050 -0.02293756
v 0.13326290 0.60470350 0.03266444
v 0.12026790 0.61567760 -0.02097899
v 0.47622250 1.54227700 0.00102982
v 0.38155720 1.56262700 0.03928230
v 0.47514830 1.55547700 0.03716934
v 0.38153860 1.54611000 -0.00159746
v 0.38155720 1.56262700 0.03928230
v 0.47622250 1.54227700 0.00102982
v 0.00280082 1.76155500 -0.07873210
v -0.03260041 1.72834900 -0.09609257
v 0.02389996 1.73269200 -0.09843818
v -0.03260040 1.76030400 -0.07498237
v -0.03260041 1.72834900 -0.09609257
v 0.00280082 1.76155500 -0.07873210
v 0.12026790 0.61567760 -0.02097899
v 0.07252575 0.58349590 -0.04152812
v 0.12005920 0.59044050 -0.02293756
v 0.07383818 0.61192370 -0.03944045
v 0.07252575 0.58349590 -0.04152812
v 0.12026790 0.61567760 -0.02097899
v 0.01831851 1.82503500 -0.07855118
v 0.03803769 1.84496300 -0.02071034
v 0.02491779 1.85945200 -0.08862857
v 0.02886133 1.81231500 -0.02294764
v 0.03803769 1.84496300 -0.02071034
v 0.01831851 1.82503500 -0.07855118
v 0.07126471 0.66856820 -0.04722041
v 0.12026790 0.61567760 -0.02097899
v 0.11921660 0.67131760 -0.02768737
v 0.07383818 0.61192370 -0.03944045
v 0.12026790 0.61567760 -0.02097899
v 0.07126471 0.66856820 -0.04722041
v -0.03260041 1.09786400 -0.14424810
v 0.04747442 1.03797000 -0.13945640
v 0.04686042 1.09917200 -0.13845930
v -0.03260041 1.02827500 -0.13794370
v 0.04747442 1.03797000 -0.13945640
v -0.03260041 1.09786400 -0.14424810
v -0.02594733 0.94153940 0.01145461
v 0.00910767 0.80210780 -0.04587219
v -0.00591537 0.93635540 -0.07036990
v -0.00910860 0.80881120 0.02280197
v 0.00910767 0.80210780 -0.04587219
v -0.02594733 0.94153940 0.01145461
v -0.03260041 1.02827500 -0.13794370
v 0.04919224 0.99869040 -0.12251320
v 0.04747442 1.03797000 -0.13945640
v -0.01165326 0.99918840 -0.09716380
v 0.04919224 0.99869040 -0.12251320
v -0.03260041 1.02827500 -0.13794370
v 0.00910767 0.80210780 -0.04587219
v 0.07126471 0.66856820 -0.04722041
v 0.06295344 0.79971640 -0.06861712
v 0.02330091 0.67129980 -0.02771052
v 0.07126471 0.66856820 -0.04722041
v 0.00910767 0.80210780 -0.04587219
v 0.07126471 0.66856820 -0.04722041
v 0.02738798 0.61574860 -0.02095913
v 0.07383818 0.61192370 -0.03944045
v 0.02330091 0.67129980 -0.02771052
v 0.02738798 0.61574860 -0.02095913
v 0.07126471 0.66856820 -0.04722041
v 0.00759743 0.67968530 0.03087024
v 0.00910767 0.80210780 -0.04587219
v -0.00910860 0.80881120 0.02280197
v 0.02330091 0.67129980 -0.02771052
v 0.00910767 0.80210780 -0.04587219
v 0.00759743 0.67968530 0.03087024
v -0.01165326 0.99918840 -0.09716380
v -0.03266957 1.01261100 -0.01340631
v -0.03201279 1.00117800 -0.00462703
v -0.03260041 1.02827500 -0.13794370
v -0.03266957 1.01261100 -0.01340631
v -0.01165326 0.99918840 -0.09716380
v 0.03944575 0.30251720 -0.04772741
v 0.04483599 0.14969340 -0.02345031
v 0.05627286 0.15959030 -0.05134593
v 0.03159060 0.30005360 -0.00873911
v 0.04483599 0.14969340 -0.02345031
v 0.03944575 0.30251720 -0.04772741
v -0.01165326 0.99918840 -0.09716380
v -0.02594733 0.94153940 0.01145461
v -0.00591537 0.93635540 -0.07036990
v -0.03201279 1.00117800 -0.00462703
v -0.02594733 0.94153940 0.01145461
v -0.01165326 0.99918840 -0.09716380
v 0.03944575 0.30251720 -0.04772741
v 0.01716871 0.46120720 0.00926584
v 0.03159060 0.30005360 -0.00873911
v 0.02289408 0.45403930 -0.04156182
v 0.01716871 0.46120720 0.00926584
v 0.03944575 0.30251720 -0.04772741
v 0.06949731 0.45133010 -0.05852547
v 0.03944575 0.30251720 -0.04772741
v 0.07808297 0.30285390 -0.06074745
v 0.02289408 0.45403930 -0.04156182
v 0.03944575 0.30251720 -0.04772741
v 0.06949731 0.45133010 -0.05852547
v 0.06685263 1.73872600 -0.08525048
v 0.00280082 1.76155500 -0.07873210
v 0.02389996 1.73269200 -0.09843818
v 0.02935174 1.76156000 -0.06951932
v 0.00280082 1.76155500 -0.07873210
v 0.06685263 1.73872600 -0.08525048
v 0.11912660 0.54273050 -0.03157409
v 0.06949731 0.45133010 -0.05852547
v 0.11787540 0.45329070 -0.04161429
v 0.06936386 0.53732480 -0.05002373
v 0.06949731 0.45133010 -0.05852547
v 0.11912660 0.54273050 -0.03157409
v 0.07252575 0.58349590 -0.04152812
v 0.11912660 0.54273050 -0.03157409
v 0.12005920 0.59044050 -0.02293756
v 0.06936386 0.53732480 -0.05002373
v 0.11912660 0.54273050 -0.03157409
v 0.07252575 0.58349590 -0.04152812
v 0.06949731 0.45133010 -0.05852547
v 0.02095500 0.54227230 -0.03158844
v 0.02289408 0.45403930 -0.04156182
v 0.06936386 0.53732480 -0.05002373
v 0.02095500 0.54227230 -0.03158844
v 0.06949731 0.45133010 -0.05852547
v -0.03260039 1.78652800 -0.06837888
v 0.00280082 1.76155500 -0.07873210
v -0.00459621 1.78637800 -0.07262027
v -0.03260040 1.76030400 -0.07498237
v 0.00280082 1.76155500 -0.07873210
v -0.03260039 1.78652800 -0.06837888
v 0.00759743 0.67968530 0.03087024
v 0.02738798 0.61574860 -0.02095913
v 0.02330091 0.67129980 -0.02771052
v 0.01314198 0.62728530 0.03445440
v 0.02738798 0.61574860 -0.02095913
v 0.00759743 0.67968530 0.03087024
v 0.02935174 1.76156000 -0.06951932
v 0.07928748 1.73329800 -0.03666725
v 0.03820207 1.75657000 -0.02688219
v 0.06685263 1.73872600 -0.08525048
v 0.07928748 1.73329800 -0.03666725
v 0.02935174 1.76156000 -0.06951932
v 0.02738798 0.61574860 -0.02095913
v 0.07252575 0.58349590 -0.04152812
v 0.07383818 0.61192370 -0.03944045
v 0.02521871 0.59008680 -0.02293729
v 0.07252575 0.58349590 -0.04152812
v 0.02738798 0.61574860 -0.02095913
v 0.07252575 0.58349590 -0.04152812
v 0.02095500 0.54227230 -0.03158844
v 0.06936386 0.53732480 -0.05002373
v 0.02521871 0.59008680 -0.02293729
v 0.02095500 0.54227230 -0.03158844
v 0.07252575 0.58349590 -0.04152812
v 0.01294554 0.60478180 0.03267011
v 0.02738798 0.61574860 -0.02095913
v 0.01314198 0.62728530 0.03445440
v 0.02521871 0.59008680 -0.02293729
v 0.02738798 0.61574860 -0.02095913
v 0.01294554 0.60478180 0.03267011
v -0.01165326 0.99918840 -0.09716380
v 0.05388176 0.93468780 -0.09611126
v 0.04919224 0.99869040 -0.12251320
v -0.00591537 0.93635540 -0.07036990
v 0.05388176 0.93468780 -0.09611126
v -0.01165326 0.99918840 -0.09716380
v 0.01294554 0.60478180 0.03267011
v 0.02095500 0.54227230 -0.03158844
v 0.02521871 0.59008680 -0.02293729
v 0.01261770 0.55638780 0.02368778
v 0.02095500 0.54227230 -0.03158844
v 0.01294554 0.60478180 0.03267011
v 0.04747442 1.03797000 -0.13945640
v 0.10998380 0.99955110 -0.08631840
v 0.10739050 1.03715300 -0.09816563
v 0.04919224 0.99869040 -0.12251320
v 0.10998380 0.99955110 -0.08631840
v 0.04747442 1.03797000 -0.13945640
v 0.04747442 1.03797000 -0.13945640
v 0.10645800 1.09566600 -0.09861734
v 0.04686042 1.09917200 -0.13845930
v 0.10739050 1.03715300 -0.09816563
v 0.10645800 1.09566600 -0.09861734
v 0.04747442 1.03797000 -0.13945640
v 0.03803769 1.84496300 -0.02071034
v 0.04089249 1.92718000 -0.09253021
v 0.02491779 1.85945200 -0.08862857
v 0.05466021 1.91925900 -0.01763871
v 0.04089249 1.92718000 -0.09253021
v 0.03803769 1.84496300 -0.02071034
v 0.60068080 1.55013300 0.04431061
v 0.70969790 1.57857800 0.06116574
v 0.71349790 1.54788900 0.05252409
v 0.59767420 1.58371800 0.05390894
v 0.70969790 1.57857800 0.06116574
v 0.60068080 1.55013300 0.04431061
v 0.10645800 1.09566600 -0.09861734
v 0.12694490 1.03268900 -0.00154171
v 0.12598270 1.07988100 -0.00257091
v 0.10739050 1.03715300 -0.09816563
v 0.12694490 1.03268900 -0.00154171
v 0.10645800 1.09566600 -0.09861734
v 0.01521904 2.00499400 -0.11541400
v -0.03260041 1.92982100 -0.11749400
v 0.00874179 1.92982100 -0.11749400
v -0.03260040 2.00499400 -0.11541390
v -0.03260041 1.92982100 -0.11749400
v 0.01521904 2.00499400 -0.11541400
v 0.10645800 1.09566600 -0.09861734
v 0.12464060 1.13959900 -0.00210099
v 0.10518700 1.16419300 -0.09456102
v 0.12598270 1.07988100 -0.00257091
v 0.12464060 1.13959900 -0.00210099
v 0.10645800 1.09566600 -0.09861734
v 0.04613123 1.16968000 -0.12800720
v 0.10645800 1.09566600 -0.09861734
v 0.10518700 1.16419300 -0.09456102
v 0.04686042 1.09917200 -0.13845930
v 0.10645800 1.09566600 -0.09861734
v 0.04613123 1.16968000 -0.12800720
v -0.03260041 1.09786400 -0.14424810
v 0.04613123 1.16968000 -0.12800720
v -0.03260041 1.16765200 -0.12991260
v 0.04686042 1.09917200 -0.13845930
v 0.04613123 1.16968000 -0.12800720
v -0.03260041 1.09786400 -0.14424810
v 0.10151060 1.23183300 -0.09289631
v 0.12464060 1.13959900 -0.00210099
v 0.12065960 1.20832400 -0.00402562
v 0.10518700 1.16419300 -0.09456102
v 0.12464060 1.13959900 -0.00210099
v 0.10151060 1.23183300 -0.09289631
v 0.04613123 1.16968000 -0.12800720
v 0.10151060 1.23183300 -0.09289631
v 0.04403444 1.23687300 -0.11655440
v 0.10518700 1.16419300 -0.09456102
v 0.10151060 1.23183300 -0.09289631
v 0.04613123 1.16968000 -0.12800720
v 0.10151060 1.23183300 -0.09289631
v 0.09760799 1.30871100 -0.00639046
v 0.07895189 1.32521500 -0.09115967
v 0.12065960 1.20832400 -0.00402562
v 0.09760799 1.30871100 -0.00639046
v 0.10151060 1.23183300 -0.09289631
v 0.07778994 1.40427000 -0.08843270
v 0.09760799 1.30871100 -0.00639046
v 0.09633590 1.39714200 -0.00740679
v 0.07895189 1.32521500 -0.09115967
v 0.09760799 1.30871100 -0.00639046
v 0.07778994 1.40427000 -0.08843270
v 0.10151060 1.23183300 -0.09289631
v 0.04202415 1.30652200 -0.10611930
v 0.04403444 1.23687300 -0.11655440
v 0.07895189 1.32521500 -0.09115967
v 0.04202415 1.30652200 -0.10611930
v 0.10151060 1.23183300 -0.09289631
v 0.04202415 1.30652200 -0.10611930
v 0.07778994 1.40427000 -0.08843270
v 0.04134562 1.38390500 -0.10156780
v 0.07895189 1.32521500 -0.09115967
v 0.07778994 1.40427000 -0.08843270
v 0.04202415 1.30652200 -0.10611930
v 0.07778994 1.40427000 -0.08843270
v 0.11922330 1.44699600 -0.00749851
v 0.10754100 1.46919500 -0.09608101
v 0.09633590 1.39714200 -0.00740679
v 0.11922330 1.44699600 -0.00749851
v 0.07778994 1.40427000 -0.08843270
v 0.04613123 1.16968000 -0.12800720
v -0.03260041 1.23477500 -0.11211950
v -0.03260041 1.16765200 -0.12991260
v 0.04403444 1.23687300 -0.11655440
v -0.03260041 1.23477500 -0.11211950
v 0.04613123 1.16968000 -0.12800720
v -0.03260041 1.23477500 -0.11211950
v 0.04202415 1.30652200 -0.10611930
v -0.03260042 1.30487400 -0.09657098
v 0.04403444 1.23687300 -0.11655440
v 0.04202415 1.30652200 -0.10611930
v -0.03260041 1.23477500 -0.11211950
v 0.00615086 1.82637200 0.08681086
v -0.03260021 1.91162800 0.11965650
v 0.01331810 1.90924300 0.09755930
v -0.03260025 1.82672900 0.09511597
v -0.03260021 1.91162800 0.11965650
v 0.00615086 1.82637200 0.08681086
v -0.03260028 1.79658600 0.06483619
v 0.00615086 1.82637200 0.08681086
v 0.00041863 1.79619200 0.06075886
v -0.03260025 1.82672900 0.09511597
v 0.00615086 1.82637200 0.08681086
v -0.03260028 1.79658600 0.06483619
v 0.14525650 0.03786480 0.02244588
v 0.12648590 0.01962823 -0.02845625
v 0.13416910 0.02113433 0.02143176
v 0.13551290 0.04173685 -0.02829418
v 0.12648590 0.01962823 -0.02845625
v 0.14525650 0.03786480 0.02244588
v 0.04661278 1.91147400 0.06108848
v 0.03803769 1.84496300 -0.02071034
v 0.03349812 1.83066200 0.05162550
v 0.05466021 1.91925900 -0.01763871
v 0.03803769 1.84496300 -0.02071034
v 0.04661278 1.91147400 0.06108848
v 0.04661278 1.91147400 0.06108848
v 0.00615086 1.82637200 0.08681086
v 0.01331810 1.90924300 0.09755930
v 0.03349812 1.83066200 0.05162550
v 0.00615086 1.82637200 0.08681086
v 0.04661278 1.91147400 0.06108848
v 0.13623060 0.03369885 0.17260670
v 0.09842472 0.02701261 0.16581330
v 0.09952307 0.03343578 0.19614020
v 0.12737400 0.02781854 0.15004110
v 0.09842472 0.02701261 0.16581330
v 0.13623060 0.03369885 0.17260670
v 0.13623060 0.03369885 0.17260670
v 0.14276020 0.05470655 0.10213970
v 0.14848540 0.03518043 0.10206070
v 0.13285010 0.05248745 0.17313810
v 0.14276020 0.05470655 0.10213970
v 0.13623060 0.03369885 0.17260670
v 0.09636134 0.12746470 0.13593120
v 0.12046420 0.10944970 0.07862464
v 0.11838620 0.11306350 0.12634990
v 0.08912055 0.11815800 0.07448576
v 0.12046420 0.10944970 0.07862464
v 0.09636134 0.12746470 0.13593120
v 0.00280082 1.76155500 -0.07873210
v 0.01640693 1.78391600 -0.06473607
v -0.00459621 1.78637800 -0.07262027
v 0.02935174 1.76156000 -0.06951932
v 0.01640693 1.78391600 -0.06473607
v 0.00280082 1.76155500 -0.07873210
v -0.00448657 1.80880700 -0.07835466
v 0.01640693 1.78391600 -0.06473607
v 0.01688482 1.80587600 -0.06851477
v -0.00459621 1.78637800 -0.07262027
v 0.01640693 1.78391600 -0.06473607
v -0.00448657 1.80880700 -0.07835466
v 0.01640693 1.78391600 -0.06473607
v 0.02477135 1.79760800 -0.02415026
v 0.01688482 1.80587600 -0.06851477
v 0.02340800 1.77713200 -0.02411789
v 0.02477135 1.79760800 -0.02415026
v 0.01640693 1.78391600 -0.06473607
v 0.09923912 0.05196214 0.19682110
v 0.13623060 0.03369885 0.17260670
v 0.09952307 0.03343578 0.19614020
v 0.13285010 0.05248745 0.17313810
v 0.13623060 0.03369885 0.17260670
v 0.09923912 0.05196214 0.19682110
v 0.13757770 0.02426728 0.09796404
v 0.13623060 0.03369885 0.17260670
v 0.14848540 0.03518043 0.10206070
v 0.12737400 0.02781854 0.15004110
v 0.13623060 0.03369885 0.17260670
v 0.13757770 0.02426728 0.09796404
v 0.13056460 0.06821375 -0.02813440
v 0.14525650 0.03786480 0.02244588
v 0.13874110 0.05961643 0.02224323
v 0.13551290 0.04173685 -0.02829418
v 0.14525650 0.03786480 0.02244588
v 0.13056460 0.06821375 -0.02813440
v 0.04089249 1.92718000 -0.09253021
v 0.01521904 2.00499400 -0.11541400
v 0.00874179 1.92982100 -0.11749400
v 0.05136967 2.00500700 -0.09023688
v 0.01521904 2.00499400 -0.11541400
v 0.04089249 1.92718000 -0.09253021
v 0.81541130 1.59785700 0.00049961
v 0.82513410 1.57186200 -0.01695829
v 0.83360290 1.59938600 -0.00540535
v 0.80784600 1.57324200 -0.00915491
v 0.82513410 1.57186200 -0.01695829
v 0.81541130 1.59785700 0.00049961
v 0.03820207 1.75657000 -0.02688219
v 0.06753130 1.73427500 0.01961479
v 0.02935181 1.74871300 0.01990180
v 0.07928748 1.73329800 -0.03666725
v 0.06753130 1.73427500 0.01961479
v 0.03820207 1.75657000 -0.02688219
v 0.86187860 1.59662700 -0.00697107
v 0.82513410 1.57186200 -0.01695829
v 0.85451750 1.57280000 -0.01934601
v 0.83360290 1.59938600 -0.00540535
v 0.82513410 1.57186200 -0.01695829
v 0.86187860 1.59662700 -0.00697107
v 0.81541130 1.59785700 0.00049961
v 0.83700490 1.60905800 0.03220737
v 0.81841970 1.60647900 0.03210568
v 0.83360290 1.59938600 -0.00540535
v 0.83700490 1.60905800 0.03220737
v 0.81541130 1.59785700 0.00049961
v 0.04661278 1.91147400 0.06108848
v 0.06418264 2.00504500 -0.01470541
v 0.05466021 1.91925900 -0.01763871
v 0.05279985 2.00516900 0.06322463
v 0.06418264 2.00504500 -0.01470541
v 0.04661278 1.91147400 0.06108848
v 0.83700490 1.60905800 0.03220737
v 0.86187860 1.59662700 -0.00697107
v 0.86494220 1.60509100 0.03270683
v 0.83360290 1.59938600 -0.00540535
v 0.86187860 1.59662700 -0.00697107
v 0.83700490 1.60905800 0.03220737
v 0.86187860 1.59662700 -0.00697107
v 0.88657370 1.57317200 -0.01898923
v 0.89354530 1.59148600 -0.00637611
v 0.85451750 1.57280000 -0.01934601
v 0.88657370 1.57317200 -0.01898923
v 0.86187860 1.59662700 -0.00697107
v 0.81650640 1.59879600 0.06437244
v 0.83700490 1.60905800 0.03220737
v 0.83490540 1.60050300 0.07055849
v 0.81841970 1.60647900 0.03210568
v 0.83700490 1.60905800 0.03220737
v 0.81650640 1.59879600 0.06437244
v 0.81541130 1.59785700 0.00049961
v 0.79215820 1.60649600 0.02767359
v 0.79949460 1.59768100 0.00427270
v 0.81841970 1.60647900 0.03210568
v 0.79215820 1.60649600 0.02767359
v 0.81541130 1.59785700 0.00049961
v 0.79215820 1.60649600 0.02767359
v 0.81650640 1.59879600 0.06437244
v 0.78582380 1.59931000 0.05193364
v 0.81841970 1.60647900 0.03210568
v 0.81650640 1.59879600 0.06437244
v 0.79215820 1.60649600 0.02767359
v 0.30458990 1.60601700 0.05787574
v 0.37863310 1.63325500 0.03564466
v 0.38081280 1.59831100 0.05184060
v 0.30234330 1.64361600 0.03927789
v 0.37863310 1.63325500 0.03564466
v 0.30458990 1.60601700 0.05787574
v 0.78517600 1.57585000 0.06134629
v 0.81650640 1.59879600 0.06437244
v 0.80930640 1.57449300 0.07600890
v 0.78582380 1.59931000 0.05193364
v 0.81650640 1.59879600 0.06437244
v 0.78517600 1.57585000 0.06134629
v 0.38155720 1.56262700 0.03928230
v 0.30458990 1.60601700 0.05787574
v 0.38081280 1.59831100 0.05184060
v 0.30576500 1.56756700 0.04388438
v 0.30458990 1.60601700 0.05787574
v 0.38155720 1.56262700 0.03928230
v 0.82687070 1.57335100 0.08432680
v 0.81650640 1.59879600 0.06437244
v 0.83490540 1.60050300 0.07055849
v 0.80930640 1.57449300 0.07600890
v 0.81650640 1.59879600 0.06437244
v 0.82687070 1.57335100 0.08432680
v 0.30468740 1.54713500 -0.00135355
v 0.38155720 1.56262700 0.03928230
v 0.38153860 1.54611000 -0.00159746
v 0.30576500 1.56756700 0.04388438
v 0.38155720 1.56262700 0.03928230
v 0.30468740 1.54713500 -0.00135355
v 0.13170080 1.51143000 -0.07565683
v 0.10936070 1.59653100 -0.11541120
v 0.10754100 1.46919500 -0.09608101
v 0.13701340 1.60718300 -0.10547670
v 0.10936070 1.59653100 -0.11541120
v 0.13170080 1.51143000 -0.07565683
v 0.37863310 1.63325500 0.03564466
v 0.30058380 1.66130100 -0.01322477
v 0.37705770 1.64817500 -0.00955271
v 0.30234330 1.64361600 0.03927789
v 0.30058380 1.66130100 -0.01322477
v 0.37863310 1.63325500 0.03564466
v 0.82687070 1.57335100 0.08432680
v 0.86325030 1.59780200 0.07302307
v 0.85634640 1.57436800 0.08731285
v 0.83490540 1.60050300 0.07055849
v 0.86325030 1.59780200 0.07302307
v 0.82687070 1.57335100 0.08432680
v 0.86325030 1.59780200 0.07302307
v 0.83700490 1.60905800 0.03220737
v 0.86494220 1.60509100 0.03270683
v 0.83490540 1.60050300 0.07055849
v 0.83700490 1.60905800 0.03220737
v 0.86325030 1.59780200 0.07302307
v 0.01636327 2.00543800 0.09559746
v 0.04661278 1.91147400 0.06108848
v 0.01331810 1.90924300 0.09755930
v 0.05279985 2.00516900 0.06322463
v 0.04661278 1.91147400 0.06108848
v 0.01636327 2.00543800 0.09559746
v 0.14082900 1.68176600 -0.09396359
v 0.16236840 1.69888600 -0.02826698
v 0.14258810 1.70601100 -0.03840732
v 0.16166700 1.68007700 -0.08295885
v 0.16236840 1.69888600 -0.02826698
v 0.14082900 1.68176600 -0.09396359
v 0.06366149 0.09205298 0.15545070
v 0.09923912 0.05196214 0.19682110
v 0.06270209 0.05299101 0.17336970
v 0.09895967 0.09435226 0.17673050
v 0.09923912 0.05196214 0.19682110
v 0.06366149 0.09205298 0.15545070
v 0.88840270 1.57474000 0.08766963
v 0.86325030 1.59780200 0.07302307
v 0.89491700 1.59266200 0.07361804
v 0.85634640 1.57436800 0.08731285
v 0.86325030 1.59780200 0.07302307
v 0.88840270 1.57474000 0.08766963
v 0.16182750 1.61338800 -0.09134037
v 0.14082900 1.68176600 -0.09396359
v 0.13701340 1.60718300 -0.10547670
v 0.16166700 1.68007700 -0.08295885
v 0.14082900 1.68176600 -0.09396359
v 0.16182750 1.61338800 -0.09134037
v -0.00448657 1.80880700 -0.07835466
v 0.01831851 1.82503500 -0.07855118
v -0.00415762 1.82937600 -0.09425808
v 0.01688482 1.80587600 -0.06851477
v 0.01831851 1.82503500 -0.07855118
v -0.00448657 1.80880700 -0.07835466
v -0.03260031 1.76230600 0.03311807
v 0.00280090 1.74012200 0.04155513
v -0.03260032 1.73564200 0.04609916
v -0.00459613 1.76426700 0.03303446
v 0.00280090 1.74012200 0.04155513
v -0.03260031 1.76230600 0.03311807
v 0.38155720 1.56262700 0.03928230
v 0.47307350 1.59058000 0.04789465
v 0.47514830 1.55547700 0.03716934
v 0.38081280 1.59831100 0.05184060
v 0.47307350 1.59058000 0.04789465
v 0.38155720 1.56262700 0.03928230
v 0.02886133 1.81231500 -0.02294764
v 0.01688482 1.80587600 -0.06851477
v 0.02477135 1.79760800 -0.02415026
v 0.01831851 1.82503500 -0.07855118
v 0.01688482 1.80587600 -0.06851477
v 0.02886133 1.81231500 -0.02294764
v 0.89647870 1.59811400 0.03338118
v 0.86187860 1.59662700 -0.00697107
v 0.89354530 1.59148600 -0.00637611
v 0.86494220 1.60509100 0.03270683
v 0.86187860 1.59662700 -0.00697107
v 0.89647870 1.59811400 0.03338118
v 0.05897252 0.10988820 0.07876566
v 0.09636134 0.12746470 0.13593120
v 0.07119549 0.11339890 0.12642360
v 0.08912055 0.11815800 0.07448576
v 0.09636134 0.12746470 0.13593120
v 0.05897252 0.10988820 0.07876566
v 0.01640699 1.76944400 0.01866277
v 0.00280090 1.74012200 0.04155513
v -0.00459613 1.76426700 0.03303446
v 0.02935181 1.74871300 0.01990180
v 0.00280090 1.74012200 0.04155513
v 0.01640699 1.76944400 0.01866277
v 0.86325030 1.59780200 0.07302307
v 0.89647870 1.59811400 0.03338118
v 0.89491700 1.59266200 0.07361804
v 0.86494220 1.60509100 0.03270683
v 0.89647870 1.59811400 0.03338118
v 0.86325030 1.59780200 0.07302307
v 0.12648590 0.01962823 -0.02845625
v 0.09078670 0.01587010 0.02158574
v 0.13416910 0.02113433 0.02143176
v 0.08997961 0.01250610 -0.02833833
v 0.09078670 0.01587010 0.02158574
v 0.12648590 0.01962823 -0.02845625
v 0.13757770 0.02426728 0.09796404
v 0.09078670 0.01587010 0.02158574
v 0.09455717 0.02093146 0.09696570
v 0.13416910 0.02113433 0.02143176
v 0.09078670 0.01587010 0.02158574
v 0.13757770 0.02426728 0.09796404
v 0.88840270 1.57474000 0.08766963
v 0.92328080 1.58705200 0.07419527
v 0.91370920 1.57166400 0.08809967
v 0.89491700 1.59266200 0.07361804
v 0.92328080 1.58705200 0.07419527
v 0.88840270 1.57474000 0.08766963
v 0.92328080 1.58705200 0.07419527
v 0.89647870 1.59811400 0.03338118
v 0.92586210 1.59165800 0.03400749
v 0.89491700 1.59266200 0.07361804
v 0.89647870 1.59811400 0.03338118
v 0.92328080 1.58705200 0.07419527
v -0.03260041 1.82945200 -0.09213738
v -0.00071348 1.86430700 -0.11056110
v -0.03260042 1.86432600 -0.11003090
v -0.00415762 1.82937600 -0.09425808
v -0.00071348 1.86430700 -0.11056110
v -0.03260041 1.82945200 -0.09213738
v 0.93303950 1.56194400 0.08875269
v 0.92328080 1.58705200 0.07419527
v 0.94619130 1.57529400 0.07497969
v 0.91370920 1.57166400 0.08809967
v 0.92328080 1.58705200 0.07419527
v 0.93303950 1.56194400 0.08875269
v -0.00071348 1.86430700 -0.11056110
v 0.01831851 1.82503500 -0.07855118
v 0.02491779 1.85945200 -0.08862857
v -0.00415762 1.82937600 -0.09425808
v 0.01831851 1.82503500 -0.07855118
v -0.00071348 1.86430700 -0.11056110
v 0.04147648 2.07465200 0.05711466
v 0.01636327 2.00543800 0.09559746
v 0.00972934 2.07559000 0.08351853
v 0.05279985 2.00516900 0.06322463
v 0.01636327 2.00543800 0.09559746
v 0.04147648 2.07465200 0.05711466
v 0.22155100 1.66587200 -0.07267828
v 0.16236840 1.69888600 -0.02826698
v 0.16166700 1.68007700 -0.08295885
v 0.22233570 1.67902600 -0.01963735
v 0.16236840 1.69888600 -0.02826698
v 0.22155100 1.66587200 -0.07267828
v 0.89647870 1.59811400 0.03338118
v 0.92190920 1.58587600 -0.00579888
v 0.92586210 1.59165800 0.03400749
v 0.89354530 1.59148600 -0.00637611
v 0.92190920 1.58587600 -0.00579888
v 0.89647870 1.59811400 0.03338118
v 0.92190920 1.58587600 -0.00579888
v 0.88657370 1.57317200 -0.01898923
v 0.91188030 1.57009700 -0.01855920
v 0.89354530 1.59148600 -0.00637611
v 0.88657370 1.57317200 -0.01898923
v 0.92190920 1.58587600 -0.00579888
v 0.22294880 1.66163900 0.03734510
v 0.16236840 1.69888600 -0.02826698
v 0.22233570 1.67902600 -0.01963735
v 0.16308630 1.68002100 0.03193878
v 0.16236840 1.69888600 -0.02826698
v 0.22294880 1.66163900 0.03734510
v 0.92190920 1.58587600 -0.00579888
v 0.93121060 1.56037600 -0.01790616
v 0.94481950 1.57411800 -0.00501447
v 0.91188030 1.57009700 -0.01855920
v 0.93121060 1.56037600 -0.01790616
v 0.92190920 1.58587600 -0.00579888
v 0.92328080 1.58705200 0.07419527
v 0.94996550 1.57922100 0.03483568
v 0.94619130 1.57529400 0.07497969
v 0.92586210 1.59165800 0.03400749
v 0.94996550 1.57922100 0.03483568
v 0.92328080 1.58705200 0.07419527
v 0.09842472 0.02701261 0.16581330
v 0.06016909 0.03424909 0.17288530
v 0.09952307 0.03343578 0.19614020
v 0.06731249 0.02826444 0.15040970
v 0.06016909 0.03424909 0.17288530
v 0.09842472 0.02701261 0.16581330
v 0.94996550 1.57922100 0.03483568
v 0.92190920 1.58587600 -0.00579888
v 0.94481950 1.57411800 -0.00501447
v 0.92586210 1.59165800 0.03400749
v 0.92190920 1.58587600 -0.00579888
v 0.94996550 1.57922100 0.03483568
v 0.93303950 1.56194400 0.08875269
v 0.96149650 1.55171300 0.07619612
v 0.94716690 1.54238100 0.08977851
v 0.94619130 1.57529400 0.07497969
v 0.96149650 1.55171300 0.07619612
v 0.93303950 1.56194400 0.08875269
v 0.96149650 1.55171300 0.07619612
v 0.94996550 1.57922100 0.03483568
v 0.96566340 1.55430100 0.03611567
v 0.94619130 1.57529400 0.07497969
v 0.94996550 1.57922100 0.03483568
v 0.96149650 1.55171300 0.07619612
v 0.95558270 1.52382300 0.07735532
v 0.96149650 1.55171300 0.07619612
v 0.96394090 1.53400500 0.06663004
v 0.94716690 1.54238100 0.08977851
v 0.96149650 1.55171300 0.07619612
v 0.95558270 1.52382300 0.07735532
v -0.00071348 1.86430700 -0.11056110
v 0.04089249 1.92718000 -0.09253021
v 0.00874179 1.92982100 -0.11749400
v 0.02491779 1.85945200 -0.08862857
v 0.04089249 1.92718000 -0.09253021
v -0.00071348 1.86430700 -0.11056110
v 0.96012470 1.55053700 -0.00379803
v 0.93121060 1.56037600 -0.01790616
v 0.94533810 1.54081300 -0.01688035
v 0.94481950 1.57411800 -0.00501447
v 0.93121060 1.56037600 -0.01790616
v 0.96012470 1.55053700 -0.00379803
v 0.13170080 1.51143000 -0.07565683
v 0.16182750 1.61338800 -0.09134037
v 0.13701340 1.60718300 -0.10547670
v 0.16035830 1.53501600 -0.06273098
v 0.16182750 1.61338800 -0.09134037
v 0.13170080 1.51143000 -0.07565683
v -0.03260031 1.76230600 0.03311807
v -0.00334244 1.78629400 0.03697586
v -0.00459613 1.76426700 0.03303446
v -0.03260031 1.78610500 0.03672552
v -0.00334244 1.78629400 0.03697586
v -0.03260031 1.76230600 0.03311807
v 0.94996550 1.57922100 0.03483568
v 0.96012470 1.55053700 -0.00379803
v 0.96566340 1.55430100 0.03611567
v 0.94481950 1.57411800 -0.00501447
v 0.96012470 1.55053700 -0.00379803
v 0.94996550 1.57922100 0.03483568
v 0.13053400 0.09157634 0.15530670
v 0.14276020 0.05470655 0.10213970
v 0.13285010 0.05248745 0.17313810
v 0.13588200 0.08388101 0.09108514
v 0.14276020 0.05470655 0.10213970
v 0.13053400 0.09157634 0.15530670
v 0.04147648 2.07465200 0.05711466
v 0.06418264 2.00504500 -0.01470541
v 0.05279985 2.00516900 0.06322463
v 0.05205880 2.07216500 -0.01288317
v 0.06418264 2.00504500 -0.01470541
v 0.04147648 2.07465200 0.05711466
v 0.15798660 1.50274800 -0.00630031
v 0.13170080 1.51143000 -0.07565683
v 0.12995750 1.48442800 -0.00727034
v 0.16035830 1.53501600 -0.06273098
v 0.13170080 1.51143000 -0.07565683
v 0.15798660 1.50274800 -0.00630031
v 0.96012470 1.55053700 -0.00379803
v 0.95421110 1.52264700 -0.00263883
v 0.96292500 1.53313400 0.00737514
v 0.94533810 1.54081300 -0.01688035
v 0.95421110 1.52264700 -0.00263883
v 0.96012470 1.55053700 -0.00379803
v 0.22294880 1.66163900 0.03734510
v 0.30058380 1.66130100 -0.01322477
v 0.30234330 1.64361600 0.03927789
v 0.22233570 1.67902600 -0.01963735
v 0.30058380 1.66130100 -0.01322477
v 0.22294880 1.66163900 0.03734510
v 0.13757770 0.02426728 0.09796404
v 0.14525650 0.03786480 0.02244588
v 0.13416910 0.02113433 0.02143176
v 0.14848540 0.03518043 0.10206070
v 0.14525650 0.03786480 0.02244588
v 0.13757770 0.02426728 0.09796404
v 0.96149650 1.55171300 0.07619612
v 0.96944010 1.52942400 0.03725502
v 0.96394090 1.53400500 0.06663004
v 0.96566340 1.55430100 0.03611567
v 0.96944010 1.52942400 0.03725502
v 0.96149650 1.55171300 0.07619612
v 0.96944010 1.52942400 0.03725502
v 0.96012470 1.55053700 -0.00379803
v 0.96292500 1.53313400 0.00737514
v 0.96566340 1.55430100 0.03611567
v 0.96012470 1.55053700 -0.00379803
v 0.96944010 1.52942400 0.03725502
v 0.16290540 1.61471600 0.05694602
v 0.22294880 1.66163900 0.03734510
v 0.22447370 1.61278200 0.05787729
v 0.16308630 1.68002100 0.03193878
v 0.22294880 1.66163900 0.03734510
v 0.16290540 1.61471600 0.05694602
v 0.95558270 1.52382300 0.07735532
v 0.96944010 1.52942400 0.03725502
v 0.95777860 1.51711400 0.03766127
v 0.96394090 1.53400500 0.06663004
v 0.96944010 1.52942400 0.03725502
v 0.95558270 1.52382300 0.07735532
v 0.95421110 1.52264700 -0.00263883
v 0.96944010 1.52942400 0.03725502
v 0.96292500 1.53313400 0.00737514
v 0.95777860 1.51711400 0.03766127
v 0.96944010 1.52942400 0.03725502
v 0.95421110 1.52264700 -0.00263883
v 0.03820207 1.75657000 -0.02688219
v 0.01640699 1.76944400 0.01866277
v 0.02340800 1.77713200 -0.02411789
v 0.02935181 1.74871300 0.01990180
v 0.01640699 1.76944400 0.01866277
v 0.03820207 1.75657000 -0.02688219
v 0.14220240 1.68485300 0.02495891
v 0.16236840 1.69888600 -0.02826698
v 0.16308630 1.68002100 0.03193878
v 0.14258810 1.70601100 -0.03840732
v 0.16236840 1.69888600 -0.02826698
v 0.14220240 1.68485300 0.02495891
v 0.16035830 1.53501600 -0.06273098
v 0.22528110 1.53813300 -0.00353718
v 0.22260310 1.55053300 -0.05488849
v 0.15798660 1.50274800 -0.00630031
v 0.22528110 1.53813300 -0.00353718
v 0.16035830 1.53501600 -0.06273098
v 0.14276020 0.05470655 0.10213970
v 0.12931500 0.07994357 0.01843891
v 0.13874110 0.05961643 0.02224323
v 0.13588200 0.08388101 0.09108514
v 0.12931500 0.07994357 0.01843891
v 0.14276020 0.05470655 0.10213970
v 0.81541130 1.59785700 0.00049961
v 0.80429940 1.57320500 -0.00265813
v 0.80784600 1.57324200 -0.00915491
v 0.79949460 1.59768100 0.00427270
v 0.80429940 1.57320500 -0.00265813
v 0.81541130 1.59785700 0.00049961
v 0.04426285 1.68291000 0.07355557
v -0.03260031 1.71656600 0.06775410
v 0.02499203 1.72387000 0.05515840
v -0.03260032 1.67538800 0.09205479
v -0.03260031 1.71656600 0.06775410
v 0.04426285 1.68291000 0.07355557
v 0.80110890 1.54842300 0.00343048
v 0.80429940 1.57320500 -0.00265813
v 0.79823460 1.54948500 0.00487669
v 0.80784600 1.57324200 -0.00915491
v 0.80429940 1.57320500 -0.00265813
v 0.80110890 1.54842300 0.00343048
v 0.16182750 1.61338800 -0.09134037
v 0.22155100 1.66587200 -0.07267828
v 0.16166700 1.68007700 -0.08295885
v 0.22328140 1.61124400 -0.08107232
v 0.22155100 1.66587200 -0.07267828
v 0.16182750 1.61338800 -0.09134037
v 0.11460670 1.69160800 -0.10717080
v 0.14258810 1.70601100 -0.03840732
v 0.12466470 1.70875100 -0.04355716
v 0.14082900 1.68176600 -0.09396359
v 0.14258810 1.70601100 -0.03840732
v 0.11460670 1.69160800 -0.10717080
v 0.82513410 1.57186200 -0.01695829
v 0.80110890 1.54842300 0.00343048
v 0.81715920 1.54453300 -0.00622098
v 0.80784600 1.57324200 -0.00915491
v 0.80110890 1.54842300 0.00343048
v 0.82513410 1.57186200 -0.01695829
v 0.80110890 1.54842300 0.00343048
v 0.79419700 1.54110400 0.03401523
v 0.80058410 1.53918800 0.03854395
v 0.79823460 1.54948500 0.00487669
v 0.79419700 1.54110400 0.03401523
v 0.80110890 1.54842300 0.00343048
v 0.14220240 1.68485300 0.02495891
v 0.12466470 1.70875100 -0.04355716
v 0.14258810 1.70601100 -0.03840732
v 0.11603010 1.69388400 0.02838302
v 0.12466470 1.70875100 -0.04355716
v 0.14220240 1.68485300 0.02495891
v 0.22260310 1.55053300 -0.05488849
v 0.16182750 1.61338800 -0.09134037
v 0.16035830 1.53501600 -0.06273098
v 0.22328140 1.61124400 -0.08107232
v 0.16182750 1.61338800 -0.09134037
v 0.22260310 1.55053300 -0.05488849
v 0.82513410 1.57186200 -0.01695829
v 0.84753900 1.54930200 -0.00939867
v 0.85451750 1.57280000 -0.01934601
v 0.81715920 1.54453300 -0.00622098
v 0.84753900 1.54930200 -0.00939867
v 0.82513410 1.57186200 -0.01695829
v 0.81523880 1.53544700 0.02303733
v 0.80110890 1.54842300 0.00343048
v 0.80058410 1.53918800 0.03854395
v 0.81715920 1.54453300 -0.00622098
v 0.80110890 1.54842300 0.00343048
v 0.81523880 1.53544700 0.02303733
v 0.84753900 1.54930200 -0.00939867
v 0.81523880 1.53544700 0.02303733
v 0.84562360 1.54182100 0.01789031
v 0.81715920 1.54453300 -0.00622098
v 0.81523880 1.53544700 0.02303733
v 0.84753900 1.54930200 -0.00939867
v 0.12466470 1.70875100 -0.04355716
v 0.06753130 1.73427500 0.01961479
v 0.07928748 1.73329800 -0.03666725
v 0.11603010 1.69388400 0.02838302
v 0.06753130 1.73427500 0.01961479
v 0.12466470 1.70875100 -0.04355716
v 0.88657370 1.57317200 -0.01898923
v 0.84753900 1.54930200 -0.00939867
v 0.87981320 1.55524900 -0.00795257
v 0.85451750 1.57280000 -0.01934601
v 0.84753900 1.54930200 -0.00939867
v 0.88657370 1.57317200 -0.01898923
v 0.80220410 1.54936200 0.06730331
v 0.79419700 1.54110400 0.03401523
v 0.78854320 1.55070200 0.05410551
v 0.80058410 1.53918800 0.03854395
v 0.79419700 1.54110400 0.03401523
v 0.80220410 1.54936200 0.06730331
v 0.04480478 1.68064400 -0.11513750
v 0.06685263 1.73872600 -0.08525048
v 0.02389996 1.73269200 -0.09843818
v 0.11460670 1.69160800 -0.10717080
v 0.06685263 1.73872600 -0.08525048
v 0.04480478 1.68064400 -0.11513750
v 0.81523880 1.53544700 0.02303733
v 0.81405250 1.52706400 0.06471530
v 0.82407340 1.52793500 0.05104126
v 0.80058410 1.53918800 0.03854395
v 0.81405250 1.52706400 0.06471530
v 0.81523880 1.53544700 0.02303733
v 0.81405250 1.52706400 0.06471530
v 0.80220410 1.54936200 0.06730331
v 0.81952460 1.53658800 0.08402608
v 0.80058410 1.53918800 0.03854395
v 0.80220410 1.54936200 0.06730331
v 0.81405250 1.52706400 0.06471530
v 0.12466470 1.70875100 -0.04355716
v 0.06685263 1.73872600 -0.08525048
v 0.11460670 1.69160800 -0.10717080
v 0.07928748 1.73329800 -0.03666725
v 0.06685263 1.73872600 -0.08525048
v 0.12466470 1.70875100 -0.04355716
v 0.22155100 1.66587200 -0.07267828
v 0.30058380 1.66130100 -0.01322477
v 0.22233570 1.67902600 -0.01963735
v 0.29986260 1.65128900 -0.06276247
v 0.30058380 1.66130100 -0.01322477
v 0.22155100 1.66587200 -0.07267828
v 0.80220410 1.54936200 0.06730331
v 0.78517600 1.57585000 0.06134629
v 0.80930640 1.57449300 0.07600890
v 0.78854320 1.55070200 0.05410551
v 0.78517600 1.57585000 0.06134629
v 0.80220410 1.54936200 0.06730331
v 0.22552380 1.56115000 0.04367028
v 0.30458990 1.60601700 0.05787574
v 0.30576500 1.56756700 0.04388438
v 0.22447370 1.61278200 0.05787729
v 0.30458990 1.60601700 0.05787574
v 0.22552380 1.56115000 0.04367028
v 0.80220410 1.54936200 0.06730331
v 0.82687070 1.57335100 0.08432680
v 0.81952460 1.53658800 0.08402608
v 0.80930640 1.57449300 0.07600890
v 0.82687070 1.57335100 0.08432680
v 0.80220410 1.54936200 0.06730331
v 0.30458990 1.60601700 0.05787574
v 0.22294880 1.66163900 0.03734510
v 0.30234330 1.64361600 0.03927789
v 0.22447370 1.61278200 0.05787729
v 0.22294880 1.66163900 0.03734510
v 0.30458990 1.60601700 0.05787574
v 0.30103660 1.60414900 -0.07243699
v 0.22155100 1.66587200 -0.07267828
v 0.22328140 1.61124400 -0.08107232
v 0.29986260 1.65128900 -0.06276247
v 0.22155100 1.66587200 -0.07267828
v 0.30103660 1.60414900 -0.07243699
v 0.85431780 1.54385100 0.08996330
v 0.82687070 1.57335100 0.08432680
v 0.85634640 1.57436800 0.08731285
v 0.81952460 1.53658800 0.08402608
v 0.82687070 1.57335100 0.08432680
v 0.85431780 1.54385100 0.08996330
v 0.81405250 1.52706400 0.06471530
v 0.84625040 1.50899900 0.09102812
v 0.83905020 1.50672100 0.07794330
v 0.81952460 1.53658800 0.08402608
v 0.84625040 1.50899900 0.09102812
v 0.81405250 1.52706400 0.06471530
v 0.84625040 1.50899900 0.09102812
v 0.85431780 1.54385100 0.08996330
v 0.86725230 1.51531700 0.09536150
v 0.81952460 1.53658800 0.08402608
v 0.85431780 1.54385100 0.08996330
v 0.84625040 1.50899900 0.09102812
v 0.09636134 0.12746470 0.13593120
v 0.13053400 0.09157634 0.15530670
v 0.09895967 0.09435226 0.17673050
v 0.11838620 0.11306350 0.12634990
v 0.13053400 0.09157634 0.15530670
v 0.09636134 0.12746470 0.13593120
v 0.85431780 1.54385100 0.08996330
v 0.88840270 1.57474000 0.08766963
v 0.88472380 1.55097300 0.08546647
v 0.85634640 1.57436800 0.08731285
v 0.88840270 1.57474000 0.08766963
v 0.85431780 1.54385100 0.08996330
v 0.22552380 1.56115000 0.04367028
v 0.15798660 1.50274800 -0.00630031
v 0.16157140 1.54078200 0.04484642
v 0.22528110 1.53813300 -0.00353718
v 0.15798660 1.50274800 -0.00630031
v 0.22552380 1.56115000 0.04367028
v 0.90291840 1.55606900 0.07626140
v 0.88840270 1.57474000 0.08766963
v 0.91370920 1.57166400 0.08809967
v 0.88472380 1.55097300 0.08546647
v 0.88840270 1.57474000 0.08766963
v 0.90291840 1.55606900 0.07626140
v 0.85431780 1.54385100 0.08996330
v 0.88810530 1.52150800 0.09101003
v 0.86725230 1.51531700 0.09536150
v 0.88472380 1.55097300 0.08546647
v 0.88810530 1.52150800 0.09101003
v 0.85431780 1.54385100 0.08996330
v 0.89027920 1.54557900 0.06494164
v 0.90291840 1.55606900 0.07626140
v 0.89668040 1.55083900 0.03922110
v 0.88472380 1.55097300 0.08546647
v 0.90291840 1.55606900 0.07626140
v 0.89027920 1.54557900 0.06494164
v 0.88810530 1.52150800 0.09101003
v 0.89027920 1.54557900 0.06494164
v 0.89485900 1.52340200 0.07804029
v 0.88472380 1.55097300 0.08546647
v 0.89027920 1.54557900 0.06494164
v 0.88810530 1.52150800 0.09101003
v 0.37677450 1.63778500 -0.05275023
v 0.30058380 1.66130100 -0.01322477
v 0.29986260 1.65128900 -0.06276247
v 0.37705770 1.64817500 -0.00955271
v 0.30058380 1.66130100 -0.01322477
v 0.37677450 1.63778500 -0.05275023
v 0.90291840 1.55606900 0.07626140
v 0.93303950 1.56194400 0.08875269
v 0.91924000 1.54824700 0.07609154
v 0.91370920 1.57166400 0.08809967
v 0.93303950 1.56194400 0.08875269
v 0.90291840 1.55606900 0.07626140
v -0.03260041 1.82945200 -0.09213738
v -0.00448657 1.80880700 -0.07835466
v -0.00415762 1.82937600 -0.09425808
v -0.03260039 1.80893900 -0.07464342
v -0.00448657 1.80880700 -0.07835466
v -0.03260041 1.82945200 -0.09213738
v 0.22552380 1.56115000 0.04367028
v 0.30468740 1.54713500 -0.00135355
v 0.22528110 1.53813300 -0.00353718
v 0.30576500 1.56756700 0.04388438
v 0.30468740 1.54713500 -0.00135355
v 0.22552380 1.56115000 0.04367028
v 0.84625040 1.50899900 0.09102812
v 0.88249000 1.49459600 0.09609813
v 0.86525950 1.49595600 0.09139366
v 0.86725230 1.51531700 0.09536150
v 0.88249000 1.49459600 0.09609813
v 0.84625040 1.50899900 0.09102812
v 0.88249000 1.49459600 0.09609813
v 0.88810530 1.52150800 0.09101003
v 0.89166550 1.50384800 0.09141412
v 0.86725230 1.51531700 0.09536150
v 0.88810530 1.52150800 0.09101003
v 0.88249000 1.49459600 0.09609813
v 0.70969790 1.57857800 0.06116574
v 0.76461040 1.60197400 0.05119231
v 0.76379820 1.57603600 0.06091747
v 0.71009320 1.60874700 0.04980482
v 0.76461040 1.60197400 0.05119231
v 0.70969790 1.57857800 0.06116574
v 0.93238010 1.53265700 0.07669622
v 0.93303950 1.56194400 0.08875269
v 0.94716690 1.54238100 0.08977851
v 0.91924000 1.54824700 0.07609154
v 0.93303950 1.56194400 0.08875269
v 0.93238010 1.53265700 0.07669622
v 0.90291840 1.55606900 0.07626140
v 0.91352270 1.54328200 0.03693287
v 0.89668040 1.55083900 0.03922110
v 0.91924000 1.54824700 0.07609154
v 0.91352270 1.54328200 0.03693287
v 0.90291840 1.55606900 0.07626140
v 0.91352270 1.54328200 0.03693287
v 0.93238010 1.53265700 0.07669622
v 0.92684130 1.52889300 0.03678247
v 0.91924000 1.54824700 0.07609154
v 0.93238010 1.53265700 0.07669622
v 0.91352270 1.54328200 0.03693287
v 0.14220240 1.68485300 0.02495891
v 0.16290540 1.61471600 0.05694602
v 0.13805320 1.60965200 0.05986354
v 0.16308630 1.68002100 0.03193878
v 0.16290540 1.61471600 0.05694602
v 0.14220240 1.68485300 0.02495891
v 0.93238010 1.53265700 0.07669622
v 0.95558270 1.52382300 0.07735532
v 0.94238670 1.52285700 0.06686998
v 0.94716690 1.54238100 0.08977851
v 0.95558270 1.52382300 0.07735532
v 0.93238010 1.53265700 0.07669622
v 0.30468740 1.54713500 -0.00135355
v 0.22260310 1.55053300 -0.05488849
v 0.22528110 1.53813300 -0.00353718
v 0.30256840 1.55575600 -0.04956263
v 0.22260310 1.55053300 -0.05488849
v 0.30468740 1.54713500 -0.00135355
v 0.89027920 1.54557900 0.06494164
v 0.87751320 1.54979200 0.02323942
v 0.87879500 1.54322400 0.05120268
v 0.89668040 1.55083900 0.03922110
v 0.87751320 1.54979200 0.02323942
v 0.89027920 1.54557900 0.06494164
v 0.90154680 1.55489400 -0.00373277
v 0.91352270 1.54328200 0.03693287
v 0.91786840 1.54707200 -0.00390261
v 0.89668040 1.55083900 0.03922110
v 0.91352270 1.54328200 0.03693287
v 0.90154680 1.55489400 -0.00373277
v 0.22260310 1.55053300 -0.05488849
v 0.30103660 1.60414900 -0.07243699
v 0.22328140 1.61124400 -0.08107232
v 0.30256840 1.55575600 -0.04956263
v 0.30103660 1.60414900 -0.07243699
v 0.22260310 1.55053300 -0.05488849
v 0.87751320 1.54979200 0.02323942
v 0.90154680 1.55489400 -0.00373277
v 0.87981320 1.55524900 -0.00795257
v 0.89668040 1.55083900 0.03922110
v 0.90154680 1.55489400 -0.00373277
v 0.87751320 1.54979200 0.02323942
v 0.04265664 1.46824400 0.09628447
v -0.03260035 1.58008500 0.11301850
v 0.04682863 1.58888800 0.09673598
v -0.03260037 1.46587000 0.10641180
v -0.03260035 1.58008500 0.11301850
v 0.04265664 1.46824400 0.09628447
v 0.05137312 0.02492425 0.09876618
v 0.06016909 0.03424909 0.17288530
v 0.06731249 0.02826444 0.15040970
v 0.03997494 0.03599660 0.10306590
v 0.06016909 0.03424909 0.17288530
v 0.05137312 0.02492425 0.09876618
v 0.94035420 1.51704600 0.03746142
v 0.95558270 1.52382300 0.07735532
v 0.95777860 1.51711400 0.03766127
v 0.94238670 1.52285700 0.06686998
v 0.95558270 1.52382300 0.07735532
v 0.94035420 1.51704600 0.03746142
v 0.30468740 1.54713500 -0.00135355
v 0.38024410 1.55530300 -0.04447770
v 0.30256840 1.55575600 -0.04956263
v 0.38153860 1.54611000 -0.00159746
v 0.38024410 1.55530300 -0.04447770
v 0.30468740 1.54713500 -0.00135355
v 0.93238010 1.53265700 0.07669622
v 0.94035420 1.51704600 0.03746142
v 0.92684130 1.52889300 0.03678247
v 0.94238670 1.52285700 0.06686998
v 0.94035420 1.51704600 0.03746142
v 0.93238010 1.53265700 0.07669622
v 0.94035420 1.51704600 0.03746142
v 0.95421110 1.52264700 -0.00263883
v 0.94137070 1.52198600 0.00761505
v 0.95777860 1.51711400 0.03766127
v 0.95421110 1.52264700 -0.00263883
v 0.94035420 1.51704600 0.03746142
v 0.91352270 1.54328200 0.03693287
v 0.93100840 1.53148100 -0.00329793
v 0.91786840 1.54707200 -0.00390261
v 0.92684130 1.52889300 0.03678247
v 0.93100840 1.53148100 -0.00329793
v 0.91352270 1.54328200 0.03693287
v 0.93100840 1.53148100 -0.00329793
v 0.94035420 1.51704600 0.03746142
v 0.94137070 1.52198600 0.00761505
v 0.92684130 1.52889300 0.03678247
v 0.94035420 1.51704600 0.03746142
v 0.93100840 1.53148100 -0.00329793
v 0.93100840 1.53148100 -0.00329793
v 0.95421110 1.52264700 -0.00263883
v 0.94533810 1.54081300 -0.01688035
v 0.94137070 1.52198600 0.00761505
v 0.95421110 1.52264700 -0.00263883
v 0.93100840 1.53148100 -0.00329793
v 0.06753130 1.73427500 0.01961479
v 0.00280090 1.74012200 0.04155513
v 0.02935181 1.74871300 0.01990180
v 0.02499203 1.72387000 0.05515840
v 0.00280090 1.74012200 0.04155513
v 0.06753130 1.73427500 0.01961479
v 0.93100840 1.53148100 -0.00329793
v 0.93121060 1.56037600 -0.01790616
v 0.91786840 1.54707200 -0.00390261
v 0.94533810 1.54081300 -0.01688035
v 0.93121060 1.56037600 -0.01790616
v 0.93100840 1.53148100 -0.00329793
v 0.90154680 1.55489400 -0.00373277
v 0.93121060 1.56037600 -0.01790616
v 0.91188030 1.57009700 -0.01855920
v 0.91786840 1.54707200 -0.00390261
v 0.93121060 1.56037600 -0.01790616
v 0.90154680 1.55489400 -0.00373277
v 0.90154680 1.55489400 -0.00373277
v 0.88657370 1.57317200 -0.01898923
v 0.87981320 1.55524900 -0.00795257
v 0.91188030 1.57009700 -0.01855920
v 0.88657370 1.57317200 -0.01898923
v 0.90154680 1.55489400 -0.00373277
v 0.30103660 1.60414900 -0.07243699
v 0.37677450 1.63778500 -0.05275023
v 0.29986260 1.65128900 -0.06276247
v 0.37760910 1.59657500 -0.06300551
v 0.37677450 1.63778500 -0.05275023
v 0.30103660 1.60414900 -0.07243699
v 0.11028620 1.60067300 0.07138673
v 0.14220240 1.68485300 0.02495891
v 0.13805320 1.60965200 0.05986354
v 0.11603010 1.69388400 0.02838302
v 0.14220240 1.68485300 0.02495891
v 0.11028620 1.60067300 0.07138673
v 0.87751320 1.54979200 0.02323942
v 0.84753900 1.54930200 -0.00939867
v 0.84562360 1.54182100 0.01789031
v 0.87981320 1.55524900 -0.00795257
v 0.84753900 1.54930200 -0.00939867
v 0.87751320 1.54979200 0.02323942
v 0.38024410 1.55530300 -0.04447770
v 0.30103660 1.60414900 -0.07243699
v 0.30256840 1.55575600 -0.04956263
v 0.37760910 1.59657500 -0.06300551
v 0.30103660 1.60414900 -0.07243699
v 0.38024410 1.55530300 -0.04447770
v 0.87751320 1.54979200 0.02323942
v 0.85119040 1.53533200 0.04655310
v 0.87879500 1.54322400 0.05120268
v 0.84562360 1.54182100 0.01789031
v 0.85119040 1.53533200 0.04655310
v 0.87751320 1.54979200 0.02323942
v 0.47622250 1.54227700 0.00102982
v 0.60068080 1.55013300 0.04431061
v 0.60472420 1.53832600 0.01154121
v 0.47514830 1.55547700 0.03716934
v 0.60068080 1.55013300 0.04431061
v 0.47622250 1.54227700 0.00102982
v 0.85119040 1.53533200 0.04655310
v 0.81523880 1.53544700 0.02303733
v 0.82407340 1.52793500 0.05104126
v 0.84562360 1.54182100 0.01789031
v 0.81523880 1.53544700 0.02303733
v 0.85119040 1.53533200 0.04655310
v -0.00334244 1.78629400 0.03697586
v 0.01640699 1.76944400 0.01866277
v -0.00459613 1.76426700 0.03303446
v 0.01824990 1.78920600 0.02194064
v 0.01640699 1.76944400 0.01866277
v -0.00334244 1.78629400 0.03697586
v 0.88766030 1.52112700 0.06504633
v 0.85119040 1.53533200 0.04655310
v 0.86665670 1.51480700 0.06062210
v 0.87879500 1.54322400 0.05120268
v 0.85119040 1.53533200 0.04655310
v 0.88766030 1.52112700 0.06504633
v 0.13053400 0.09157634 0.15530670
v 0.12046420 0.10944970 0.07862464
v 0.13588200 0.08388101 0.09108514
v 0.11838620 0.11306350 0.12634990
v 0.12046420 0.10944970 0.07862464
v 0.13053400 0.09157634 0.15530670
v 0.89027920 1.54557900 0.06494164
v 0.88766030 1.52112700 0.06504633
v 0.89485900 1.52340200 0.07804029
v 0.87879500 1.54322400 0.05120268
v 0.88766030 1.52112700 0.06504633
v 0.89027920 1.54557900 0.06494164
v 0.01640699 1.76944400 0.01866277
v 0.02477135 1.79760800 -0.02415026
v 0.02340800 1.77713200 -0.02411789
v 0.01824990 1.78920600 0.02194064
v 0.02477135 1.79760800 -0.02415026
v 0.01640699 1.76944400 0.01866277
v 0.85119040 1.53533200 0.04655310
v 0.84580220 1.50861400 0.06488279
v 0.86665670 1.51480700 0.06062210
v 0.82407340 1.52793500 0.05104126
v 0.84580220 1.50861400 0.06488279
v 0.85119040 1.53533200 0.04655310
v 0.05897252 0.10988820 0.07876566
v 0.06366149 0.09205298 0.15545070
v 0.04714178 0.08452233 0.09156147
v 0.07119549 0.11339890 0.12642360
v 0.06366149 0.09205298 0.15545070
v 0.05897252 0.10988820 0.07876566
v 0.84580220 1.50861400 0.06488279
v 0.81405250 1.52706400 0.06471530
v 0.83905020 1.50672100 0.07794330
v 0.82407340 1.52793500 0.05104126
v 0.81405250 1.52706400 0.06471530
v 0.84580220 1.50861400 0.06488279
v 0.88766030 1.52112700 0.06504633
v 0.88204320 1.49421300 0.07004359
v 0.89133530 1.50356500 0.07215487
v 0.86665670 1.51480700 0.06062210
v 0.88204320 1.49421300 0.07004359
v 0.88766030 1.52112700 0.06504633
v 0.06016909 0.03424909 0.17288530
v 0.04401400 0.05543411 0.10296450
v 0.06270209 0.05299101 0.17336970
v 0.03997494 0.03599660 0.10306590
v 0.04401400 0.05543411 0.10296450
v 0.06016909 0.03424909 0.17288530
v 0.02403874 1.79982900 0.03575492
v 0.02477135 1.79760800 -0.02415026
v 0.01824990 1.78920600 0.02194064
v 0.02886133 1.81231500 -0.02294764
v 0.02477135 1.79760800 -0.02415026
v 0.02403874 1.79982900 0.03575492
v 0.88204320 1.49421300 0.07004359
v 0.84580220 1.50861400 0.06488279
v 0.86492760 1.49567100 0.07205359
v 0.86665670 1.51480700 0.06062210
v 0.84580220 1.50861400 0.06488279
v 0.88204320 1.49421300 0.07004359
v 0.89802220 1.49911400 0.08311506
v 0.88766030 1.52112700 0.06504633
v 0.89133530 1.50356500 0.07215487
v 0.89485900 1.52340200 0.07804029
v 0.88766030 1.52112700 0.06504633
v 0.89802220 1.49911400 0.08311506
v 0.03803769 1.84496300 -0.02071034
v 0.02403874 1.79982900 0.03575492
v 0.03349812 1.83066200 0.05162550
v 0.02886133 1.81231500 -0.02294764
v 0.02403874 1.79982900 0.03575492
v 0.03803769 1.84496300 -0.02071034
v -0.03260028 1.79658600 0.06483619
v -0.00334244 1.78629400 0.03697586
v -0.03260031 1.78610500 0.03672552
v 0.00041863 1.79619200 0.06075886
v -0.00334244 1.78629400 0.03697586
v -0.03260028 1.79658600 0.06483619
v 0.22552380 1.56115000 0.04367028
v 0.16290540 1.61471600 0.05694602
v 0.22447370 1.61278200 0.05787729
v 0.16157140 1.54078200 0.04484642
v 0.16290540 1.61471600 0.05694602
v 0.22552380 1.56115000 0.04367028
v 0.88810530 1.52150800 0.09101003
v 0.89802220 1.49911400 0.08311506
v 0.89166550 1.50384800 0.09141412
v 0.89485900 1.52340200 0.07804029
v 0.89802220 1.49911400 0.08311506
v 0.88810530 1.52150800 0.09101003
v -0.00334244 1.78629400 0.03697586
v 0.02403874 1.79982900 0.03575492
v 0.01824990 1.78920600 0.02194064
v 0.00041863 1.79619200 0.06075886
v 0.02403874 1.79982900 0.03575492
v -0.00334244 1.78629400 0.03697586
v 0.37677450 1.63778500 -0.05275023
v 0.47089130 1.63728500 -0.00409532
v 0.37705770 1.64817500 -0.00955271
v 0.47187500 1.62553500 -0.04081562
v 0.47089130 1.63728500 -0.00409532
v 0.37677450 1.63778500 -0.05275023
v 0.89802220 1.49911400 0.08311506
v 0.88204320 1.49421300 0.07004359
v 0.88737090 1.48751900 0.08476386
v 0.89133530 1.50356500 0.07215487
v 0.88204320 1.49421300 0.07004359
v 0.89802220 1.49911400 0.08311506
v 0.47404030 1.58898300 -0.05096016
v 0.37677450 1.63778500 -0.05275023
v 0.37760910 1.59657500 -0.06300551
v 0.47187500 1.62553500 -0.04081562
v 0.37677450 1.63778500 -0.05275023
v 0.47404030 1.58898300 -0.05096016
v 0.13257900 1.51876100 0.05343223
v 0.16290540 1.61471600 0.05694602
v 0.16157140 1.54078200 0.04484642
v 0.13805320 1.60965200 0.05986354
v 0.16290540 1.61471600 0.05694602
v 0.13257900 1.51876100 0.05343223
v 0.06016909 0.03424909 0.17288530
v 0.09923912 0.05196214 0.19682110
v 0.09952307 0.03343578 0.19614020
v 0.06270209 0.05299101 0.17336970
v 0.09923912 0.05196214 0.19682110
v 0.06016909 0.03424909 0.17288530
v 0.88249000 1.49459600 0.09609813
v 0.89802220 1.49911400 0.08311506
v 0.88737090 1.48751900 0.08476386
v 0.89166550 1.50384800 0.09141412
v 0.89802220 1.49911400 0.08311506
v 0.88249000 1.49459600 0.09609813
v 0.59694860 1.61684500 0.04132979
v 0.47089130 1.63728500 -0.00409532
v 0.59974780 1.62727500 0.00756679
v 0.47124050 1.62528300 0.03390626
v 0.47089130 1.63728500 -0.00409532
v 0.59694860 1.61684500 0.04132979
v 0.84580220 1.50861400 0.06488279
v 0.86651130 1.48969500 0.08302664
v 0.86492760 1.49567100 0.07205359
v 0.83905020 1.50672100 0.07794330
v 0.86651130 1.48969500 0.08302664
v 0.84580220 1.50861400 0.06488279
v 0.60379120 1.61546900 -0.02520262
v 0.47089130 1.63728500 -0.00409532
v 0.47187500 1.62553500 -0.04081562
v 0.59974780 1.62727500 0.00756679
v 0.47089130 1.63728500 -0.00409532
v 0.60379120 1.61546900 -0.02520262
v -0.03260038 1.37084500 0.09115651
v 0.02298347 1.29070800 0.08515111
v -0.03260041 1.26680200 0.08681287
v 0.02230811 1.39354700 0.08633637
v 0.02298347 1.29070800 0.08515111
v -0.03260038 1.37084500 0.09115651
v 0.86651130 1.48969500 0.08302664
v 0.84625040 1.50899900 0.09102812
v 0.86525950 1.49595600 0.09139366
v 0.83905020 1.50672100 0.07794330
v 0.84625040 1.50899900 0.09102812
v 0.86651130 1.48969500 0.08302664
v 0.04265664 1.46824400 0.09628447
v -0.03260038 1.37084500 0.09115651
v -0.03260037 1.46587000 0.10641180
v 0.02230811 1.39354700 0.08633637
v -0.03260038 1.37084500 0.09115651
v 0.04265664 1.46824400 0.09628447
v 0.47622250 1.54227700 0.00102982
v 0.38024410 1.55530300 -0.04447770
v 0.38153860 1.54611000 -0.00159746
v 0.47596380 1.55282900 -0.03639100
v 0.38024410 1.55530300 -0.04447770
v 0.47622250 1.54227700 0.00102982
v 0.15798660 1.50274800 -0.00630031
v 0.13257900 1.51876100 0.05343223
v 0.16157140 1.54078200 0.04484642
v 0.12995750 1.48442800 -0.00727034
v 0.13257900 1.51876100 0.05343223
v 0.15798660 1.50274800 -0.00630031
v 0.09842472 0.02701261 0.16581330
v 0.05137312 0.02492425 0.09876618
v 0.06731249 0.02826444 0.15040970
v 0.09455717 0.02093146 0.09696570
v 0.05137312 0.02492425 0.09876618
v 0.09842472 0.02701261 0.16581330
v 0.11028620 1.60067300 0.07138673
v 0.04265664 1.46824400 0.09628447
v 0.04682863 1.58888800 0.09673598
v 0.10786400 1.47454900 0.07718895
v 0.04265664 1.46824400 0.09628447
v 0.11028620 1.60067300 0.07138673
v 0.13257900 1.51876100 0.05343223
v 0.11028620 1.60067300 0.07138673
v 0.13805320 1.60965200 0.05986354
v 0.10786400 1.47454900 0.07718895
v 0.11028620 1.60067300 0.07138673
v 0.13257900 1.51876100 0.05343223
v 0.04265664 1.46824400 0.09628447
v 0.07779539 1.38848600 0.08149739
v 0.02230811 1.39354700 0.08633637
v 0.10786400 1.47454900 0.07718895
v 0.07779539 1.38848600 0.08149739
v 0.04265664 1.46824400 0.09628447
v 0.11922330 1.44699600 -0.00749851
v 0.13257900 1.51876100 0.05343223
v 0.12995750 1.48442800 -0.00727034
v 0.10786400 1.47454900 0.07718895
v 0.13257900 1.51876100 0.05343223
v 0.11922330 1.44699600 -0.00749851
v -0.03260029 2.12995000 -0.01161638
v 0.00112409 2.11330200 -0.07388052
v -0.00174422 2.12995000 -0.01161641
v -0.03260035 2.11330200 -0.07388049
v 0.00112409 2.11330200 -0.07388052
v -0.03260029 2.12995000 -0.01161638
v 0.88204320 1.49421300 0.07004359
v 0.86651130 1.48969500 0.08302664
v 0.88737090 1.48751900 0.08476386
v 0.86492760 1.49567100 0.07205359
v 0.86651130 1.48969500 0.08302664
v 0.88204320 1.49421300 0.07004359
v 0.38024410 1.55530300 -0.04447770
v 0.47404030 1.58898300 -0.05096016
v 0.37760910 1.59657500 -0.06300551
v 0.47596380 1.55282900 -0.03639100
v 0.47404030 1.58898300 -0.05096016
v 0.38024410 1.55530300 -0.04447770
v 0.88249000 1.49459600 0.09609813
v 0.86651130 1.48969500 0.08302664
v 0.86525950 1.49595600 0.09139366
v 0.88737090 1.48751900 0.08476386
v 0.86651130 1.48969500 0.08302664
v 0.88249000 1.49459600 0.09609813
v 0.10936070 1.59653100 -0.11541120
v 0.14082900 1.68176600 -0.09396359
v 0.11460670 1.69160800 -0.10717080
v 0.13701340 1.60718300 -0.10547670
v 0.14082900 1.68176600 -0.09396359
v 0.10936070 1.59653100 -0.11541120
v -0.03260022 2.07567200 0.08582199
v 0.00112421 2.11774600 0.05116607
v 0.00972934 2.07559000 0.08351853
v -0.03260024 2.11776700 0.05174195
v 0.00112421 2.11774600 0.05116607
v -0.03260022 2.07567200 0.08582199
v 0.04194647 0.06389248 -0.02780112
v 0.03474293 0.03787538 0.02378358
v 0.04027539 0.03908254 -0.02786019
v 0.03861530 0.05912382 0.02333211
v 0.03474293 0.03787538 0.02378358
v 0.04194647 0.06389248 -0.02780112
v -0.03260043 1.38355400 -0.09104804
v 0.04202415 1.30652200 -0.10611930
v 0.04134562 1.38390500 -0.10156780
v -0.03260042 1.30487400 -0.09657098
v 0.04202415 1.30652200 -0.10611930
v -0.03260043 1.38355400 -0.09104804
v 0.47622250 1.54227700 0.00102982
v 0.60752350 1.54875700 -0.02222180
v 0.47596380 1.55282900 -0.03639100
v 0.60472420 1.53832600 0.01154121
v 0.60752350 1.54875700 -0.02222180
v 0.47622250 1.54227700 0.00102982
v 0.02298347 1.29070800 0.08515111
v -0.03260041 1.16888200 0.08556961
v -0.03260041 1.26680200 0.08681287
v 0.04402030 1.17111300 0.08539359
v -0.03260041 1.16888200 0.08556961
v 0.02298347 1.29070800 0.08515111
v -0.03260041 1.16888200 0.08556961
v 0.04569162 1.10148900 0.09464604
v -0.03260041 1.09954100 0.09479825
v 0.04402030 1.17111300 0.08539359
v 0.04569162 1.10148900 0.09464604
v -0.03260041 1.16888200 0.08556961
v 0.04426285 1.68291000 0.07355557
v -0.03260035 1.58008500 0.11301850
v -0.03260032 1.67538800 0.09205479
v 0.04682863 1.58888800 0.09673598
v -0.03260035 1.58008500 0.11301850
v 0.04426285 1.68291000 0.07355557
v 0.47404030 1.58898300 -0.05096016
v 0.60379120 1.61546900 -0.02520262
v 0.47187500 1.62553500 -0.04081562
v 0.60679790 1.58188300 -0.03480094
v 0.60379120 1.61546900 -0.02520262
v 0.47404030 1.58898300 -0.05096016
v 0.11922330 1.44699600 -0.00749851
v 0.07779539 1.38848600 0.08149739
v 0.10786400 1.47454900 0.07718895
v 0.09633590 1.39714200 -0.00740679
v 0.07779539 1.38848600 0.08149739
v 0.11922330 1.44699600 -0.00749851
v 0.05243064 0.01933585 -0.02808985
v 0.09078670 0.01587010 0.02158574
v 0.08997961 0.01250610 -0.02833833
v 0.04701081 0.02160576 0.02250422
v 0.09078670 0.01587010 0.02158574
v 0.05243064 0.01933585 -0.02808985
v 0.07779539 1.38848600 0.08149739
v 0.02298347 1.29070800 0.08515111
v 0.02230811 1.39354700 0.08633637
v 0.07895190 1.29045100 0.05242131
v 0.02298347 1.29070800 0.08515111
v 0.07779539 1.38848600 0.08149739
v 0.02298347 1.29070800 0.08515111
v 0.10144710 1.18264800 0.05482553
v 0.04402030 1.17111300 0.08539359
v 0.07895190 1.29045100 0.05242131
v 0.10144710 1.18264800 0.05482553
v 0.02298347 1.29070800 0.08515111
v 0.09760799 1.30871100 -0.00639046
v 0.07779539 1.38848600 0.08149739
v 0.09633590 1.39714200 -0.00740679
v 0.07895190 1.29045100 0.05242131
v 0.07779539 1.38848600 0.08149739
v 0.09760799 1.30871100 -0.00639046
v 0.00112409 2.11330200 -0.07388052
v 0.02713457 2.11550400 -0.01193311
v -0.00174422 2.12995000 -0.01161641
v 0.02432180 2.10256400 -0.06011046
v 0.02713457 2.11550400 -0.01193311
v 0.00112409 2.11330200 -0.07388052
v 0.00112421 2.11774600 0.05116607
v -0.03260029 2.12995000 -0.01161638
v -0.00174422 2.12995000 -0.01161641
v -0.03260024 2.11776700 0.05174195
v -0.03260029 2.12995000 -0.01161638
v 0.00112421 2.11774600 0.05116607
v -0.03260043 1.38355400 -0.09104804
v 0.04298337 1.46630000 -0.10322340
v -0.03260043 1.46642700 -0.09510993
v 0.04134562 1.38390500 -0.10156780
v 0.04298337 1.46630000 -0.10322340
v -0.03260043 1.38355400 -0.09104804
v 0.00112421 2.11774600 0.05116607
v 0.02713457 2.11550400 -0.01193311
v 0.02432190 2.10598900 0.03626350
v -0.00174422 2.12995000 -0.01161641
v 0.02713457 2.11550400 -0.01193311
v 0.00112421 2.11774600 0.05116607
v 0.04298337 1.46630000 -0.10322340
v 0.07778994 1.40427000 -0.08843270
v 0.10754100 1.46919500 -0.09608101
v 0.04134562 1.38390500 -0.10156780
v 0.07778994 1.40427000 -0.08843270
v 0.04298337 1.46630000 -0.10322340
v 0.09760799 1.30871100 -0.00639046
v 0.10144710 1.18264800 0.05482553
v 0.07895190 1.29045100 0.05242131
v 0.12065960 1.20832400 -0.00402562
v 0.10144710 1.18264800 0.05482553
v 0.09760799 1.30871100 -0.00639046
v 0.09078670 0.01587010 0.02158574
v 0.05137312 0.02492425 0.09876618
v 0.09455717 0.02093146 0.09696570
v 0.04701081 0.02160576 0.02250422
v 0.05137312 0.02492425 0.09876618
v 0.09078670 0.01587010 0.02158574
v 0.10144710 1.18264800 0.05482553
v 0.04569162 1.10148900 0.09464604
v 0.04402030 1.17111300 0.08539359
v 0.10463010 1.11299700 0.06431644
v 0.04569162 1.10148900 0.09464604
v 0.10144710 1.18264800 0.05482553
v 0.12464060 1.13959900 -0.00210099
v 0.10144710 1.18264800 0.05482553
v 0.12065960 1.20832400 -0.00402562
v 0.10463010 1.11299700 0.06431644
v 0.10144710 1.18264800 0.05482553
v 0.12464060 1.13959900 -0.00210099
v 0.60752350 1.54875700 -0.02222180
v 0.47404030 1.58898300 -0.05096016
v 0.47596380 1.55282900 -0.03639100
v 0.60679790 1.58188300 -0.03480094
v 0.47404030 1.58898300 -0.05096016
v 0.60752350 1.54875700 -0.02222180
v 0.03474293 0.03787538 0.02378358
v 0.05243064 0.01933585 -0.02808985
v 0.04027539 0.03908254 -0.02786019
v 0.04701081 0.02160576 0.02250422
v 0.05243064 0.01933585 -0.02808985
v 0.03474293 0.03787538 0.02378358
v 0.04569162 1.10148900 0.09464604
v -0.03260041 1.05454500 0.09612349
v -0.03260041 1.09954100 0.09479825
v 0.04609166 1.05564100 0.09596324
v -0.03260041 1.05454500 0.09612349
v 0.04569162 1.10148900 0.09464604
v 0.10570270 1.06285200 0.06531105
v 0.04569162 1.10148900 0.09464604
v 0.10463010 1.11299700 0.06431644
v 0.04609166 1.05564100 0.09596324
v 0.04569162 1.10148900 0.09464604
v 0.10570270 1.06285200 0.06531105
v 0.03474293 0.03787538 0.02378358
v 0.04401400 0.05543411 0.10296450
v 0.03997494 0.03599660 0.10306590
v 0.03861530 0.05912382 0.02333211
v 0.04401400 0.05543411 0.10296450
v 0.03474293 0.03787538 0.02378358
v 0.47307350 1.59058000 0.04789465
v 0.59694860 1.61684500 0.04132979
v 0.59767420 1.58371800 0.05390894
v 0.47124050 1.62528300 0.03390626
v 0.59694860 1.61684500 0.04132979
v 0.47307350 1.59058000 0.04789465
v 0.00112421 2.11774600 0.05116607
v 0.04147648 2.07465200 0.05711466
v 0.00972934 2.07559000 0.08351853
v 0.02432190 2.10598900 0.03626350
v 0.04147648 2.07465200 0.05711466
v 0.00112421 2.11774600 0.05116607
v 0.01636327 2.00543800 0.09559746
v -0.03260021 1.91162800 0.11965650
v -0.03260021 1.96650900 0.11763710
v 0.01331810 1.90924300 0.09755930
v -0.03260021 1.91162800 0.11965650
v 0.01636327 2.00543800 0.09559746
v 0.04298337 1.46630000 -0.10322340
v 0.10936070 1.59653100 -0.11541120
v 0.04689778 1.58114100 -0.11250670
v 0.10754100 1.46919500 -0.09608101
v 0.10936070 1.59653100 -0.11541120
v 0.04298337 1.46630000 -0.10322340
v 0.04648160 1.02575600 0.11598720
v -0.03260041 1.05454500 0.09612349
v 0.04609166 1.05564100 0.09596324
v -0.03260041 1.02141800 0.10121740
v -0.03260041 1.05454500 0.09612349
v 0.04648160 1.02575600 0.11598720
v 0.60379120 1.61546900 -0.02520262
v 0.71581880 1.61811000 0.01934770
v 0.59974780 1.62727500 0.00756679
v 0.72267930 1.60718600 -0.01020298
v 0.71581880 1.61811000 0.01934770
v 0.60379120 1.61546900 -0.02520262
v 0.79215820 1.60649600 0.02767359
v 0.76461040 1.60197400 0.05119231
v 0.77095320 1.60996300 0.02513681
v 0.78582380 1.59931000 0.05193364
v 0.76461040 1.60197400 0.05119231
v 0.79215820 1.60649600 0.02767359
v 0.12464060 1.13959900 -0.00210099
v 0.10570270 1.06285200 0.06531105
v 0.10463010 1.11299700 0.06431644
v 0.12598270 1.07988100 -0.00257091
v 0.10570270 1.06285200 0.06531105
v 0.12464060 1.13959900 -0.00210099
v 0.04147635 2.06971800 -0.08172928
v 0.02713457 2.11550400 -0.01193311
v 0.02432180 2.10256400 -0.06011046
v 0.05205880 2.07216500 -0.01288317
v 0.02713457 2.11550400 -0.01193311
v 0.04147635 2.06971800 -0.08172928
v 0.10570270 1.06285200 0.06531105
v 0.04648160 1.02575600 0.11598720
v 0.04609166 1.05564100 0.09596324
v 0.10636370 1.02779700 0.08539855
v 0.04648160 1.02575600 0.11598720
v 0.10570270 1.06285200 0.06531105
v 0.12694490 1.03268900 -0.00154171
v 0.10570270 1.06285200 0.06531105
v 0.12598270 1.07988100 -0.00257091
v 0.10636370 1.02779700 0.08539855
v 0.10570270 1.06285200 0.06531105
v 0.12694490 1.03268900 -0.00154171
v 0.72647940 1.57649600 -0.01884465
v 0.60379120 1.61546900 -0.02520262
v 0.60679790 1.58188300 -0.03480094
v 0.72267930 1.60718600 -0.01020298
v 0.60379120 1.61546900 -0.02520262
v 0.72647940 1.57649600 -0.01884465
v 0.09842472 0.02701261 0.16581330
v 0.13757770 0.02426728 0.09796404
v 0.09455717 0.02093146 0.09696570
v 0.12737400 0.02781854 0.15004110
v 0.13757770 0.02426728 0.09796404
v 0.09842472 0.02701261 0.16581330
v 0.04648160 1.02575600 0.11598720
v -0.01171328 1.00327700 0.09061022
v -0.03260041 1.02141800 0.10121740
v 0.04804767 1.00401400 0.12279280
v -0.01171328 1.00327700 0.09061022
v 0.04648160 1.02575600 0.11598720
v 0.10884820 1.00342500 0.09362962
v 0.04648160 1.02575600 0.11598720
v 0.10636370 1.02779700 0.08539855
v 0.04804767 1.00401400 0.12279280
v 0.04648160 1.02575600 0.11598720
v 0.10884820 1.00342500 0.09362962
v 0.13170080 1.51143000 -0.07565683
v 0.11922330 1.44699600 -0.00749851
v 0.12995750 1.48442800 -0.00727034
v 0.10754100 1.46919500 -0.09608101
v 0.11922330 1.44699600 -0.00749851
v 0.13170080 1.51143000 -0.07565683
v 0.04401400 0.05543411 0.10296450
v 0.04326020 0.07979684 0.01905805
v 0.04714178 0.08452233 0.09156147
v 0.03861530 0.05912382 0.02333211
v 0.04326020 0.07979684 0.01905805
v 0.04401400 0.05543411 0.10296450
v -0.01171328 1.00327700 0.09061022
v -0.03266957 1.01261100 -0.01340631
v -0.03260041 1.02141800 0.10121740
v -0.03201279 1.00117800 -0.00462703
v -0.03266957 1.01261100 -0.01340631
v -0.01171328 1.00327700 0.09061022
v -0.00448657 1.80880700 -0.07835466
v -0.03260039 1.78652800 -0.06837888
v -0.00459621 1.78637800 -0.07262027
v -0.03260039 1.80893900 -0.07464342
v -0.03260039 1.78652800 -0.06837888
v -0.00448657 1.80880700 -0.07835466
v 0.05256280 0.94844770 0.12118140
v -0.01171328 1.00327700 0.09061022
v 0.04804767 1.00401400 0.12279280
v -0.00673676 0.94668070 0.09333123
v -0.01171328 1.00327700 0.09061022
v 0.05256280 0.94844770 0.12118140
v -0.01171328 1.00327700 0.09061022
v -0.02594733 0.94153940 0.01145461
v -0.03201279 1.00117800 -0.00462703
v -0.00673676 0.94668070 0.09333123
v -0.02594733 0.94153940 0.01145461
v -0.01171328 1.00327700 0.09061022
v 0.77827270 1.60049400 -0.00013873
v 0.71581880 1.61811000 0.01934770
v 0.72267930 1.60718600 -0.01020298
v 0.77095320 1.60996300 0.02513681
v 0.71581880 1.61811000 0.01934770
v 0.77827270 1.60049400 -0.00013873
v 0.04147648 2.07465200 0.05711466
v 0.02713457 2.11550400 -0.01193311
v 0.05205880 2.07216500 -0.01288317
v 0.02432190 2.10598900 0.03626350
v 0.02713457 2.11550400 -0.01193311
v 0.04147648 2.07465200 0.05711466
v 0.12694490 1.03268900 -0.00154171
v 0.10884820 1.00342500 0.09362962
v 0.10636370 1.02779700 0.08539855
v 0.12973770 1.00271500 0.00502777
v 0.10884820 1.00342500 0.09362962
v 0.12694490 1.03268900 -0.00154171
v -0.03260038 2.06890200 -0.10467790
v 0.00112409 2.11330200 -0.07388052
v -0.03260035 2.11330200 -0.07388049
v 0.00972916 2.06890200 -0.10467790
v 0.00112409 2.11330200 -0.07388052
v -0.03260038 2.06890200 -0.10467790
v 0.10884820 1.00342500 0.09362962
v 0.05256280 0.94844770 0.12118140
v 0.04804767 1.00401400 0.12279280
v 0.11231070 0.94778740 0.09480838
v 0.05256280 0.94844770 0.12118140
v 0.10884820 1.00342500 0.09362962
v 0.13277280 0.94338970 0.01427847
v 0.10884820 1.00342500 0.09362962
v 0.12973770 1.00271500 0.00502777
v 0.11231070 0.94778740 0.09480838
v 0.10884820 1.00342500 0.09362962
v 0.13277280 0.94338970 0.01427847
v -0.03260043 1.57490300 -0.10783170
v 0.04298337 1.46630000 -0.10322340
v 0.04689778 1.58114100 -0.11250670
v -0.03260043 1.46642700 -0.09510993
v 0.04298337 1.46630000 -0.10322340
v -0.03260043 1.57490300 -0.10783170
v 0.00112409 2.11330200 -0.07388052
v 0.04147635 2.06971800 -0.08172928
v 0.02432180 2.10256400 -0.06011046
v 0.00972916 2.06890200 -0.10467790
v 0.04147635 2.06971800 -0.08172928
v 0.00112409 2.11330200 -0.07388052
v 0.05256280 0.94844770 0.12118140
v 0.00848812 0.81571960 0.09172428
v -0.00673676 0.94668070 0.09333123
v 0.06224009 0.81776280 0.11491850
v 0.00848812 0.81571960 0.09172428
v 0.05256280 0.94844770 0.12118140
v 0.11624020 0.81538520 0.09218053
v 0.05256280 0.94844770 0.12118140
v 0.11231070 0.94778740 0.09480838
v 0.06224009 0.81776280 0.11491850
v 0.05256280 0.94844770 0.12118140
v 0.11624020 0.81538520 0.09218053
v 0.77827270 1.60049400 -0.00013873
v 0.79215820 1.60649600 0.02767359
v 0.77095320 1.60996300 0.02513681
v 0.79949460 1.59768100 0.00427270
v 0.79215820 1.60649600 0.02767359
v 0.77827270 1.60049400 -0.00013873
v 0.09923912 0.05196214 0.19682110
v 0.13053400 0.09157634 0.15530670
v 0.13285010 0.05248745 0.17313810
v 0.09895967 0.09435226 0.17673050
v 0.13053400 0.09157634 0.15530670
v 0.09923912 0.05196214 0.19682110
v 0.00848812 0.81571960 0.09172428
v -0.02594733 0.94153940 0.01145461
v -0.00673676 0.94668070 0.09333123
v -0.00910860 0.80881120 0.02280197
v -0.02594733 0.94153940 0.01145461
v 0.00848812 0.81571960 0.09172428
v 0.59694860 1.61684500 0.04132979
v 0.71581880 1.61811000 0.01934770
v 0.71009320 1.60874700 0.04980482
v 0.59974780 1.62727500 0.00756679
v 0.71581880 1.61811000 0.01934770
v 0.59694860 1.61684500 0.04132979
v 0.00848812 0.81571960 0.09172428
v 0.00759743 0.67968530 0.03087024
v -0.00910860 0.80881120 0.02280197
v 0.02369487 0.68782680 0.08945081
v 0.00759743 0.67968530 0.03087024
v 0.00848812 0.81571960 0.09172428
v -0.03260043 1.57490300 -0.10783170
v 0.04480478 1.68064400 -0.11513750
v -0.03260042 1.67254100 -0.11320840
v 0.04689778 1.58114100 -0.11250670
v 0.04480478 1.68064400 -0.11513750
v -0.03260043 1.57490300 -0.10783170
v 0.07118997 0.69019860 0.10899400
v 0.00848812 0.81571960 0.09172428
v 0.06224009 0.81776280 0.11491850
v 0.02369487 0.68782680 0.08945081
v 0.00848812 0.81571960 0.09172428
v 0.07118997 0.69019860 0.10899400
v 0.72035860 1.53696500 0.02297340
v 0.60752350 1.54875700 -0.02222180
v 0.60472420 1.53832600 0.01154121
v 0.72608420 1.54632700 -0.00748371
v 0.60752350 1.54875700 -0.02222180
v 0.72035860 1.53696500 0.02297340
v 0.13277280 0.94338970 0.01427847
v 0.11624020 0.81538520 0.09218053
v 0.11231070 0.94778740 0.09480838
v 0.13446010 0.80885610 0.02335850
v 0.11624020 0.81538520 0.09218053
v 0.13277280 0.94338970 0.01427847
v 0.01521904 2.00499400 -0.11541400
v -0.03260038 2.06890200 -0.10467790
v -0.03260040 2.00499400 -0.11541390
v 0.00972916 2.06890200 -0.10467790
v -0.03260038 2.06890200 -0.10467790
v 0.01521904 2.00499400 -0.11541400
v 0.11624020 0.81538520 0.09218053
v 0.07118997 0.69019860 0.10899400
v 0.06224009 0.81776280 0.11491850
v 0.11871430 0.68757860 0.08948076
v 0.07118997 0.69019860 0.10899400
v 0.11624020 0.81538520 0.09218053
v 0.13487870 0.67950560 0.03090199
v 0.11624020 0.81538520 0.09218053
v 0.13446010 0.80885610 0.02335850
v 0.11871430 0.68757860 0.08948076
v 0.11624020 0.81538520 0.09218053
v 0.13487870 0.67950560 0.03090199
v 0.60752350 1.54875700 -0.02222180
v 0.72647940 1.57649600 -0.01884465
v 0.60679790 1.58188300 -0.03480094
v 0.72608420 1.54632700 -0.00748371
v 0.72647940 1.57649600 -0.01884465
v 0.60752350 1.54875700 -0.02222180
v 0.05137312 0.02492425 0.09876618
v 0.03474293 0.03787538 0.02378358
v 0.03997494 0.03599660 0.10306590
v 0.04701081 0.02160576 0.02250422
v 0.03474293 0.03787538 0.02378358
v 0.05137312 0.02492425 0.09876618
v 0.07118997 0.69019860 0.10899400
v 0.02922896 0.63830300 0.08986357
v 0.02369487 0.68782680 0.08945081
v 0.07376781 0.64150640 0.10833330
v 0.02922896 0.63830300 0.08986357
v 0.07118997 0.69019860 0.10899400
v 0.06366149 0.09205298 0.15545070
v 0.09636134 0.12746470 0.13593120
v 0.09895967 0.09435226 0.17673050
v 0.07119549 0.11339890 0.12642360
v 0.09636134 0.12746470 0.13593120
v 0.06366149 0.09205298 0.15545070
v 0.11831280 0.63791010 0.08985391
v 0.07118997 0.69019860 0.10899400
v 0.11871430 0.68757860 0.08948076
v 0.07376781 0.64150640 0.10833330
v 0.07118997 0.69019860 0.10899400
v 0.11831280 0.63791010 0.08985391
v 0.04401400 0.05543411 0.10296450
v 0.06366149 0.09205298 0.15545070
v 0.06270209 0.05299101 0.17336970
v 0.04714178 0.08452233 0.09156147
v 0.06366149 0.09205298 0.15545070
v 0.04401400 0.05543411 0.10296450
v 0.12931500 0.07994357 0.01843891
v 0.13056460 0.06821375 -0.02813440
v 0.13874110 0.05961643 0.02224323
v 0.12514480 0.08844113 -0.02825914
v 0.13056460 0.06821375 -0.02813440
v 0.12931500 0.07994357 0.01843891
v -0.03260022 2.07567200 0.08582199
v 0.01636327 2.00543800 0.09559746
v -0.03260021 1.96650900 0.11763710
v 0.00972934 2.07559000 0.08351853
v 0.01636327 2.00543800 0.09559746
v -0.03260022 2.07567200 0.08582199
v 0.12046420 0.10944970 0.07862464
v 0.12931500 0.07994357 0.01843891
v 0.13588200 0.08388101 0.09108514
v 0.11309790 0.12479610 0.01572865
v 0.12931500 0.07994357 0.01843891
v 0.12046420 0.10944970 0.07862464
v 0.08159312 0.14731510 0.03077443
v 0.12046420 0.10944970 0.07862464
v 0.08912055 0.11815800 0.07448576
v 0.11309790 0.12479610 0.01572865
v 0.12046420 0.10944970 0.07862464
v 0.08159312 0.14731510 0.03077443
v 0.12931500 0.07994357 0.01843891
v 0.12218610 0.14960240 -0.02353055
v 0.12514480 0.08844113 -0.02825914
v 0.11309790 0.12479610 0.01572865
v 0.12218610 0.14960240 -0.02353055
v 0.12931500 0.07994357 0.01843891
v 0.72035860 1.53696500 0.02297340
v 0.78120260 1.54812400 0.00220125
v 0.72608420 1.54632700 -0.00748371
v 0.77485970 1.54013600 0.02825677
v 0.78120260 1.54812400 0.00220125
v 0.72035860 1.53696500 0.02297340
v 0.04480478 1.68064400 -0.11513750
v 0.10936070 1.59653100 -0.11541120
v 0.11460670 1.69160800 -0.10717080
v 0.04689778 1.58114100 -0.11250670
v 0.10936070 1.59653100 -0.11541120
v 0.04480478 1.68064400 -0.11513750
v 0.13487870 0.67950560 0.03090199
v 0.11831280 0.63791010 0.08985391
v 0.11871430 0.68757860 0.08948076
v 0.13444970 0.62699380 0.03443246
v 0.11831280 0.63791010 0.08985391
v 0.13487870 0.67950560 0.03090199
v 0.04147635 2.06971800 -0.08172928
v 0.06418264 2.00504500 -0.01470541
v 0.05205880 2.07216500 -0.01288317
v 0.05136967 2.00500700 -0.09023688
v 0.06418264 2.00504500 -0.01470541
v 0.04147635 2.06971800 -0.08172928
v 0.11831280 0.63791010 0.08985391
v 0.07376479 0.62216920 0.10680370
v 0.07376781 0.64150640 0.10833330
v 0.11641010 0.61781550 0.08823918
v 0.07376479 0.62216920 0.10680370
v 0.11831280 0.63791010 0.08985391
v 0.11028620 1.60067300 0.07138673
v 0.04426285 1.68291000 0.07355557
v 0.11603010 1.69388400 0.02838302
v 0.04682863 1.58888800 0.09673598
v 0.04426285 1.68291000 0.07355557
v 0.11028620 1.60067300 0.07138673
v 0.13326290 0.60470350 0.03266444
v 0.11831280 0.63791010 0.08985391
v 0.13444970 0.62699380 0.03443246
v 0.11641010 0.61781550 0.08823918
v 0.11831280 0.63791010 0.08985391
v 0.13326290 0.60470350 0.03266444
v 0.01521904 2.00499400 -0.11541400
v 0.04147635 2.06971800 -0.08172928
v 0.00972916 2.06890200 -0.10467790
v 0.05136967 2.00500700 -0.09023688
v 0.04147635 2.06971800 -0.08172928
v 0.01521904 2.00499400 -0.11541400
v 0.10925580 0.29644610 0.03016941
v 0.12218610 0.14960240 -0.02353055
v 0.11309790 0.12479610 0.01572865
v 0.12462140 0.29888060 -0.00881079
v 0.12218610 0.14960240 -0.02353055
v 0.10925580 0.29644610 0.03016941
v 0.13326290 0.60470350 0.03266444
v 0.11431520 0.57012780 0.07902274
v 0.11641010 0.61781550 0.08823918
v 0.13160710 0.55572810 0.02363572
v 0.11431520 0.57012780 0.07902274
v 0.13326290 0.60470350 0.03266444
v 0.76754020 1.54960500 0.05353229
v 0.78517600 1.57585000 0.06134629
v 0.78854320 1.55070200 0.05410551
v 0.76379820 1.57603600 0.06091747
v 0.78517600 1.57585000 0.06134629
v 0.76754020 1.54960500 0.05353229
v 0.06418264 2.00504500 -0.01470541
v 0.04089249 1.92718000 -0.09253021
v 0.05466021 1.91925900 -0.01763871
v 0.05136967 2.00500700 -0.09023688
v 0.04089249 1.92718000 -0.09253021
v 0.06418264 2.00504500 -0.01470541
v 0.10925580 0.29644610 0.03016941
v 0.12892180 0.46029430 0.00919913
v 0.12462140 0.29888060 -0.00881079
v 0.11203640 0.46721930 0.06000736
v 0.12892180 0.46029430 0.00919913
v 0.10925580 0.29644610 0.03016941
v 0.12892180 0.46029430 0.00919913
v 0.11431520 0.57012780 0.07902274
v 0.13160710 0.55572810 0.02363572
v 0.11203640 0.46721930 0.06000736
v 0.11431520 0.57012780 0.07902274
v 0.12892180 0.46029430 0.00919913
v 0.79419700 1.54110400 0.03401523
v 0.78120260 1.54812400 0.00220125
v 0.77485970 1.54013600 0.02825677
v 0.79823460 1.54948500 0.00487669
v 0.78120260 1.54812400 0.00220125
v 0.79419700 1.54110400 0.03401523
v 0.06753130 1.73427500 0.01961479
v 0.04426285 1.68291000 0.07355557
v 0.02499203 1.72387000 0.05515840
v 0.11603010 1.69388400 0.02838302
v 0.04426285 1.68291000 0.07355557
v 0.06753130 1.73427500 0.01961479
v 0.08159312 0.14731510 0.03077443
v 0.10925580 0.29644610 0.03016941
v 0.11309790 0.12479610 0.01572865
v 0.07813040 0.29602140 0.04319404
v 0.10925580 0.29644610 0.03016941
v 0.08159312 0.14731510 0.03077443
v 0.10925580 0.29644610 0.03016941
v 0.07659850 0.46993120 0.07697740
v 0.11203640 0.46721930 0.06000736
v 0.07813040 0.29602140 0.04319404
v 0.07659850 0.46993120 0.07697740
v 0.10925580 0.29644610 0.03016941
v 0.77827270 1.60049400 -0.00013873
v 0.80429940 1.57320500 -0.00265813
v 0.79949460 1.59768100 0.00427270
v 0.78201470 1.57406200 -0.00752391
v 0.80429940 1.57320500 -0.00265813
v 0.77827270 1.60049400 -0.00013873
v 0.72647940 1.57649600 -0.01884465
v 0.77827270 1.60049400 -0.00013873
v 0.72267930 1.60718600 -0.01020298
v 0.78201470 1.57406200 -0.00752391
v 0.77827270 1.60049400 -0.00013873
v 0.72647940 1.57649600 -0.01884465
v 0.04194647 0.06389248 -0.02780112
v 0.04326020 0.07979684 0.01905805
v 0.03861530 0.05912382 0.02333211
v 0.04587632 0.08591153 -0.02806436
v 0.04326020 0.07979684 0.01905805
v 0.04194647 0.06389248 -0.02780112
v -0.03260041 1.72834900 -0.09609257
v 0.04480478 1.68064400 -0.11513750
v 0.02389996 1.73269200 -0.09843818
v -0.03260042 1.67254100 -0.11320840
v 0.04480478 1.68064400 -0.11513750
v -0.03260041 1.72834900 -0.09609257
v 0.05897252 0.10988820 0.07876566
v 0.08159312 0.14731510 0.03077443
v 0.08912055 0.11815800 0.07448576
v 0.05091437 0.12516580 0.01585464
v 0.08159312 0.14731510 0.03077443
v 0.05897252 0.10988820 0.07876566
v 0.04326020 0.07979684 0.01905805
v 0.05897252 0.10988820 0.07876566
v 0.04714178 0.08452233 0.09156147
v 0.05091437 0.12516580 0.01585464
v 0.05897252 0.10988820 0.07876566
v 0.04326020 0.07979684 0.01905805
v 0.08159312 0.14731510 0.03077443
v 0.04699228 0.29733790 0.03023552
v 0.07813040 0.29602140 0.04319404
v 0.05091437 0.12516580 0.01585464
v 0.04699228 0.29733790 0.03023552
v 0.08159312 0.14731510 0.03077443
v 0.04483599 0.14969340 -0.02345031
v 0.04326020 0.07979684 0.01905805
v 0.04587632 0.08591153 -0.02806436
v 0.05091437 0.12516580 0.01585464
v 0.04326020 0.07979684 0.01905805
v 0.04483599 0.14969340 -0.02345031
v 0.00615086 1.82637200 0.08681086
v 0.02403874 1.79982900 0.03575492
v 0.00041863 1.79619200 0.06075886
v 0.03349812 1.83066200 0.05162550
v 0.02403874 1.79982900 0.03575492
v 0.00615086 1.82637200 0.08681086
v 0.11431520 0.57012780 0.07902274
v 0.07376479 0.62216920 0.10680370
v 0.11641010 0.61781550 0.08823918
v 0.07487088 0.57433240 0.09744258
v 0.07376479 0.62216920 0.10680370
v 0.11431520 0.57012780 0.07902274
v 0.07659850 0.46993120 0.07697740
v 0.11431520 0.57012780 0.07902274
v 0.11203640 0.46721930 0.06000736
v 0.07487088 0.57433240 0.09744258
v 0.11431520 0.57012780 0.07902274
v 0.07659850 0.46993120 0.07697740
v 0.80429940 1.57320500 -0.00265813
v 0.78120260 1.54812400 0.00220125
v 0.79823460 1.54948500 0.00487669
v 0.78201470 1.57406200 -0.00752391
v 0.78120260 1.54812400 0.00220125
v 0.80429940 1.57320500 -0.00265813
v 0.78120260 1.54812400 0.00220125
v 0.72647940 1.57649600 -0.01884465
v 0.72608420 1.54632700 -0.00748371
v 0.78201470 1.57406200 -0.00752391
v 0.72647940 1.57649600 -0.01884465
v 0.78120260 1.54812400 0.00220125
v 0.02922896 0.63830300 0.08986357
v 0.00759743 0.67968530 0.03087024
v 0.02369487 0.68782680 0.08945081
v 0.01314198 0.62728530 0.03445440
v 0.00759743 0.67968530 0.03087024
v 0.02922896 0.63830300 0.08986357
v 0.76461040 1.60197400 0.05119231
v 0.71581880 1.61811000 0.01934770
v 0.77095320 1.60996300 0.02513681
v 0.71009320 1.60874700 0.04980482
v 0.71581880 1.61811000 0.01934770
v 0.76461040 1.60197400 0.05119231
v 0.07376479 0.62216920 0.10680370
v 0.02922896 0.63830300 0.08986357
v 0.07376781 0.64150640 0.10833330
v 0.03078389 0.61804750 0.08825558
v 0.02922896 0.63830300 0.08986357
v 0.07376479 0.62216920 0.10680370
v 0.03404377 0.56963570 0.07895800
v 0.07376479 0.62216920 0.10680370
v 0.07487088 0.57433240 0.09744258
v 0.03078389 0.61804750 0.08825558
v 0.07376479 0.62216920 0.10680370
v 0.03404377 0.56963570 0.07895800
v 0.02922896 0.63830300 0.08986357
v 0.01294554 0.60478180 0.03267011
v 0.01314198 0.62728530 0.03445440
v 0.03078389 0.61804750 0.08825558
v 0.01294554 0.60478180 0.03267011
v 0.02922896 0.63830300 0.08986357
v 0.60068080 1.55013300 0.04431061
v 0.47307350 1.59058000 0.04789465
v 0.59767420 1.58371800 0.05390894
v 0.47514830 1.55547700 0.03716934
v 0.47307350 1.59058000 0.04789465
v 0.60068080 1.55013300 0.04431061
v 0.04483599 0.14969340 -0.02345031
v 0.04699228 0.29733790 0.03023552
v 0.05091437 0.12516580 0.01585464
v 0.03159060 0.30005360 -0.00873911
v 0.04699228 0.29733790 0.03023552
v 0.04483599 0.14969340 -0.02345031
v 0.14525650 0.03786480 0.02244588
v 0.14276020 0.05470655 0.10213970
v 0.13874110 0.05961643 0.02224323
v 0.14848540 0.03518043 0.10206070
v 0.14276020 0.05470655 0.10213970
v 0.14525650 0.03786480 0.02244588
v 0.04699228 0.29733790 0.03023552
v 0.07659850 0.46993120 0.07697740
v 0.07813040 0.29602140 0.04319404
v 0.03938413 0.46803760 0.06007314
v 0.07659850 0.46993120 0.07697740
v 0.04699228 0.29733790 0.03023552
v 0.07659850 0.46993120 0.07697740
v 0.03404377 0.56963570 0.07895800
v 0.07487088 0.57433240 0.09744258
v 0.03938413 0.46803760 0.06007314
v 0.03404377 0.56963570 0.07895800
v 0.07659850 0.46993120 0.07697740
v 0.01716871 0.46120720 0.00926584
v 0.04699228 0.29733790 0.03023552
v 0.03159060 0.30005360 -0.00873911
v 0.03938413 0.46803760 0.06007314
v 0.04699228 0.29733790 0.03023552
v 0.01716871 0.46120720 0.00926584
v 0.37863310 1.63325500 0.03564466
v 0.47089130 1.63728500 -0.00409532
v 0.47124050 1.62528300 0.03390626
v 0.37705770 1.64817500 -0.00955271
v 0.47089130 1.63728500 -0.00409532
v 0.37863310 1.63325500 0.03564466
v 0.03404377 0.56963570 0.07895800
v 0.01294554 0.60478180 0.03267011
v 0.03078389 0.61804750 0.08825558
v 0.01261770 0.55638780 0.02368778
v 0.01294554 0.60478180 0.03267011
v 0.03404377 0.56963570 0.07895800
v 0.01716871 0.46120720 0.00926584
v 0.03404377 0.56963570 0.07895800
v 0.03938413 0.46803760 0.06007314
v 0.01261770 0.55638780 0.02368778
v 0.03404377 0.56963570 0.07895800
v 0.01716871 0.46120720 0.00926584
v -0.03260031 1.71656600 0.06775410
v 0.00280090 1.74012200 0.04155513
v 0.02499203 1.72387000 0.05515840
v -0.03260032 1.73564200 0.04609916
v 0.00280090 1.74012200 0.04155513
v -0.03260031 1.71656600 0.06775410
v 0.01716871 0.46120720 0.00926584
v 0.02095500 0.54227230 -0.03158844
v 0.01261770 0.55638780 0.02368778
v 0.02289408 0.45403930 -0.04156182
v 0.02095500 0.54227230 -0.03158844
v 0.01716871 0.46120720 0.00926584
v -0.12371660 0.08766784 -0.05559236
v -0.10617360 0.05579386 -0.02882266
v -0.11020070 0.07813370 -0.02911822
v -0.12112450 0.06106740 -0.05712721
v -0.10617360 0.05579386 -0.02882266
v -0.12371660 0.08766784 -0.05559236
v -0.18005000 0.09121647 -0.05538175
v -0.15022080 0.06602672 -0.06624601
v -0.15225400 0.09278128 -0.06424308
v -0.17997150 0.06697010 -0.05673956
v -0.15022080 0.06602672 -0.06624601
v -0.18005000 0.09121647 -0.05538175
v -0.12371660 0.08766784 -0.05559236
v -0.10914860 0.14283580 -0.02445110
v -0.12085710 0.15291190 -0.05312007
v -0.11020070 0.07813370 -0.02911822
v -0.10914860 0.14283580 -0.02445110
v -0.12371660 0.08766784 -0.05559236
v -0.15022080 0.06602672 -0.06624601
v -0.12371660 0.08766784 -0.05559236
v -0.15225400 0.09278128 -0.06424308
v -0.12112450 0.06106740 -0.05712721
v -0.12371660 0.08766784 -0.05559236
v -0.15022080 0.06602672 -0.06624601
v -0.15199640 0.15639570 -0.06264360
v -0.12371660 0.08766784 -0.05559236
v -0.12085710 0.15291190 -0.05312007
v -0.15225400 0.09278128 -0.06424308
v -0.12371660 0.08766784 -0.05559236
v -0.15199640 0.15639570 -0.06264360
v -0.10340280 1.75657000 -0.02688209
v -0.08160769 1.78391600 -0.06473599
v -0.08860870 1.77713300 -0.02411782
v -0.09455251 1.76156000 -0.06951923
v -0.08160769 1.78391600 -0.06473599
v -0.10340280 1.75657000 -0.02688209
v -0.19688580 0.06019610 -0.02916835
v -0.18005000 0.09121647 -0.05538175
v -0.19134200 0.08071619 -0.02931975
v -0.17997150 0.06697010 -0.05673956
v -0.18005000 0.09121647 -0.05538175
v -0.19688580 0.06019610 -0.02916835
v -0.93280120 1.53850200 0.05475456
v -0.96307700 1.52915800 0.03913031
v -0.95701090 1.53948300 0.05570048
v -0.94065750 1.52829300 0.03390868
v -0.96307700 1.52915800 0.03913031
v -0.93280120 1.53850200 0.05475456
v -0.18005000 0.09121647 -0.05538175
v -0.15199640 0.15639570 -0.06264360
v -0.18150610 0.15308050 -0.05309111
v -0.15225400 0.09278128 -0.06424308
v -0.15199640 0.15639570 -0.06264360
v -0.18005000 0.09121647 -0.05538175
v -0.18832580 0.14275920 -0.02453201
v -0.18005000 0.09121647 -0.05538175
v -0.18150610 0.15308050 -0.05309111
v -0.19134200 0.08071619 -0.02931975
v -0.18005000 0.09121647 -0.05538175
v -0.18832580 0.14275920 -0.02453201
v -0.19688580 0.06019610 -0.02916835
v -0.18283890 0.03597013 -0.05741609
v -0.17997150 0.06697010 -0.05673956
v -0.20194570 0.03333605 -0.02930211
v -0.18283890 0.03597013 -0.05741609
v -0.19688580 0.06019610 -0.02916835
v -0.18283890 0.03597013 -0.05741609
v -0.15022080 0.06602672 -0.06624601
v -0.17997150 0.06697010 -0.05673956
v -0.15213400 0.03473084 -0.06715798
v -0.15022080 0.06602672 -0.06624601
v -0.18283890 0.03597013 -0.05741609
v -0.15199640 0.15639570 -0.06264360
v -0.10366260 0.29790040 -0.04956507
v -0.14321080 0.29827100 -0.06294204
v -0.12085710 0.15291190 -0.05312007
v -0.10366260 0.29790040 -0.04956507
v -0.15199640 0.15639570 -0.06264360
v -0.74030190 1.54057400 0.04334426
v -0.87774220 1.52539700 0.02829721
v -0.87051320 1.53716200 0.05270723
v -0.74420980 1.52788700 0.01619516
v -0.87774220 1.52539700 0.02829721
v -0.74030190 1.54057400 0.04334426
v -0.18277140 0.29693340 -0.04961613
v -0.15199640 0.15639570 -0.06264360
v -0.14321080 0.29827100 -0.06294204
v -0.18150610 0.15308050 -0.05309111
v -0.15199640 0.15639570 -0.06264360
v -0.18277140 0.29693340 -0.04961613
v -0.19270110 0.01090484 -0.02944347
v -0.18283890 0.03597013 -0.05741609
v -0.20194570 0.03333605 -0.02930211
v -0.17913940 0.01738791 -0.05035389
v -0.18283890 0.03597013 -0.05741609
v -0.19270110 0.01090484 -0.02944347
v -0.17735920 0.99973530 -0.08503252
v -0.19178790 1.03290600 0.00077779
v -0.19437790 1.00283700 0.00778086
v -0.17455150 1.03730600 -0.09713603
v -0.19178790 1.03290600 0.00077779
v -0.17735920 0.99973530 -0.08503252
v -0.59314850 1.58490300 0.04340951
v -0.48354520 1.63128400 0.03108627
v -0.48649010 1.59404100 0.04468284
v -0.59051550 1.62192800 0.03168537
v -0.48354520 1.63128400 0.03108627
v -0.59314850 1.58490300 0.04340951
v -0.12148740 0.93473040 -0.09633719
v -0.17735920 0.99973530 -0.08503252
v -0.18077500 0.93707700 -0.06575097
v -0.11600160 0.99871940 -0.12265720
v -0.17735920 0.99973530 -0.08503252
v -0.12148740 0.93473040 -0.09633719
v -0.17735920 0.99973530 -0.08503252
v -0.19732070 0.94373210 0.01687480
v -0.18077500 0.93707700 -0.06575097
v -0.19437790 1.00283700 0.00778086
v -0.19732070 0.94373210 0.01687480
v -0.17735920 0.99973530 -0.08503252
v -0.12196310 0.03211599 -0.05786016
v -0.10617360 0.05579386 -0.02882266
v -0.12112450 0.06106740 -0.05712721
v -0.10445820 0.03062352 -0.02885500
v -0.10617360 0.05579386 -0.02882266
v -0.12196310 0.03211599 -0.05786016
v -0.15022080 0.06602672 -0.06624601
v -0.12196310 0.03211599 -0.05786016
v -0.12112450 0.06106740 -0.05712721
v -0.15213400 0.03473084 -0.06715798
v -0.12196310 0.03211599 -0.05786016
v -0.15022080 0.06602672 -0.06624601
v -0.07578509 0.80205210 -0.04725428
v -0.12148740 0.93473040 -0.09633719
v -0.12961340 0.79977360 -0.06872168
v -0.06039867 0.93628680 -0.07137529
v -0.12148740 0.93473040 -0.09633719
v -0.07578509 0.80205210 -0.04725428
v -0.12196310 0.03211599 -0.05786016
v -0.11689660 0.01059287 -0.02906810
v -0.10445820 0.03062352 -0.02885500
v -0.12922460 0.01583785 -0.05043411
v -0.11689660 0.01059287 -0.02906810
v -0.12196310 0.03211599 -0.05786016
v -0.12148740 0.93473040 -0.09633719
v -0.18263820 0.80213970 -0.04495145
v -0.12961340 0.79977360 -0.06872168
v -0.18077500 0.93707700 -0.06575097
v -0.18263820 0.80213970 -0.04495145
v -0.12148740 0.93473040 -0.09633719
v -0.93280120 1.53850200 0.05475456
v -0.87774220 1.52539700 0.02829721
v -0.94065750 1.52829300 0.03390868
v -0.87051320 1.53716200 0.05270723
v -0.87774220 1.52539700 0.02829721
v -0.93280120 1.53850200 0.05475456
v -0.18832580 0.14275920 -0.02453201
v -0.18277140 0.29693340 -0.04961613
v -0.19084870 0.29418770 -0.00958082
v -0.18150610 0.15308050 -0.05309111
v -0.18277140 0.29693340 -0.04961613
v -0.18832580 0.14275920 -0.02453201
v -0.93280120 1.53850200 0.05475456
v -0.86619390 1.56995800 0.05976724
v -0.87051320 1.53716200 0.05270723
v -0.92853930 1.56675200 0.06077669
v -0.86619390 1.56995800 0.05976724
v -0.93280120 1.53850200 0.05475456
v -0.18277140 0.29693340 -0.04961613
v -0.13445880 0.44896340 -0.06076630
v -0.18394820 0.45094060 -0.04340527
v -0.14321080 0.29827100 -0.06294204
v -0.13445880 0.44896340 -0.06076630
v -0.18277140 0.29693340 -0.04961613
v -0.18283890 0.03597013 -0.05741609
v -0.15487650 0.01018277 -0.05788044
v -0.15213400 0.03473084 -0.06715798
v -0.17913940 0.01738791 -0.05035389
v -0.15487650 0.01018277 -0.05788044
v -0.18283890 0.03597013 -0.05741609
v -0.19524470 0.45798490 0.00875083
v -0.18277140 0.29693340 -0.04961613
v -0.18394820 0.45094060 -0.04340527
v -0.19084870 0.29418770 -0.00958082
v -0.18277140 0.29693340 -0.04961613
v -0.19524470 0.45798490 0.00875083
v -0.12922460 0.01583785 -0.05043411
v -0.15213400 0.03473084 -0.06715798
v -0.15487650 0.01018277 -0.05788044
v -0.12196310 0.03211599 -0.05786016
v -0.15213400 0.03473084 -0.06715798
v -0.12922460 0.01583785 -0.05043411
v -0.18263820 0.80213970 -0.04495145
v -0.19732070 0.94373210 0.01687480
v -0.19948590 0.80897960 0.02428171
v -0.18077500 0.93707700 -0.06575097
v -0.19732070 0.94373210 0.01687480
v -0.18263820 0.80213970 -0.04495145
v -0.92910360 1.59440700 0.05266995
v -0.95318390 1.56635800 0.06161270
v -0.95357930 1.59137100 0.05376566
v -0.92853930 1.56675200 0.06077669
v -0.95318390 1.56635800 0.06161270
v -0.92910360 1.59440700 0.05266995
v -0.13652540 0.66865670 -0.04744877
v -0.18263820 0.80213970 -0.04495145
v -0.18452630 0.67141250 -0.02786105
v -0.12961340 0.79977360 -0.06872168
v -0.18263820 0.80213970 -0.04495145
v -0.13652540 0.66865670 -0.04744877
v -0.18263820 0.80213970 -0.04495145
v -0.20021200 0.67961320 0.03093673
v -0.18452630 0.67141250 -0.02786105
v -0.19948590 0.80897960 0.02428171
v -0.20021200 0.67961320 0.03093673
v -0.18263820 0.80213970 -0.04495145
v -0.19270110 0.01090484 -0.02944347
v -0.15487650 0.01018277 -0.05788044
v -0.17913940 0.01738791 -0.05035389
v -0.15533110 0.00367185 -0.02931487
v -0.15487650 0.01018277 -0.05788044
v -0.19270110 0.01090484 -0.02944347
v -0.03260041 1.92982100 -0.11749400
v -0.06448734 1.86430700 -0.11056100
v -0.03260042 1.86432600 -0.11003090
v -0.07394261 1.92982100 -0.11749390
v -0.06448734 1.86430700 -0.11056100
v -0.03260041 1.92982100 -0.11749400
v -0.19524470 0.45798490 0.00875083
v -0.18512220 0.54178380 -0.03297848
v -0.19782090 0.55487440 0.02348882
v -0.18394820 0.45094060 -0.04340527
v -0.18512220 0.54178380 -0.03297848
v -0.19524470 0.45798490 0.00875083
v -0.18577770 0.61564110 -0.02143630
v -0.20021200 0.67961320 0.03093673
v -0.19997680 0.62699880 0.03444124
v -0.18452630 0.67141250 -0.02786105
v -0.20021200 0.67961320 0.03093673
v -0.18577770 0.61564110 -0.02143630
v -0.15487650 0.01018277 -0.05788044
v -0.11689660 0.01059287 -0.02906810
v -0.12922460 0.01583785 -0.05043411
v -0.15533110 0.00367185 -0.02931487
v -0.11689660 0.01059287 -0.02906810
v -0.15487650 0.01018277 -0.05788044
v -0.86619390 1.56995800 0.05976724
v -0.73559190 1.61178900 0.04068877
v -0.73690610 1.57645400 0.05121375
v -0.86621640 1.60212900 0.05028474
v -0.73559190 1.61178900 0.04068877
v -0.86619390 1.56995800 0.05976724
v -0.19901210 0.60455330 0.03266841
v -0.18512220 0.54178380 -0.03297848
v -0.18578330 0.59018840 -0.02373436
v -0.19782090 0.55487440 0.02348882
v -0.18512220 0.54178380 -0.03297848
v -0.19901210 0.60455330 0.03266841
v -0.18577770 0.61564110 -0.02143630
v -0.19901210 0.60455330 0.03266841
v -0.18578330 0.59018840 -0.02373436
v -0.19997680 0.62699880 0.03444124
v -0.19901210 0.60455330 0.03266841
v -0.18577770 0.61564110 -0.02143630
v -0.59586020 1.53326000 0.00456704
v -0.48677020 1.55608900 0.03438029
v -0.48573250 1.53847600 0.00021611
v -0.59545050 1.54741100 0.03458389
v -0.48677020 1.55608900 0.03438029
v -0.59586020 1.53326000 0.00456704
v -0.06800160 1.76155500 -0.07873206
v -0.03260041 1.72834900 -0.09609257
v -0.03260040 1.76030400 -0.07498237
v -0.08829058 1.73291600 -0.09808583
v -0.03260041 1.72834900 -0.09609257
v -0.06800160 1.76155500 -0.07873206
v -0.18577770 0.61564110 -0.02143630
v -0.13761670 0.58313930 -0.04299404
v -0.13900310 0.61187330 -0.04007846
v -0.18578330 0.59018840 -0.02373436
v -0.13761670 0.58313930 -0.04299404
v -0.18577770 0.61564110 -0.02143630
v -0.08351929 1.82503500 -0.07855111
v -0.10323840 1.84496300 -0.02071023
v -0.09406202 1.81231500 -0.02294753
v -0.09011856 1.85945200 -0.08862845
v -0.10323840 1.84496300 -0.02071023
v -0.08351929 1.82503500 -0.07855111
v -0.13652540 0.66865670 -0.04744877
v -0.18577770 0.61564110 -0.02143630
v -0.13900310 0.61187330 -0.04007846
v -0.18452630 0.67141250 -0.02786105
v -0.18577770 0.61564110 -0.02143630
v -0.13652540 0.66865670 -0.04744877
v -0.03260041 1.09786400 -0.14424810
v -0.11390950 1.03799400 -0.13955270
v -0.03260041 1.02827500 -0.13794370
v -0.11287330 1.09918800 -0.13852190
v -0.11390950 1.03799400 -0.13955270
v -0.03260041 1.09786400 -0.14424810
v -0.03927480 0.94153770 0.01143771
v -0.07578509 0.80205210 -0.04725428
v -0.05601845 0.80861410 0.02041756
v -0.06039867 0.93628680 -0.07137529
v -0.07578509 0.80205210 -0.04725428
v -0.03927480 0.94153770 0.01143771
v -0.03260041 1.02827500 -0.13794370
v -0.11600160 0.99871940 -0.12265720
v -0.05410815 0.99916300 -0.09757600
v -0.11390950 1.03799400 -0.13955270
v -0.11600160 0.99871940 -0.12265720
v -0.03260041 1.02827500 -0.13794370
v -0.07578509 0.80205210 -0.04725428
v -0.13652540 0.66865670 -0.04744877
v -0.08849117 0.67138050 -0.02797496
v -0.12961340 0.79977360 -0.06872168
v -0.13652540 0.66865670 -0.04744877
v -0.07578509 0.80205210 -0.04725428
v -0.13652540 0.66865670 -0.04744877
v -0.09217063 0.61570560 -0.02146599
v -0.08849117 0.67138050 -0.02797496
v -0.13900310 0.61187330 -0.04007846
v -0.09217063 0.61570560 -0.02146599
v -0.13652540 0.66865670 -0.04744877
v -0.07262582 0.67977050 0.03062833
v -0.07578509 0.80205210 -0.04725428
v -0.08849117 0.67138050 -0.02797496
v -0.05601845 0.80861410 0.02041756
v -0.07578509 0.80205210 -0.04725428
v -0.07262582 0.67977050 0.03062833
v -0.05410815 0.99916300 -0.09757600
v -0.03266957 1.01261100 -0.01340631
v -0.03260041 1.02827500 -0.13794370
v -0.03325860 1.00117800 -0.00462151
v -0.03266957 1.01261100 -0.01340631
v -0.05410815 0.99916300 -0.09757600
v -0.10366260 0.29790040 -0.04956507
v -0.10914860 0.14283580 -0.02445110
v -0.09562466 0.29536640 -0.00950831
v -0.12085710 0.15291190 -0.05312007
v -0.10914860 0.14283580 -0.02445110
v -0.10366260 0.29790040 -0.04956507
v -0.05410815 0.99916300 -0.09757600
v -0.03927480 0.94153770 0.01143771
v -0.03325860 1.00117800 -0.00462151
v -0.06039867 0.93628680 -0.07137529
v -0.03927480 0.94153770 0.01143771
v -0.05410815 0.99916300 -0.09757600
v -0.10366260 0.29790040 -0.04956507
v -0.08094402 0.45889830 0.00881766
v -0.08678780 0.45169160 -0.04335220
v -0.09562466 0.29536640 -0.00950831
v -0.08094402 0.45889830 0.00881766
v -0.10366260 0.29790040 -0.04956507
v -0.13445880 0.44896340 -0.06076630
v -0.10366260 0.29790040 -0.04956507
v -0.08678780 0.45169160 -0.04335220
v -0.14321080 0.29827100 -0.06294204
v -0.10366260 0.29790040 -0.04956507
v -0.13445880 0.44896340 -0.06076630
v -0.13110770 1.73912400 -0.08466285
v -0.06800160 1.76155500 -0.07873206
v -0.09455251 1.76156000 -0.06951923
v -0.08829058 1.73291600 -0.09808583
v -0.06800160 1.76155500 -0.07873206
v -0.13110770 1.73912400 -0.08466285
v -0.18512220 0.54178380 -0.03297848
v -0.13445880 0.44896340 -0.06076630
v -0.13435440 0.53626540 -0.05198552
v -0.18394820 0.45094060 -0.04340527
v -0.13445880 0.44896340 -0.06076630
v -0.18512220 0.54178380 -0.03297848
v -0.13761670 0.58313930 -0.04299404
v -0.18512220 0.54178380 -0.03297848
v -0.13435440 0.53626540 -0.05198552
v -0.18578330 0.59018840 -0.02373436
v -0.18512220 0.54178380 -0.03297848
v -0.13761670 0.58313930 -0.04299404
v -0.13445880 0.44896340 -0.06076630
v -0.08493493 0.54126260 -0.03307288
v -0.13435440 0.53626540 -0.05198552
v -0.08678780 0.45169160 -0.04335220
v -0.08493493 0.54126260 -0.03307288
v -0.13445880 0.44896340 -0.06076630
v -0.03260039 1.78652800 -0.06837888
v -0.06800160 1.76155500 -0.07873206
v -0.03260040 1.76030400 -0.07498237
v -0.06060455 1.78637800 -0.07262023
v -0.06800160 1.76155500 -0.07873206
v -0.03260039 1.78652800 -0.06837888
v -0.07262582 0.67977050 0.03062833
v -0.09217063 0.61570560 -0.02146599
v -0.07780144 0.62728830 0.03446652
v -0.08849117 0.67138050 -0.02797496
v -0.09217063 0.61570560 -0.02146599
v -0.07262582 0.67977050 0.03062833
v -0.09455251 1.76156000 -0.06951923
v -0.14237010 1.73454500 -0.03652957
v -0.13110770 1.73912400 -0.08466285
v -0.10340280 1.75657000 -0.02688209
v -0.14237010 1.73454500 -0.03652957
v -0.09455251 1.76156000 -0.06951923
v -0.09217063 0.61570560 -0.02146599
v -0.13761670 0.58313930 -0.04299404
v -0.08965828 0.58979060 -0.02383513
v -0.13900310 0.61187330 -0.04007846
v -0.13761670 0.58313930 -0.04299404
v -0.09217063 0.61570560 -0.02146599
v -0.13761670 0.58313930 -0.04299404
v -0.08493493 0.54126260 -0.03307288
v -0.08965828 0.58979060 -0.02383513
v -0.13435440 0.53626540 -0.05198552
v -0.08493493 0.54126260 -0.03307288
v -0.13761670 0.58313930 -0.04299404
v -0.07741233 0.60461030 0.03267409
v -0.09217063 0.61570560 -0.02146599
v -0.08965828 0.58979060 -0.02383513
v -0.07780144 0.62728830 0.03446652
v -0.09217063 0.61570560 -0.02146599
v -0.07741233 0.60461030 0.03267409
v -0.05410815 0.99916300 -0.09757600
v -0.12148740 0.93473040 -0.09633719
v -0.06039867 0.93628680 -0.07137529
v -0.11600160 0.99871940 -0.12265720
v -0.12148740 0.93473040 -0.09633719
v -0.05410815 0.99916300 -0.09757600
v -0.07741233 0.60461030 0.03267409
v -0.08493493 0.54126260 -0.03307288
v -0.07654147 0.55552250 0.02353948
v -0.08965828 0.58979060 -0.02383513
v -0.08493493 0.54126260 -0.03307288
v -0.07741233 0.60461030 0.03267409
v -0.11390950 1.03799400 -0.13955270
v -0.17735920 0.99973530 -0.08503252
v -0.11600160 0.99871940 -0.12265720
v -0.17455150 1.03730600 -0.09713603
v -0.17735920 0.99973530 -0.08503252
v -0.11390950 1.03799400 -0.13955270
v -0.11390950 1.03799400 -0.13955270
v -0.17314370 1.09578800 -0.09778094
v -0.17455150 1.03730600 -0.09713603
v -0.11287330 1.09918800 -0.13852190
v -0.17314370 1.09578800 -0.09778094
v -0.11390950 1.03799400 -0.13955270
v -0.10323840 1.84496300 -0.02071023
v -0.10609330 1.92718000 -0.09253009
v -0.11986080 1.91925900 -0.01763855
v -0.09011856 1.85945200 -0.08862845
v -0.10609330 1.92718000 -0.09253009
v -0.10323840 1.84496300 -0.02071023
v -0.74030190 1.54057400 0.04334426
v -0.86619390 1.56995800 0.05976724
v -0.73690610 1.57645400 0.05121375
v -0.87051320 1.53716200 0.05270723
v -0.86619390 1.56995800 0.05976724
v -0.74030190 1.54057400 0.04334426
v -0.17314370 1.09578800 -0.09778094
v -0.19178790 1.03290600 0.00077779
v -0.17455150 1.03730600 -0.09713603
v -0.19078070 1.08005300 -0.00071009
v -0.19178790 1.03290600 0.00077779
v -0.17314370 1.09578800 -0.09778094
v -0.08041984 2.00499400 -0.11541390
v -0.03260041 1.92982100 -0.11749400
v -0.03260040 2.00499400 -0.11541390
v -0.07394261 1.92982100 -0.11749390
v -0.03260041 1.92982100 -0.11749400
v -0.08041984 2.00499400 -0.11541390
v -0.17314370 1.09578800 -0.09778094
v -0.18947700 1.13969900 -0.00098565
v -0.19078070 1.08005300 -0.00071009
v -0.17129280 1.16427500 -0.09397589
v -0.18947700 1.13969900 -0.00098565
v -0.17314370 1.09578800 -0.09778094
v -0.11180750 1.16968800 -0.12804990
v -0.17314370 1.09578800 -0.09778094
v -0.11287330 1.09918800 -0.13852190
v -0.17129280 1.16427500 -0.09397589
v -0.17314370 1.09578800 -0.09778094
v -0.11180750 1.16968800 -0.12804990
v -0.03260041 1.09786400 -0.14424810
v -0.11180750 1.16968800 -0.12804990
v -0.11287330 1.09918800 -0.13852190
v -0.03260041 1.16765200 -0.12991260
v -0.11180750 1.16968800 -0.12804990
v -0.03260041 1.09786400 -0.14424810
v -0.16671140 1.23183300 -0.09289627
v -0.18947700 1.13969900 -0.00098565
v -0.17129280 1.16427500 -0.09397589
v -0.18579070 1.20833800 -0.00386200
v -0.18947700 1.13969900 -0.00098565
v -0.16671140 1.23183300 -0.09289627
v -0.11180750 1.16968800 -0.12804990
v -0.16671140 1.23183300 -0.09289627
v -0.17129280 1.16427500 -0.09397589
v -0.10923520 1.23687300 -0.11655460
v -0.16671140 1.23183300 -0.09289627
v -0.11180750 1.16968800 -0.12804990
v -0.16671140 1.23183300 -0.09289627
v -0.16956610 1.30871100 -0.00639044
v -0.18579070 1.20833800 -0.00386200
v -0.15090990 1.32521400 -0.09115960
v -0.16956610 1.30871100 -0.00639044
v -0.16671140 1.23183300 -0.09289627
v -0.14973480 1.40424200 -0.08840718
v -0.16956610 1.30871100 -0.00639044
v -0.15090990 1.32521400 -0.09115960
v -0.16829900 1.39700000 -0.00744511
v -0.16956610 1.30871100 -0.00639044
v -0.14973480 1.40424200 -0.08840718
v -0.16671140 1.23183300 -0.09289627
v -0.10722500 1.30652200 -0.10611920
v -0.15090990 1.32521400 -0.09115960
v -0.10923520 1.23687300 -0.11655460
v -0.10722500 1.30652200 -0.10611920
v -0.16671140 1.23183300 -0.09289627
v -0.10722500 1.30652200 -0.10611920
v -0.14973480 1.40424200 -0.08840718
v -0.15090990 1.32521400 -0.09115960
v -0.10652580 1.38389100 -0.10155350
v -0.14973480 1.40424200 -0.08840718
v -0.10722500 1.30652200 -0.10611920
v -0.14973480 1.40424200 -0.08840718
v -0.18446820 1.44662200 -0.00762671
v -0.16829900 1.39700000 -0.00744511
v -0.17263370 1.46900000 -0.09575903
v -0.18446820 1.44662200 -0.00762671
v -0.14973480 1.40424200 -0.08840718
v -0.11180750 1.16968800 -0.12804990
v -0.03260041 1.23477500 -0.11211950
v -0.10923520 1.23687300 -0.11655460
v -0.03260041 1.16765200 -0.12991260
v -0.03260041 1.23477500 -0.11211950
v -0.11180750 1.16968800 -0.12804990
v -0.03260041 1.23477500 -0.11211950
v -0.10722500 1.30652200 -0.10611920
v -0.10923520 1.23687300 -0.11655460
v -0.03260042 1.30487400 -0.09657098
v -0.10722500 1.30652200 -0.10611920
v -0.03260041 1.23477500 -0.11211950
v -0.07135135 1.82637200 0.08681095
v -0.03260021 1.91162800 0.11965650
v -0.03260025 1.82672900 0.09511597
v -0.07851855 1.90924300 0.09755939
v -0.03260021 1.91162800 0.11965650
v -0.07135135 1.82637200 0.08681095
v -0.03260028 1.79658600 0.06483619
v -0.07135135 1.82637200 0.08681095
v -0.03260025 1.82672900 0.09511597
v -0.06561917 1.79619200 0.06075891
v -0.07135135 1.82637200 0.08681095
v -0.03260028 1.79658600 0.06483619
v -0.21191970 0.02934953 0.02282902
v -0.19270110 0.01090484 -0.02944347
v -0.20194570 0.03333605 -0.02930211
v -0.20056710 0.01237514 0.02180612
v -0.19270110 0.01090484 -0.02944347
v -0.21191970 0.02934953 0.02282902
v -0.11181330 1.91147400 0.06108862
v -0.10323840 1.84496300 -0.02071023
v -0.11986080 1.91925900 -0.01763855
v -0.09869868 1.83066300 0.05162562
v -0.10323840 1.84496300 -0.02071023
v -0.11181330 1.91147400 0.06108862
v -0.11181330 1.91147400 0.06108862
v -0.07135135 1.82637200 0.08681095
v -0.09869868 1.83066300 0.05162562
v -0.07851855 1.90924300 0.09755939
v -0.07135135 1.82637200 0.08681095
v -0.11181330 1.91147400 0.06108862
v -0.20268270 0.02494295 0.17709750
v -0.16398230 0.01816009 0.17012540
v -0.19361530 0.01900228 0.15392180
v -0.16510850 0.02464073 0.20127370
v -0.16398230 0.01816009 0.17012540
v -0.20268270 0.02494295 0.17709750
v -0.20268270 0.02494295 0.17709750
v -0.20936930 0.04634065 0.10468110
v -0.19922610 0.04400301 0.17762180
v -0.21522580 0.02653228 0.10462240
v -0.20936930 0.04634065 0.10468110
v -0.20268270 0.02494295 0.17709750
v -0.16188970 0.12010570 0.13931180
v -0.18655720 0.10190190 0.08046047
v -0.15447480 0.11073530 0.07619794
v -0.18443170 0.10551110 0.12948550
v -0.18655720 0.10190190 0.08046047
v -0.16188970 0.12010570 0.13931180
v -0.06800160 1.76155500 -0.07873206
v -0.08160769 1.78391600 -0.06473599
v -0.09455251 1.76156000 -0.06951923
v -0.06060455 1.78637800 -0.07262023
v -0.08160769 1.78391600 -0.06473599
v -0.06800160 1.76155500 -0.07873206
v -0.06071422 1.80880700 -0.07835462
v -0.08160769 1.78391600 -0.06473599
v -0.06060455 1.78637800 -0.07262023
v -0.08208559 1.80587600 -0.06851469
v -0.08160769 1.78391600 -0.06473599
v -0.06071422 1.80880700 -0.07835462
v -0.08160769 1.78391600 -0.06473599
v -0.08997203 1.79760800 -0.02415016
v -0.08860870 1.77713300 -0.02411782
v -0.08208559 1.80587600 -0.06851469
v -0.08997203 1.79760800 -0.02415016
v -0.08160769 1.78391600 -0.06473599
v -0.16482150 0.04343520 0.20195190
v -0.20268270 0.02494295 0.17709750
v -0.19922610 0.04400301 0.17762180
v -0.16510850 0.02464073 0.20127370
v -0.20268270 0.02494295 0.17709750
v -0.16482150 0.04343520 0.20195190
v -0.20405820 0.01546337 0.10042610
v -0.20268270 0.02494295 0.17709750
v -0.19361530 0.01900228 0.15392180
v -0.21522580 0.02653228 0.10462240
v -0.20268270 0.02494295 0.17709750
v -0.20405820 0.01546337 0.10042610
v -0.19688580 0.06019610 -0.02916835
v -0.21191970 0.02934953 0.02282902
v -0.20194570 0.03333605 -0.02930211
v -0.20525470 0.05141586 0.02259581
v -0.21191970 0.02934953 0.02282902
v -0.19688580 0.06019610 -0.02916835
v -0.10609330 1.92718000 -0.09253009
v -0.08041984 2.00499400 -0.11541390
v -0.11657040 2.00500700 -0.09023672
v -0.07394261 1.92982100 -0.11749390
v -0.08041984 2.00499400 -0.11541390
v -0.10609330 1.92718000 -0.09253009
v -0.98640670 1.58947100 0.01165023
v -0.99730890 1.56161700 -0.00261653
v -0.97757470 1.56326000 0.00348464
v -1.00721500 1.59092800 0.00714430
v -0.99730890 1.56161700 -0.00261653
v -0.98640670 1.58947100 0.01165023
v -0.10340280 1.75657000 -0.02688209
v -0.13232040 1.73448700 0.01926132
v -0.14237010 1.73454500 -0.03652957
v -0.09455245 1.74871400 0.01990188
v -0.13232040 1.73448700 0.01926132
v -0.10340280 1.75657000 -0.02688209
v -1.03977100 1.58772300 0.00647950
v -0.99730890 1.56161700 -0.00261653
v -1.00721500 1.59092800 0.00714430
v -1.03110300 1.56234700 -0.00394534
v -0.99730890 1.56161700 -0.00261653
v -1.03977100 1.58772300 0.00647950
v -0.98640670 1.58947100 0.01165023
v -1.01201700 1.60127500 0.03849169
v -1.00721500 1.59092800 0.00714430
v -0.99061200 1.59869300 0.03799420
v -1.01201700 1.60127500 0.03849169
v -0.98640670 1.58947100 0.01165023
v -0.11181330 1.91147400 0.06108862
v -0.12938320 2.00504500 -0.01470524
v -0.11800030 2.00516900 0.06322478
v -0.11986080 1.91925900 -0.01763855
v -0.12938320 2.00504500 -0.01470524
v -0.11181330 1.91147400 0.06108862
v -1.01201700 1.60127500 0.03849169
v -1.03977100 1.58772300 0.00647950
v -1.00721500 1.59092800 0.00714430
v -1.04424100 1.59678900 0.03953870
v -1.03977100 1.58772300 0.00647950
v -1.01201700 1.60127500 0.03849169
v -1.03977100 1.58772300 0.00647950
v -1.06804800 1.56245200 -0.00293071
v -1.03110300 1.56234700 -0.00394534
v -1.07630100 1.58195000 0.00769115
v -1.06804800 1.56245200 -0.00293071
v -1.03977100 1.58772300 0.00647950
v -0.98924450 1.59056200 0.06480001
v -1.01201700 1.60127500 0.03849169
v -0.99061200 1.59869300 0.03799420
v -1.01059000 1.59222500 0.07035525
v -1.01201700 1.60127500 0.03849169
v -0.98924450 1.59056200 0.06480001
v -0.98640670 1.58947100 0.01165023
v -0.96024180 1.59894400 0.03371920
v -0.99061200 1.59869300 0.03799420
v -0.96816070 1.58943500 0.01443206
v -0.96024180 1.59894400 0.03371920
v -0.98640670 1.58947100 0.01165023
v -0.96024180 1.59894400 0.03371920
v -0.98924450 1.59056200 0.06480001
v -0.99061200 1.59869300 0.03799420
v -0.95357930 1.59137100 0.05376566
v -0.98924450 1.59056200 0.06480001
v -0.96024180 1.59894400 0.03371920
v -0.39884920 1.60296500 0.04805946
v -0.48354520 1.63128400 0.03108627
v -0.39569660 1.64302500 0.03242126
v -0.48649010 1.59404100 0.04468284
v -0.48354520 1.63128400 0.03108627
v -0.39884920 1.60296500 0.04805946
v -0.95318390 1.56635800 0.06161270
v -0.98924450 1.59056200 0.06480001
v -0.95357930 1.59137100 0.05376566
v -0.98135840 1.56471400 0.07435106
v -0.98924450 1.59056200 0.06480001
v -0.95318390 1.56635800 0.06161270
v -0.48677020 1.55608900 0.03438029
v -0.39884920 1.60296500 0.04805946
v -0.39966250 1.56207100 0.03659726
v -0.48649010 1.59404100 0.04468284
v -0.39884920 1.60296500 0.04805946
v -0.48677020 1.55608900 0.03438029
v -1.00180900 1.56334800 0.08166471
v -0.98924450 1.59056200 0.06480001
v -0.98135840 1.56471400 0.07435106
v -1.01059000 1.59222500 0.07035525
v -0.98924450 1.59056200 0.06480001
v -1.00180900 1.56334800 0.08166471
v -0.39666270 1.54056300 -0.00124797
v -0.48677020 1.55608900 0.03438029
v -0.39966250 1.56207100 0.03659726
v -0.48573250 1.53847600 0.00021611
v -0.48677020 1.55608900 0.03438029
v -0.39666270 1.54056300 -0.00124797
v -0.19698910 1.51074500 -0.07456055
v -0.17312060 1.59598800 -0.11111890
v -0.20219090 1.60652500 -0.09920354
v -0.17263370 1.46900000 -0.09575903
v -0.17312060 1.59598800 -0.11111890
v -0.19698910 1.51074500 -0.07456055
v -0.48354520 1.63128400 0.03108627
v -0.39238380 1.66182600 -0.01140008
v -0.39569660 1.64302500 0.03242126
v -0.48057570 1.64713900 -0.00662176
v -0.39238380 1.66182600 -0.01140008
v -0.48354520 1.63128400 0.03108627
v -1.00180900 1.56334800 0.08166471
v -1.04332600 1.58908900 0.07304413
v -1.01059000 1.59222500 0.07035525
v -1.03584200 1.56416800 0.08480752
v -1.04332600 1.58908900 0.07304413
v -1.00180900 1.56334800 0.08166471
v -1.04332600 1.58908900 0.07304413
v -1.01201700 1.60127500 0.03849169
v -1.01059000 1.59222500 0.07035525
v -1.04424100 1.59678900 0.03953870
v -1.01201700 1.60127500 0.03849169
v -1.04332600 1.58908900 0.07304413
v -0.08156370 2.00543800 0.09559754
v -0.11181330 1.91147400 0.06108862
v -0.11800030 2.00516900 0.06322478
v -0.07851855 1.90924300 0.09755939
v -0.11181330 1.91147400 0.06108862
v -0.08156370 2.00543800 0.09559754
v -0.20627670 1.68374900 -0.08549351
v -0.23195780 1.70210100 -0.02724626
v -0.22991880 1.68203400 -0.07489429
v -0.20916020 1.70904300 -0.03661280
v -0.23195780 1.70210100 -0.02724626
v -0.20627670 1.68374900 -0.08549351
v -0.12841070 0.08415003 0.15940460
v -0.16482150 0.04343520 0.20195190
v -0.16454360 0.08646455 0.18126390
v -0.12742120 0.04449948 0.17785780
v -0.16482150 0.04343520 0.20195190
v -0.12841070 0.08415003 0.15940460
v -1.07278700 1.56427400 0.08582215
v -1.04332600 1.58908900 0.07304413
v -1.03584200 1.56416800 0.08480752
v -1.07985500 1.58331600 0.07425579
v -1.04332600 1.58908900 0.07304413
v -1.07278700 1.56427400 0.08582215
v -0.22985150 1.61245500 -0.08345225
v -0.20627670 1.68374900 -0.08549351
v -0.22991880 1.68203400 -0.07489429
v -0.20219090 1.60652500 -0.09920354
v -0.20627670 1.68374900 -0.08549351
v -0.22985150 1.61245500 -0.08345225
v -0.06071422 1.80880700 -0.07835462
v -0.08351929 1.82503500 -0.07855111
v -0.08208559 1.80587600 -0.06851469
v -0.06104317 1.82937600 -0.09425804
v -0.08351929 1.82503500 -0.07855111
v -0.06071422 1.80880700 -0.07835462
v -0.03260031 1.76230600 0.03311807
v -0.06800154 1.74012200 0.04155518
v -0.06060449 1.76426700 0.03303450
v -0.03260032 1.73564200 0.04609916
v -0.06800154 1.74012200 0.04155518
v -0.03260031 1.76230600 0.03311807
v -0.48677020 1.55608900 0.03438029
v -0.59314850 1.58490300 0.04340951
v -0.48649010 1.59404100 0.04468284
v -0.59545050 1.54741100 0.03458389
v -0.59314850 1.58490300 0.04340951
v -0.48677020 1.55608900 0.03438029
v -0.09406202 1.81231500 -0.02294753
v -0.08208559 1.80587600 -0.06851469
v -0.08351929 1.82503500 -0.07855111
v -0.08997203 1.79760800 -0.02415016
v -0.08208559 1.80587600 -0.06851469
v -0.09406202 1.81231500 -0.02294753
v -1.08063100 1.58905700 0.04081602
v -1.03977100 1.58772300 0.00647950
v -1.04424100 1.59678900 0.03953870
v -1.07630100 1.58195000 0.00769115
v -1.03977100 1.58772300 0.00647950
v -1.08063100 1.58905700 0.04081602
v -0.12361310 0.10233430 0.08060369
v -0.16188970 0.12010570 0.13931180
v -0.15447480 0.11073530 0.07619794
v -0.13612640 0.10584180 0.12956010
v -0.16188970 0.12010570 0.13931180
v -0.12361310 0.10233430 0.08060369
v -0.08160764 1.76944400 0.01866283
v -0.06800154 1.74012200 0.04155518
v -0.09455245 1.74871400 0.01990188
v -0.06060449 1.76426700 0.03303450
v -0.06800154 1.74012200 0.04155518
v -0.08160764 1.76944400 0.01866283
v -1.04332600 1.58908900 0.07304413
v -1.08063100 1.58905700 0.04081602
v -1.04424100 1.59678900 0.03953870
v -1.07985500 1.58331600 0.07425579
v -1.08063100 1.58905700 0.04081602
v -1.04332600 1.58908900 0.07304413
v -0.19270110 0.01090484 -0.02944347
v -0.15615890 0.00702559 0.02196952
v -0.15533110 0.00367185 -0.02931487
v -0.20056710 0.01237514 0.02180612
v -0.15615890 0.00702559 0.02196952
v -0.19270110 0.01090484 -0.02944347
v -0.20405820 0.01546337 0.10042610
v -0.15615890 0.00702559 0.02196952
v -0.20056710 0.01237514 0.02180612
v -0.16002090 0.01207165 0.09940351
v -0.15615890 0.00702559 0.02196952
v -0.20405820 0.01546337 0.10042610
v -1.07278700 1.56427400 0.08582215
v -1.11258000 1.57707100 0.07537933
v -1.07985500 1.58331600 0.07425579
v -1.10197300 1.56076100 0.08675121
v -1.11258000 1.57707100 0.07537933
v -1.07278700 1.56427400 0.08582215
v -1.11258000 1.57707100 0.07537933
v -1.08063100 1.58905700 0.04081602
v -1.07985500 1.58331600 0.07425579
v -1.11453700 1.58190100 0.04200440
v -1.08063100 1.58905700 0.04081602
v -1.11258000 1.57707100 0.07537933
v -0.03260041 1.82945200 -0.09213738
v -0.06448734 1.86430700 -0.11056100
v -0.06104317 1.82937600 -0.09425804
v -0.03260042 1.86432600 -0.11003090
v -0.06448734 1.86430700 -0.11056100
v -0.03260041 1.82945200 -0.09213738
v -1.12431200 1.55021300 0.08774106
v -1.11258000 1.57707100 0.07537933
v -1.10197300 1.56076100 0.08675121
v -1.13905800 1.56431700 0.07656150
v -1.11258000 1.57707100 0.07537933
v -1.12431200 1.55021300 0.08774106
v -0.06448734 1.86430700 -0.11056100
v -0.08351929 1.82503500 -0.07855111
v -0.06104317 1.82937600 -0.09425804
v -0.09011856 1.85945200 -0.08862845
v -0.08351929 1.82503500 -0.07855111
v -0.06448734 1.86430700 -0.11056100
v -0.10667690 2.07465200 0.05711479
v -0.08156370 2.00543800 0.09559754
v -0.11800030 2.00516900 0.06322478
v -0.07492976 2.07559000 0.08351859
v -0.08156370 2.00543800 0.09559754
v -0.10667690 2.07465200 0.05711479
v -0.29943870 1.66714600 -0.06312370
v -0.23195780 1.70210100 -0.02724626
v -0.30192680 1.68138600 -0.01851708
v -0.22991880 1.68203400 -0.07489429
v -0.23195780 1.70210100 -0.02724626
v -0.29943870 1.66714600 -0.06312370
v -1.08063100 1.58905700 0.04081602
v -1.10902600 1.57570500 0.00881469
v -1.07630100 1.58195000 0.00769115
v -1.11453700 1.58190100 0.04200440
v -1.10902600 1.57570500 0.00881469
v -1.08063100 1.58905700 0.04081602
v -1.10902600 1.57570500 0.00881469
v -1.06804800 1.56245200 -0.00293071
v -1.07630100 1.58195000 0.00769115
v -1.09723400 1.55894000 -0.00200164
v -1.06804800 1.56245200 -0.00293071
v -1.10902600 1.57570500 0.00881469
v -0.30307040 1.66271800 0.02972720
v -0.23195780 1.70210100 -0.02724626
v -0.23353710 1.68195300 0.02541742
v -0.30192680 1.68138600 -0.01851708
v -0.23195780 1.70210100 -0.02724626
v -0.30307040 1.66271800 0.02972720
v -1.10902600 1.57570500 0.00881469
v -1.11957300 1.54839100 -0.00101179
v -1.09723400 1.55894000 -0.00200164
v -1.13550400 1.56295100 0.00999686
v -1.11957300 1.54839100 -0.00101179
v -1.10902600 1.57570500 0.00881469
v -1.11258000 1.57707100 0.07537933
v -1.14239400 1.56841100 0.04325066
v -1.11453700 1.58190100 0.04200440
v -1.13905800 1.56431700 0.07656150
v -1.14239400 1.56841100 0.04325066
v -1.11258000 1.57707100 0.07537933
v -0.16398230 0.01816009 0.17012540
v -0.12482470 0.02548554 0.17738170
v -0.13213520 0.01944214 0.15429890
v -0.16510850 0.02464073 0.20127370
v -0.12482470 0.02548554 0.17738170
v -0.16398230 0.01816009 0.17012540
v -1.14239400 1.56841100 0.04325066
v -1.10902600 1.57570500 0.00881469
v -1.11453700 1.58190100 0.04200440
v -1.13550400 1.56295100 0.00999686
v -1.10902600 1.57570500 0.00881469
v -1.14239400 1.56841100 0.04325066
v -1.12431200 1.55021300 0.08774106
v -1.15684300 1.53901800 0.07794898
v -1.13905800 1.56431700 0.07656150
v -1.14071400 1.52921200 0.08893802
v -1.15684300 1.53901800 0.07794898
v -1.12431200 1.55021300 0.08774106
v -1.15684300 1.53901800 0.07794898
v -1.14239400 1.56841100 0.04325066
v -1.13905800 1.56431700 0.07656150
v -1.16064000 1.54167900 0.04470166
v -1.14239400 1.56841100 0.04325066
v -1.15684300 1.53901800 0.07794898
v -1.15019800 1.50931300 0.07881930
v -1.15684300 1.53901800 0.07794898
v -1.14071400 1.52921200 0.08893802
v -1.15951200 1.52008500 0.07007169
v -1.15684300 1.53901800 0.07794898
v -1.15019800 1.50931300 0.07881930
v -0.06448734 1.86430700 -0.11056100
v -0.10609330 1.92718000 -0.09253009
v -0.09011856 1.85945200 -0.08862845
v -0.07394261 1.92982100 -0.11749390
v -0.10609330 1.92718000 -0.09253009
v -0.06448734 1.86430700 -0.11056100
v -1.15328900 1.53765100 0.01138434
v -1.11957300 1.54839100 -0.00101179
v -1.13550400 1.56295100 0.00999686
v -1.13597500 1.52739000 0.00018517
v -1.11957300 1.54839100 -0.00101179
v -1.15328900 1.53765100 0.01138434
v -0.19698910 1.51074500 -0.07456055
v -0.22985150 1.61245500 -0.08345225
v -0.22791450 1.53279500 -0.05969719
v -0.20219090 1.60652500 -0.09920354
v -0.22985150 1.61245500 -0.08345225
v -0.19698910 1.51074500 -0.07456055
v -0.03260031 1.76230600 0.03311807
v -0.06185816 1.78629400 0.03697591
v -0.03260031 1.78610500 0.03672552
v -0.06060449 1.76426700 0.03303450
v -0.06185816 1.78629400 0.03697591
v -0.03260031 1.76230600 0.03311807
v -1.14239400 1.56841100 0.04325066
v -1.15328900 1.53765100 0.01138434
v -1.13550400 1.56295100 0.00999686
v -1.16064000 1.54167900 0.04470166
v -1.15328900 1.53765100 0.01138434
v -1.14239400 1.56841100 0.04325066
v -0.19686270 0.08368011 0.15925840
v -0.20936930 0.04634065 0.10468110
v -0.20233420 0.07595038 0.09329101
v -0.19922610 0.04400301 0.17762180
v -0.20936930 0.04634065 0.10468110
v -0.19686270 0.08368011 0.15925840
v -0.10667690 2.07465200 0.05711479
v -0.12938320 2.00504500 -0.01470524
v -0.11725940 2.07216500 -0.01288302
v -0.11800030 2.00516900 0.06322478
v -0.12938320 2.00504500 -0.01470524
v -0.10667690 2.07465200 0.05711479
v -0.22481990 1.50132400 -0.00679313
v -0.19698910 1.51074500 -0.07456055
v -0.22791450 1.53279500 -0.05969719
v -0.19542620 1.48372500 -0.00755466
v -0.19698910 1.51074500 -0.07456055
v -0.22481990 1.50132400 -0.00679313
v -1.15328900 1.53765100 0.01138434
v -1.14664300 1.50794700 0.01225467
v -1.13597500 1.52739000 0.00018517
v -1.15687900 1.51907200 0.02076457
v -1.14664300 1.50794700 0.01225467
v -1.15328900 1.53765100 0.01138434
v -0.30307040 1.66271800 0.02972720
v -0.39238380 1.66182600 -0.01140008
v -0.30192680 1.68138600 -0.01851708
v -0.39569660 1.64302500 0.03242126
v -0.39238380 1.66182600 -0.01140008
v -0.30307040 1.66271800 0.02972720
v -0.20405820 0.01546337 0.10042610
v -0.21191970 0.02934953 0.02282902
v -0.21522580 0.02653228 0.10462240
v -0.20056710 0.01237514 0.02180612
v -0.21191970 0.02934953 0.02282902
v -0.20405820 0.01546337 0.10042610
v -1.15684300 1.53901800 0.07794898
v -1.16514400 1.51510100 0.04576845
v -1.16064000 1.54167900 0.04470166
v -1.15951200 1.52008500 0.07007169
v -1.16514400 1.51510100 0.04576845
v -1.15684300 1.53901800 0.07794898
v -1.16514400 1.51510100 0.04576845
v -1.15328900 1.53765100 0.01138434
v -1.16064000 1.54167900 0.04470166
v -1.15687900 1.51907200 0.02076457
v -1.15328900 1.53765100 0.01138434
v -1.16514400 1.51510100 0.04576845
v -0.23306250 1.61403800 0.04924713
v -0.30307040 1.66271800 0.02972720
v -0.23353710 1.68195300 0.02541742
v -0.30468930 1.61113600 0.04786113
v -0.30307040 1.66271800 0.02972720
v -0.23306250 1.61403800 0.04924713
v -1.15019800 1.50931300 0.07881930
v -1.16514400 1.51510100 0.04576845
v -1.15951200 1.52008500 0.07007169
v -1.15177900 1.50207300 0.04586209
v -1.16514400 1.51510100 0.04576845
v -1.15019800 1.50931300 0.07881930
v -1.14664300 1.50794700 0.01225467
v -1.16514400 1.51510100 0.04576845
v -1.15177900 1.50207300 0.04586209
v -1.15687900 1.51907200 0.02076457
v -1.16514400 1.51510100 0.04576845
v -1.14664300 1.50794700 0.01225467
v -0.10340280 1.75657000 -0.02688209
v -0.08160764 1.76944400 0.01866283
v -0.09455245 1.74871400 0.01990188
v -0.08860870 1.77713300 -0.02411782
v -0.08160764 1.76944400 0.01866283
v -0.10340280 1.75657000 -0.02688209
v -0.20976190 1.68677700 0.01962384
v -0.23195780 1.70210100 -0.02724626
v -0.20916020 1.70904300 -0.03661280
v -0.23353710 1.68195300 0.02541742
v -0.23195780 1.70210100 -0.02724626
v -0.20976190 1.68677700 0.01962384
v -0.22791450 1.53279500 -0.05969719
v -0.30390560 1.53291800 -0.00454524
v -0.22481990 1.50132400 -0.00679313
v -0.29905970 1.54632500 -0.04950311
v -0.30390560 1.53291800 -0.00454524
v -0.22791450 1.53279500 -0.05969719
v -0.20936930 0.04634065 0.10468110
v -0.19561000 0.07204070 0.01866411
v -0.20233420 0.07595038 0.09329101
v -0.20525470 0.05141586 0.02259581
v -0.19561000 0.07204070 0.01866411
v -0.20936930 0.04634065 0.10468110
v -0.98640670 1.58947100 0.01165023
v -0.97364870 1.56326200 0.00880894
v -0.96816070 1.58943500 0.01443206
v -0.97757470 1.56326000 0.00348464
v -0.97364870 1.56326200 0.00880894
v -0.98640670 1.58947100 0.01165023
v -0.10861790 1.68316800 0.07231449
v -0.03260031 1.71656600 0.06775410
v -0.03260032 1.67538800 0.09205479
v -0.09019265 1.72387000 0.05515847
v -0.03260031 1.71656600 0.06775410
v -0.10861790 1.68316800 0.07231449
v -0.97024770 1.53685700 0.01383604
v -0.97364870 1.56326200 0.00880894
v -0.97757470 1.56326000 0.00348464
v -0.96696590 1.53801900 0.01497304
v -0.97364870 1.56326200 0.00880894
v -0.97024770 1.53685700 0.01383604
v -0.22985150 1.61245500 -0.08345225
v -0.29943870 1.66714600 -0.06312370
v -0.30096450 1.60925400 -0.07060773
v -0.22991880 1.68203400 -0.07489429
v -0.29943870 1.66714600 -0.06312370
v -0.22985150 1.61245500 -0.08345225
v -0.17731200 1.69359300 -0.09953590
v -0.20916020 1.70904300 -0.03661280
v -0.20627670 1.68374900 -0.08549351
v -0.18908630 1.71174900 -0.04159968
v -0.20916020 1.70904300 -0.03661280
v -0.17731200 1.69359300 -0.09953590
v -0.99730890 1.56161700 -0.00261653
v -0.97024770 1.53685700 0.01383604
v -0.97757470 1.56326000 0.00348464
v -0.98852280 1.53254500 0.00617348
v -0.97024770 1.53685700 0.01383604
v -0.99730890 1.56161700 -0.00261653
v -0.97024770 1.53685700 0.01383604
v -0.96307700 1.52915800 0.03913031
v -0.96696590 1.53801900 0.01497304
v -0.97055830 1.52706300 0.04304289
v -0.96307700 1.52915800 0.03913031
v -0.97024770 1.53685700 0.01383604
v -0.20976190 1.68677700 0.01962384
v -0.18908630 1.71174900 -0.04159968
v -0.18084690 1.69590100 0.02318369
v -0.20916020 1.70904300 -0.03661280
v -0.18908630 1.71174900 -0.04159968
v -0.20976190 1.68677700 0.01962384
v -0.29905970 1.54632500 -0.04950311
v -0.22985150 1.61245500 -0.08345225
v -0.30096450 1.60925400 -0.07060773
v -0.22791450 1.53279500 -0.05969719
v -0.22985150 1.61245500 -0.08345225
v -0.29905970 1.54632500 -0.04950311
v -0.99730890 1.56161700 -0.00261653
v -1.02342600 1.53735100 0.00420462
v -0.98852280 1.53254500 0.00617348
v -1.03110300 1.56234700 -0.00394534
v -1.02342600 1.53735100 0.00420462
v -0.99730890 1.56161700 -0.00261653
v -0.98707970 1.52291300 0.03047879
v -0.97024770 1.53685700 0.01383604
v -0.98852280 1.53254500 0.00617348
v -0.97055830 1.52706300 0.04304289
v -0.97024770 1.53685700 0.01383604
v -0.98707970 1.52291300 0.03047879
v -1.02342600 1.53735100 0.00420462
v -0.98707970 1.52291300 0.03047879
v -0.98852280 1.53254500 0.00617348
v -1.02193200 1.52942900 0.02686981
v -0.98707970 1.52291300 0.03047879
v -1.02342600 1.53735100 0.00420462
v -0.18908630 1.71174900 -0.04159968
v -0.13232040 1.73448700 0.01926132
v -0.18084690 1.69590100 0.02318369
v -0.14237010 1.73454500 -0.03652957
v -0.13232040 1.73448700 0.01926132
v -0.18908630 1.71174900 -0.04159968
v -1.06804800 1.56245200 -0.00293071
v -1.02342600 1.53735100 0.00420462
v -1.03110300 1.56234700 -0.00394534
v -1.06062100 1.54340500 0.00612245
v -1.02342600 1.53735100 0.00420462
v -1.06804800 1.56245200 -0.00293071
v -0.97308560 1.53794900 0.06698584
v -0.96307700 1.52915800 0.03913031
v -0.97055830 1.52706300 0.04304289
v -0.95701090 1.53948300 0.05570048
v -0.96307700 1.52915800 0.03913031
v -0.97308560 1.53794900 0.06698584
v -0.10971810 1.68083200 -0.11478870
v -0.13110770 1.73912400 -0.08466285
v -0.17731200 1.69359300 -0.09953590
v -0.08829058 1.73291600 -0.09808583
v -0.13110770 1.73912400 -0.08466285
v -0.10971810 1.68083200 -0.11478870
v -0.98707970 1.52291300 0.03047879
v -0.98678640 1.51404300 0.06512970
v -0.97055830 1.52706300 0.04304289
v -0.99799050 1.51485900 0.05397959
v -0.98678640 1.51404300 0.06512970
v -0.98707970 1.52291300 0.03047879
v -0.98678640 1.51404300 0.06512970
v -0.97308560 1.53794900 0.06698584
v -0.97055830 1.52706300 0.04304289
v -0.99352190 1.52418600 0.08130095
v -0.97308560 1.53794900 0.06698584
v -0.98678640 1.51404300 0.06512970
v -0.18908630 1.71174900 -0.04159968
v -0.13110770 1.73912400 -0.08466285
v -0.14237010 1.73454500 -0.03652957
v -0.17731200 1.69359300 -0.09953590
v -0.13110770 1.73912400 -0.08466285
v -0.18908630 1.71174900 -0.04159968
v -0.29943870 1.66714600 -0.06312370
v -0.39238380 1.66182600 -0.01140008
v -0.39013300 1.65105800 -0.05278102
v -0.30192680 1.68138600 -0.01851708
v -0.39238380 1.66182600 -0.01140008
v -0.29943870 1.66714600 -0.06312370
v -0.97308560 1.53794900 0.06698584
v -0.95318390 1.56635800 0.06161270
v -0.95701090 1.53948300 0.05570048
v -0.98135840 1.56471400 0.07435106
v -0.95318390 1.56635800 0.06161270
v -0.97308560 1.53794900 0.06698584
v -0.30527890 1.55696500 0.03613901
v -0.39884920 1.60296500 0.04805946
v -0.30468930 1.61113600 0.04786113
v -0.39966250 1.56207100 0.03659726
v -0.39884920 1.60296500 0.04805946
v -0.30527890 1.55696500 0.03613901
v -0.97308560 1.53794900 0.06698584
v -1.00180900 1.56334800 0.08166471
v -0.98135840 1.56471400 0.07435106
v -0.99352190 1.52418600 0.08130095
v -1.00180900 1.56334800 0.08166471
v -0.97308560 1.53794900 0.06698584
v -0.39884920 1.60296500 0.04805946
v -0.30307040 1.66271800 0.02972720
v -0.30468930 1.61113600 0.04786113
v -0.39569660 1.64302500 0.03242126
v -0.30307040 1.66271800 0.02972720
v -0.39884920 1.60296500 0.04805946
v -0.39077470 1.60093100 -0.06116210
v -0.29943870 1.66714600 -0.06312370
v -0.39013300 1.65105800 -0.05278102
v -0.30096450 1.60925400 -0.07060773
v -0.29943870 1.66714600 -0.06312370
v -0.39077470 1.60093100 -0.06116210
v -1.03372300 1.53162800 0.08700892
v -1.00180900 1.56334800 0.08166471
v -0.99352190 1.52418600 0.08130095
v -1.03584200 1.56416800 0.08480752
v -1.00180900 1.56334800 0.08166471
v -1.03372300 1.53162800 0.08700892
v -0.98678640 1.51404300 0.06512970
v -1.02462900 1.49451400 0.08776212
v -0.99352190 1.52418600 0.08130095
v -1.01602000 1.49212900 0.07672057
v -1.02462900 1.49451400 0.08776212
v -0.98678640 1.51404300 0.06512970
v -1.02462900 1.49451400 0.08776212
v -1.03372300 1.53162800 0.08700892
v -0.99352190 1.52418600 0.08130095
v -1.04890500 1.50107100 0.09182835
v -1.03372300 1.53162800 0.08700892
v -1.02462900 1.49451400 0.08776212
v -0.16188970 0.12010570 0.13931180
v -0.19686270 0.08368011 0.15925840
v -0.18443170 0.10551110 0.12948550
v -0.16454360 0.08646455 0.18126390
v -0.19686270 0.08368011 0.15925840
v -0.16188970 0.12010570 0.13931180
v -1.03372300 1.53162800 0.08700892
v -1.07278700 1.56427400 0.08582215
v -1.03584200 1.56416800 0.08480752
v -1.06861200 1.53894300 0.08394018
v -1.07278700 1.56427400 0.08582215
v -1.03372300 1.53162800 0.08700892
v -0.30527890 1.55696500 0.03613901
v -0.22481990 1.50132400 -0.00679313
v -0.30390560 1.53291800 -0.00454524
v -0.23067310 1.53851200 0.03990573
v -0.22481990 1.50132400 -0.00679313
v -0.30527890 1.55696500 0.03613901
v -1.08932400 1.54420100 0.07668448
v -1.07278700 1.56427400 0.08582215
v -1.06861200 1.53894300 0.08394018
v -1.10197300 1.56076100 0.08675121
v -1.07278700 1.56427400 0.08582215
v -1.08932400 1.54420100 0.07668448
v -1.03372300 1.53162800 0.08700892
v -1.07279500 1.50748000 0.08866773
v -1.06861200 1.53894300 0.08394018
v -1.04890500 1.50107100 0.09182835
v -1.07279500 1.50748000 0.08866773
v -1.03372300 1.53162800 0.08700892
v -1.07453300 1.53310500 0.06700052
v -1.08932400 1.54420100 0.07668448
v -1.06861200 1.53894300 0.08394018
v -1.08124600 1.53861900 0.04574349
v -1.08932400 1.54420100 0.07668448
v -1.07453300 1.53310500 0.06700052
v -1.07279500 1.50748000 0.08866773
v -1.07453300 1.53310500 0.06700052
v -1.06861200 1.53894300 0.08394018
v -1.08024600 1.50941900 0.07802878
v -1.07453300 1.53310500 0.06700052
v -1.07279500 1.50748000 0.08866773
v -0.47889600 1.63608200 -0.04265888
v -0.39238380 1.66182600 -0.01140008
v -0.48057570 1.64713900 -0.00662176
v -0.39013300 1.65105800 -0.05278102
v -0.39238380 1.66182600 -0.01140008
v -0.47889600 1.63608200 -0.04265888
v -1.08932400 1.54420100 0.07668448
v -1.12431200 1.55021300 0.08774106
v -1.10197300 1.56076100 0.08675121
v -1.10816600 1.53570500 0.07691982
v -1.12431200 1.55021300 0.08774106
v -1.08932400 1.54420100 0.07668448
v -0.03260041 1.82945200 -0.09213738
v -0.06071422 1.80880700 -0.07835462
v -0.03260039 1.80893900 -0.07464342
v -0.06104317 1.82937600 -0.09425804
v -0.06071422 1.80880700 -0.07835462
v -0.03260041 1.82945200 -0.09213738
v -0.30527890 1.55696500 0.03613901
v -0.39666270 1.54056300 -0.00124797
v -0.39966250 1.56207100 0.03659726
v -0.30390560 1.53291800 -0.00454524
v -0.39666270 1.54056300 -0.00124797
v -0.30527890 1.55696500 0.03613901
v -1.02462900 1.49451400 0.08776212
v -1.06658500 1.47882200 0.09281124
v -1.04890500 1.50107100 0.09182835
v -1.04660700 1.48042300 0.08851025
v -1.06658500 1.47882200 0.09281124
v -1.02462900 1.49451400 0.08776212
v -1.06658500 1.47882200 0.09281124
v -1.07279500 1.50748000 0.08866773
v -1.04890500 1.50107100 0.09182835
v -1.07699600 1.48860400 0.08910809
v -1.07279500 1.50748000 0.08866773
v -1.06658500 1.47882200 0.09281124
v -0.86619390 1.56995800 0.05976724
v -0.92910360 1.59440700 0.05266995
v -0.86621640 1.60212900 0.05028474
v -0.92853930 1.56675200 0.06077669
v -0.92910360 1.59440700 0.05266995
v -0.86619390 1.56995800 0.05976724
v -1.12340100 1.51895000 0.07773886
v -1.12431200 1.55021300 0.08774106
v -1.10816600 1.53570500 0.07691982
v -1.14071400 1.52921200 0.08893802
v -1.12431200 1.55021300 0.08774106
v -1.12340100 1.51895000 0.07773886
v -1.08932400 1.54420100 0.07668448
v -1.10063500 1.53039800 0.04422817
v -1.10816600 1.53570500 0.07691982
v -1.08124600 1.53861900 0.04574349
v -1.10063500 1.53039800 0.04422817
v -1.08932400 1.54420100 0.07668448
v -1.10063500 1.53039800 0.04422817
v -1.12340100 1.51895000 0.07773886
v -1.10816600 1.53570500 0.07691982
v -1.11605000 1.51492300 0.04442150
v -1.12340100 1.51895000 0.07773886
v -1.10063500 1.53039800 0.04422817
v -0.20976190 1.68677700 0.01962384
v -0.23306250 1.61403800 0.04924713
v -0.23353710 1.68195300 0.02541742
v -0.20506160 1.60922400 0.05421225
v -0.23306250 1.61403800 0.04924713
v -0.20976190 1.68677700 0.01962384
v -1.12340100 1.51895000 0.07773886
v -1.15019800 1.50931300 0.07881930
v -1.14071400 1.52921200 0.08893802
v -1.13473800 1.50838700 0.06980368
v -1.15019800 1.50931300 0.07881930
v -1.12340100 1.51895000 0.07773886
v -0.39666270 1.54056300 -0.00124797
v -0.29905970 1.54632500 -0.04950311
v -0.39258610 1.54983400 -0.04209695
v -0.30390560 1.53291800 -0.00454524
v -0.29905970 1.54632500 -0.04950311
v -0.39666270 1.54056300 -0.00124797
v -1.07453300 1.53310500 0.06700052
v -1.05877000 1.53765200 0.03202257
v -1.08124600 1.53861900 0.04574349
v -1.06097200 1.53067500 0.05531898
v -1.05877000 1.53765200 0.03202257
v -1.07453300 1.53310500 0.06700052
v -1.08577000 1.54283400 0.01011983
v -1.10063500 1.53039800 0.04422817
v -1.08124600 1.53861900 0.04574349
v -1.10461200 1.53433900 0.01035519
v -1.10063500 1.53039800 0.04422817
v -1.08577000 1.54283400 0.01011983
v -0.29905970 1.54632500 -0.04950311
v -0.39077470 1.60093100 -0.06116210
v -0.39258610 1.54983400 -0.04209695
v -0.30096450 1.60925400 -0.07060773
v -0.39077470 1.60093100 -0.06116210
v -0.29905970 1.54632500 -0.04950311
v -1.05877000 1.53765200 0.03202257
v -1.08577000 1.54283400 0.01011983
v -1.08124600 1.53861900 0.04574349
v -1.06062100 1.54340500 0.00612245
v -1.08577000 1.54283400 0.01011983
v -1.05877000 1.53765200 0.03202257
v -0.10746120 1.46798900 0.09546078
v -0.03260035 1.58008500 0.11301850
v -0.03260037 1.46587000 0.10641180
v -0.11155030 1.58849100 0.09521374
v -0.03260035 1.58008500 0.11301850
v -0.10746120 1.46798900 0.09546078
v -0.11581760 0.01611158 0.10124780
v -0.12482470 0.02548554 0.17738170
v -0.10415250 0.02733729 0.10565210
v -0.13213520 0.01944214 0.15429890
v -0.12482470 0.02548554 0.17738170
v -0.11581760 0.01611158 0.10124780
v -1.13169700 1.50215900 0.04530548
v -1.15019800 1.50931300 0.07881930
v -1.13473800 1.50838700 0.06980368
v -1.15177900 1.50207300 0.04586209
v -1.15019800 1.50931300 0.07881930
v -1.13169700 1.50215900 0.04530548
v -0.39666270 1.54056300 -0.00124797
v -0.48313320 1.54821700 -0.03571201
v -0.48573250 1.53847600 0.00021611
v -0.39258610 1.54983400 -0.04209695
v -0.48313320 1.54821700 -0.03571201
v -0.39666270 1.54056300 -0.00124797
v -1.12340100 1.51895000 0.07773886
v -1.13169700 1.50215900 0.04530548
v -1.13473800 1.50838700 0.06980368
v -1.11605000 1.51492300 0.04442150
v -1.13169700 1.50215900 0.04530548
v -1.12340100 1.51895000 0.07773886
v -1.13169700 1.50215900 0.04530548
v -1.14664300 1.50794700 0.01225467
v -1.15177900 1.50207300 0.04586209
v -1.13210500 1.50737500 0.02049655
v -1.14664300 1.50794700 0.01225467
v -1.13169700 1.50215900 0.04530548
v -1.10063500 1.53039800 0.04422817
v -1.11984700 1.51758400 0.01117423
v -1.11605000 1.51492300 0.04442150
v -1.10461200 1.53433900 0.01035519
v -1.11984700 1.51758400 0.01117423
v -1.10063500 1.53039800 0.04422817
v -1.11984700 1.51758400 0.01117423
v -1.13169700 1.50215900 0.04530548
v -1.11605000 1.51492300 0.04442150
v -1.13210500 1.50737500 0.02049655
v -1.13169700 1.50215900 0.04530548
v -1.11984700 1.51758400 0.01117423
v -1.11984700 1.51758400 0.01117423
v -1.14664300 1.50794700 0.01225467
v -1.13210500 1.50737500 0.02049655
v -1.13597500 1.52739000 0.00018517
v -1.14664300 1.50794700 0.01225467
v -1.11984700 1.51758400 0.01117423
v -0.13232040 1.73448700 0.01926132
v -0.06800154 1.74012200 0.04155518
v -0.09019265 1.72387000 0.05515847
v -0.09455245 1.74871400 0.01990188
v -0.06800154 1.74012200 0.04155518
v -0.13232040 1.73448700 0.01926132
v -1.11984700 1.51758400 0.01117423
v -1.11957300 1.54839100 -0.00101179
v -1.13597500 1.52739000 0.00018517
v -1.10461200 1.53433900 0.01035519
v -1.11957300 1.54839100 -0.00101179
v -1.11984700 1.51758400 0.01117423
v -1.08577000 1.54283400 0.01011983
v -1.11957300 1.54839100 -0.00101179
v -1.10461200 1.53433900 0.01035519
v -1.09723400 1.55894000 -0.00200164
v -1.11957300 1.54839100 -0.00101179
v -1.08577000 1.54283400 0.01011983
v -1.08577000 1.54283400 0.01011983
v -1.06804800 1.56245200 -0.00293071
v -1.09723400 1.55894000 -0.00200164
v -1.06062100 1.54340500 0.00612245
v -1.06804800 1.56245200 -0.00293071
v -1.08577000 1.54283400 0.01011983
v -0.39077470 1.60093100 -0.06116210
v -0.47889600 1.63608200 -0.04265888
v -0.47935350 1.59213700 -0.05136635
v -0.39013300 1.65105800 -0.05278102
v -0.47889600 1.63608200 -0.04265888
v -0.39077470 1.60093100 -0.06116210
v -0.17549540 1.60036900 0.06652404
v -0.20976190 1.68677700 0.01962384
v -0.18084690 1.69590100 0.02318369
v -0.20506160 1.60922400 0.05421225
v -0.20976190 1.68677700 0.01962384
v -0.17549540 1.60036900 0.06652404
v -1.05877000 1.53765200 0.03202257
v -1.02342600 1.53735100 0.00420462
v -1.06062100 1.54340500 0.00612245
v -1.02193200 1.52942900 0.02686981
v -1.02342600 1.53735100 0.00420462
v -1.05877000 1.53765200 0.03202257
v -0.48313320 1.54821700 -0.03571201
v -0.39077470 1.60093100 -0.06116210
v -0.47935350 1.59213700 -0.05136635
v -0.39258610 1.54983400 -0.04209695
v -0.39077470 1.60093100 -0.06116210
v -0.48313320 1.54821700 -0.03571201
v -1.05877000 1.53765200 0.03202257
v -1.02908800 1.52249800 0.05084401
v -1.02193200 1.52942900 0.02686981
v -1.06097200 1.53067500 0.05531898
v -1.02908800 1.52249800 0.05084401
v -1.05877000 1.53765200 0.03202257
v -0.59586020 1.53326000 0.00456704
v -0.74030190 1.54057400 0.04334426
v -0.59545050 1.54741100 0.03458389
v -0.74420980 1.52788700 0.01619516
v -0.74030190 1.54057400 0.04334426
v -0.59586020 1.53326000 0.00456704
v -1.02908800 1.52249800 0.05084401
v -0.98707970 1.52291300 0.03047879
v -1.02193200 1.52942900 0.02686981
v -0.99799050 1.51485900 0.05397959
v -0.98707970 1.52291300 0.03047879
v -1.02908800 1.52249800 0.05084401
v -0.06185816 1.78629400 0.03697591
v -0.08160764 1.76944400 0.01866283
v -0.08340746 1.78922300 0.02191790
v -0.06060449 1.76426700 0.03303450
v -0.08160764 1.76944400 0.01866283
v -0.06185816 1.78629400 0.03697591
v -1.07164100 1.50703600 0.06706283
v -1.02908800 1.52249800 0.05084401
v -1.06097200 1.53067500 0.05531898
v -1.04736200 1.50047800 0.06292102
v -1.02908800 1.52249800 0.05084401
v -1.07164100 1.50703600 0.06706283
v -0.19686270 0.08368011 0.15925840
v -0.18655720 0.10190190 0.08046047
v -0.18443170 0.10551110 0.12948550
v -0.20233420 0.07595038 0.09329101
v -0.18655720 0.10190190 0.08046047
v -0.19686270 0.08368011 0.15925840
v -1.07453300 1.53310500 0.06700052
v -1.07164100 1.50703600 0.06706283
v -1.06097200 1.53067500 0.05531898
v -1.08024600 1.50941900 0.07802878
v -1.07164100 1.50703600 0.06706283
v -1.07453300 1.53310500 0.06700052
v -0.08160764 1.76944400 0.01866283
v -0.08997203 1.79760800 -0.02415016
v -0.08340746 1.78922300 0.02191790
v -0.08860870 1.77713300 -0.02411782
v -0.08997203 1.79760800 -0.02415016
v -0.08160764 1.76944400 0.01866283
v -1.02908800 1.52249800 0.05084401
v -1.02346800 1.49406700 0.06600610
v -0.99799050 1.51485900 0.05397959
v -1.04736200 1.50047800 0.06292102
v -1.02346800 1.49406700 0.06600610
v -1.02908800 1.52249800 0.05084401
v -0.12361310 0.10233430 0.08060369
v -0.12841070 0.08415003 0.15940460
v -0.13612640 0.10584180 0.12956010
v -0.11149810 0.07658260 0.09377795
v -0.12841070 0.08415003 0.15940460
v -0.12361310 0.10233430 0.08060369
v -1.02346800 1.49406700 0.06600610
v -0.98678640 1.51404300 0.06512970
v -0.99799050 1.51485900 0.05397959
v -1.01602000 1.49212900 0.07672057
v -0.98678640 1.51404300 0.06512970
v -1.02346800 1.49406700 0.06600610
v -1.07164100 1.50703600 0.06706283
v -1.06542800 1.47837700 0.07113077
v -1.04736200 1.50047800 0.06292102
v -1.07614000 1.48827500 0.07308210
v -1.06542800 1.47837700 0.07113077
v -1.07164100 1.50703600 0.06706283
v -0.12482470 0.02548554 0.17738170
v -0.10829090 0.04705792 0.10552570
v -0.10415250 0.02733729 0.10565210
v -0.12742120 0.04449948 0.17785780
v -0.10829090 0.04705792 0.10552570
v -0.12482470 0.02548554 0.17738170
v -0.08923933 1.79983000 0.03575501
v -0.08997203 1.79760800 -0.02415016
v -0.09406202 1.81231500 -0.02294753
v -0.08340746 1.78922300 0.02191790
v -0.08997203 1.79760800 -0.02415016
v -0.08923933 1.79983000 0.03575501
v -1.06542800 1.47837700 0.07113077
v -1.02346800 1.49406700 0.06600610
v -1.04736200 1.50047800 0.06292102
v -1.04574800 1.48009200 0.07241702
v -1.02346800 1.49406700 0.06600610
v -1.06542800 1.47837700 0.07113077
v -1.08413900 1.48348100 0.08235432
v -1.07164100 1.50703600 0.06706283
v -1.08024600 1.50941900 0.07802878
v -1.07614000 1.48827500 0.07308210
v -1.07164100 1.50703600 0.06706283
v -1.08413900 1.48348100 0.08235432
v -0.10323840 1.84496300 -0.02071023
v -0.08923933 1.79983000 0.03575501
v -0.09406202 1.81231500 -0.02294753
v -0.09869868 1.83066300 0.05162562
v -0.08923933 1.79983000 0.03575501
v -0.10323840 1.84496300 -0.02071023
v -0.03260028 1.79658600 0.06483619
v -0.06185816 1.78629400 0.03697591
v -0.06561917 1.79619200 0.06075891
v -0.03260031 1.78610500 0.03672552
v -0.06185816 1.78629400 0.03697591
v -0.03260028 1.79658600 0.06483619
v -0.30527890 1.55696500 0.03613901
v -0.23306250 1.61403800 0.04924713
v -0.23067310 1.53851200 0.03990573
v -0.30468930 1.61113600 0.04786113
v -0.23306250 1.61403800 0.04924713
v -0.30527890 1.55696500 0.03613901
v -1.07279500 1.50748000 0.08866773
v -1.08413900 1.48348100 0.08235432
v -1.08024600 1.50941900 0.07802878
v -1.07699600 1.48860400 0.08910809
v -1.08413900 1.48348100 0.08235432
v -1.07279500 1.50748000 0.08866773
v -0.06185816 1.78629400 0.03697591
v -0.08923933 1.79983000 0.03575501
v -0.06561917 1.79619200 0.06075891
v -0.08340746 1.78922300 0.02191790
v -0.08923933 1.79983000 0.03575501
v -0.06185816 1.78629400 0.03697591
v -0.47889600 1.63608200 -0.04265888
v -0.58911250 1.63467900 0.00005290
v -0.58939630 1.62207500 -0.03045103
v -0.48057570 1.64713900 -0.00662176
v -0.58911250 1.63467900 0.00005290
v -0.47889600 1.63608200 -0.04265888
v -1.08413900 1.48348100 0.08235432
v -1.06542800 1.47837700 0.07113077
v -1.07614000 1.48827500 0.07308210
v -1.07196500 1.47120800 0.08350310
v -1.06542800 1.47837700 0.07113077
v -1.08413900 1.48348100 0.08235432
v -0.59182420 1.58303600 -0.03878956
v -0.47889600 1.63608200 -0.04265888
v -0.58939630 1.62207500 -0.03045103
v -0.47935350 1.59213700 -0.05136635
v -0.47889600 1.63608200 -0.04265888
v -0.59182420 1.58303600 -0.03878956
v -0.19864360 1.51771300 0.05080193
v -0.23306250 1.61403800 0.04924713
v -0.20506160 1.60922400 0.05421225
v -0.23067310 1.53851200 0.03990573
v -0.23306250 1.61403800 0.04924713
v -0.19864360 1.51771300 0.05080193
v -0.12482470 0.02548554 0.17738170
v -0.16482150 0.04343520 0.20195190
v -0.12742120 0.04449948 0.17785780
v -0.16510850 0.02464073 0.20127370
v -0.16482150 0.04343520 0.20195190
v -0.12482470 0.02548554 0.17738170
v -1.06658500 1.47882200 0.09281124
v -1.08413900 1.48348100 0.08235432
v -1.07699600 1.48860400 0.08910809
v -1.07196500 1.47120800 0.08350310
v -1.08413900 1.48348100 0.08235432
v -1.06658500 1.47882200 0.09281124
v -0.73559190 1.61178900 0.04068877
v -0.58911250 1.63467900 0.00005290
v -0.59051550 1.62192800 0.03168537
v -0.73792960 1.62284100 0.01265450
v -0.58911250 1.63467900 0.00005290
v -0.73559190 1.61178900 0.04068877
v -1.02346800 1.49406700 0.06600610
v -1.04787500 1.47371800 0.08158769
v -1.01602000 1.49212900 0.07672057
v -1.04574800 1.48009200 0.07241702
v -1.04787500 1.47371800 0.08158769
v -1.02346800 1.49406700 0.06600610
v -0.74183720 1.61015400 -0.01449462
v -0.58911250 1.63467900 0.00005290
v -0.73792960 1.62284100 0.01265450
v -0.58939630 1.62207500 -0.03045103
v -0.58911250 1.63467900 0.00005290
v -0.74183720 1.61015400 -0.01449462
v -0.03260038 1.37084500 0.09115651
v -0.09494151 1.29070900 0.08520129
v -0.09425938 1.39353900 0.08632338
v -0.03260041 1.26680200 0.08681287
v -0.09494151 1.29070900 0.08520129
v -0.03260038 1.37084500 0.09115651
v -1.04787500 1.47371800 0.08158769
v -1.02462900 1.49451400 0.08776212
v -1.01602000 1.49212900 0.07672057
v -1.04660700 1.48042300 0.08851025
v -1.02462900 1.49451400 0.08776212
v -1.04787500 1.47371800 0.08158769
v -0.10746120 1.46798900 0.09546078
v -0.03260038 1.37084500 0.09115651
v -0.09425938 1.39353900 0.08632338
v -0.03260037 1.46587000 0.10641180
v -0.03260038 1.37084500 0.09115651
v -0.10746120 1.46798900 0.09546078
v -0.59586020 1.53326000 0.00456704
v -0.48313320 1.54821700 -0.03571201
v -0.59458290 1.54446300 -0.02657834
v -0.48573250 1.53847600 0.00021611
v -0.48313320 1.54821700 -0.03571201
v -0.59586020 1.53326000 0.00456704
v -0.22481990 1.50132400 -0.00679313
v -0.19864360 1.51771300 0.05080193
v -0.19542620 1.48372500 -0.00755466
v -0.23067310 1.53851200 0.03990573
v -0.19864360 1.51771300 0.05080193
v -0.22481990 1.50132400 -0.00679313
v -0.16398230 0.01816009 0.17012540
v -0.11581760 0.01611158 0.10124780
v -0.16002090 0.01207165 0.09940351
v -0.13213520 0.01944214 0.15429890
v -0.11581760 0.01611158 0.10124780
v -0.16398230 0.01816009 0.17012540
v -0.17549540 1.60036900 0.06652404
v -0.10746120 1.46798900 0.09546078
v -0.17308070 1.47401300 0.06109994
v -0.11155030 1.58849100 0.09521374
v -0.10746120 1.46798900 0.09546078
v -0.17549540 1.60036900 0.06652404
v -0.19864360 1.51771300 0.05080193
v -0.17549540 1.60036900 0.06652404
v -0.17308070 1.47401300 0.06109994
v -0.20506160 1.60922400 0.05421225
v -0.17549540 1.60036900 0.06652404
v -0.19864360 1.51771300 0.05080193
v -0.10746120 1.46798900 0.09546078
v -0.14975210 1.38844900 0.08144134
v -0.17308070 1.47401300 0.06109994
v -0.09425938 1.39353900 0.08632338
v -0.14975210 1.38844900 0.08144134
v -0.10746120 1.46798900 0.09546078
v -0.18446820 1.44662200 -0.00762671
v -0.19864360 1.51771300 0.05080193
v -0.17308070 1.47401300 0.06109994
v -0.19542620 1.48372500 -0.00755466
v -0.19864360 1.51771300 0.05080193
v -0.18446820 1.44662200 -0.00762671
v -0.03260029 2.12995000 -0.01161638
v -0.06632477 2.11330200 -0.07388046
v -0.03260035 2.11330200 -0.07388049
v -0.06345634 2.12995000 -0.01161635
v -0.06632477 2.11330200 -0.07388046
v -0.03260029 2.12995000 -0.01161638
v -1.06542800 1.47837700 0.07113077
v -1.04787500 1.47371800 0.08158769
v -1.04574800 1.48009200 0.07241702
v -1.07196500 1.47120800 0.08350310
v -1.04787500 1.47371800 0.08158769
v -1.06542800 1.47837700 0.07113077
v -0.48313320 1.54821700 -0.03571201
v -0.59182420 1.58303600 -0.03878956
v -0.59458290 1.54446300 -0.02657834
v -0.47935350 1.59213700 -0.05136635
v -0.59182420 1.58303600 -0.03878956
v -0.48313320 1.54821700 -0.03571201
v -1.06658500 1.47882200 0.09281124
v -1.04787500 1.47371800 0.08158769
v -1.07196500 1.47120800 0.08350310
v -1.04660700 1.48042300 0.08851025
v -1.04787500 1.47371800 0.08158769
v -1.06658500 1.47882200 0.09281124
v -0.17312060 1.59598800 -0.11111890
v -0.20627670 1.68374900 -0.08549351
v -0.20219090 1.60652500 -0.09920354
v -0.17731200 1.69359300 -0.09953590
v -0.20627670 1.68374900 -0.08549351
v -0.17312060 1.59598800 -0.11111890
v -0.03260022 2.07567200 0.08582199
v -0.06632467 2.11774600 0.05116613
v -0.03260024 2.11776700 0.05174195
v -0.07492976 2.07559000 0.08351859
v -0.06632467 2.11774600 0.05116613
v -0.03260022 2.07567200 0.08582199
v -0.10617360 0.05579386 -0.02882266
v -0.09879577 0.02933644 0.02420120
v -0.10276390 0.05089466 0.02371315
v -0.10445820 0.03062352 -0.02885500
v -0.09879577 0.02933644 0.02420120
v -0.10617360 0.05579386 -0.02882266
v -0.03260043 1.38355400 -0.09104804
v -0.10722500 1.30652200 -0.10611920
v -0.03260042 1.30487400 -0.09657098
v -0.10652580 1.38389100 -0.10155350
v -0.10722500 1.30652200 -0.10611920
v -0.03260043 1.38355400 -0.09104804
v -0.59586020 1.53326000 0.00456704
v -0.74654720 1.53893900 -0.01183913
v -0.74420980 1.52788700 0.01619516
v -0.59458290 1.54446300 -0.02657834
v -0.74654720 1.53893900 -0.01183913
v -0.59586020 1.53326000 0.00456704
v -0.09494151 1.29070900 0.08520129
v -0.03260041 1.16888200 0.08556961
v -0.10914080 1.17110800 0.08537567
v -0.03260041 1.26680200 0.08681287
v -0.03260041 1.16888200 0.08556961
v -0.09494151 1.29070900 0.08520129
v -0.03260041 1.16888200 0.08556961
v -0.10882080 1.10138100 0.09411342
v -0.10914080 1.17110800 0.08537567
v -0.03260041 1.09954100 0.09479825
v -0.10882080 1.10138100 0.09411342
v -0.03260041 1.16888200 0.08556961
v -0.10861790 1.68316800 0.07231449
v -0.03260035 1.58008500 0.11301850
v -0.11155030 1.58849100 0.09521374
v -0.03260032 1.67538800 0.09205479
v -0.03260035 1.58008500 0.11301850
v -0.10861790 1.68316800 0.07231449
v -0.59182420 1.58303600 -0.03878956
v -0.74183720 1.61015400 -0.01449462
v -0.74523310 1.57427500 -0.02236411
v -0.58939630 1.62207500 -0.03045103
v -0.74183720 1.61015400 -0.01449462
v -0.59182420 1.58303600 -0.03878956
v -0.18446820 1.44662200 -0.00762671
v -0.14975210 1.38844900 0.08144134
v -0.16829900 1.39700000 -0.00744511
v -0.17308070 1.47401300 0.06109994
v -0.14975210 1.38844900 0.08144134
v -0.18446820 1.44662200 -0.00762671
v -0.11689660 0.01059287 -0.02906810
v -0.15615890 0.00702559 0.02196952
v -0.11135010 0.01283461 0.02290572
v -0.15533110 0.00367185 -0.02931487
v -0.15615890 0.00702559 0.02196952
v -0.11689660 0.01059287 -0.02906810
v -0.14975210 1.38844900 0.08144134
v -0.09494151 1.29070900 0.08520129
v -0.15090990 1.29045100 0.05242853
v -0.09425938 1.39353900 0.08632338
v -0.09494151 1.29070900 0.08520129
v -0.14975210 1.38844900 0.08144134
v -0.09494151 1.29070900 0.08520129
v -0.16622090 1.18265400 0.05500203
v -0.15090990 1.29045100 0.05242853
v -0.10914080 1.17110800 0.08537567
v -0.16622090 1.18265400 0.05500203
v -0.09494151 1.29070900 0.08520129
v -0.16956610 1.30871100 -0.00639044
v -0.14975210 1.38844900 0.08144134
v -0.15090990 1.29045100 0.05242853
v -0.16829900 1.39700000 -0.00744511
v -0.14975210 1.38844900 0.08144134
v -0.16956610 1.30871100 -0.00639044
v -0.06632477 2.11330200 -0.07388046
v -0.09233513 2.11550400 -0.01193300
v -0.08952247 2.10256400 -0.06011036
v -0.06345634 2.12995000 -0.01161635
v -0.09233513 2.11550400 -0.01193300
v -0.06632477 2.11330200 -0.07388046
v -0.06632467 2.11774600 0.05116613
v -0.03260029 2.12995000 -0.01161638
v -0.03260024 2.11776700 0.05174195
v -0.06345634 2.12995000 -0.01161635
v -0.03260029 2.12995000 -0.01161638
v -0.06632467 2.11774600 0.05116613
v -0.03260043 1.38355400 -0.09104804
v -0.10799700 1.46623800 -0.10309580
v -0.10652580 1.38389100 -0.10155350
v -0.03260043 1.46642700 -0.09510993
v -0.10799700 1.46623800 -0.10309580
v -0.03260043 1.38355400 -0.09104804
v -0.06632467 2.11774600 0.05116613
v -0.09233513 2.11550400 -0.01193300
v -0.06345634 2.12995000 -0.01161635
v -0.08952239 2.10598900 0.03626360
v -0.09233513 2.11550400 -0.01193300
v -0.06632467 2.11774600 0.05116613
v -0.10799700 1.46623800 -0.10309580
v -0.14973480 1.40424200 -0.08840718
v -0.10652580 1.38389100 -0.10155350
v -0.17263370 1.46900000 -0.09575903
v -0.14973480 1.40424200 -0.08840718
v -0.10799700 1.46623800 -0.10309580
v -0.16956610 1.30871100 -0.00639044
v -0.16622090 1.18265400 0.05500203
v -0.18579070 1.20833800 -0.00386200
v -0.15090990 1.29045100 0.05242853
v -0.16622090 1.18265400 0.05500203
v -0.16956610 1.30871100 -0.00639044
v -0.15615890 0.00702559 0.02196952
v -0.11581760 0.01611158 0.10124780
v -0.11135010 0.01283461 0.02290572
v -0.16002090 0.01207165 0.09940351
v -0.11581760 0.01611158 0.10124780
v -0.15615890 0.00702559 0.02196952
v -0.16622090 1.18265400 0.05500203
v -0.10882080 1.10138100 0.09411342
v -0.16738400 1.11303100 0.06533671
v -0.10914080 1.17110800 0.08537567
v -0.10882080 1.10138100 0.09411342
v -0.16622090 1.18265400 0.05500203
v -0.18947700 1.13969900 -0.00098565
v -0.16622090 1.18265400 0.05500203
v -0.16738400 1.11303100 0.06533671
v -0.18579070 1.20833800 -0.00386200
v -0.16622090 1.18265400 0.05500203
v -0.18947700 1.13969900 -0.00098565
v -0.74654720 1.53893900 -0.01183913
v -0.59182420 1.58303600 -0.03878956
v -0.74523310 1.57427500 -0.02236411
v -0.59458290 1.54446300 -0.02657834
v -0.59182420 1.58303600 -0.03878956
v -0.74654720 1.53893900 -0.01183913
v -0.09879577 0.02933644 0.02420120
v -0.11689660 0.01059287 -0.02906810
v -0.11135010 0.01283461 0.02290572
v -0.10445820 0.03062352 -0.02885500
v -0.11689660 0.01059287 -0.02906810
v -0.09879577 0.02933644 0.02420120
v -0.10882080 1.10138100 0.09411342
v -0.03260041 1.05454500 0.09612349
v -0.10760360 1.05544500 0.09497447
v -0.03260041 1.09954100 0.09479825
v -0.03260041 1.05454500 0.09612349
v -0.10882080 1.10138100 0.09411342
v -0.16778650 1.06290300 0.06668275
v -0.10882080 1.10138100 0.09411342
v -0.10760360 1.05544500 0.09497447
v -0.16738400 1.11303100 0.06533671
v -0.10882080 1.10138100 0.09411342
v -0.16778650 1.06290300 0.06668275
v -0.09879577 0.02933644 0.02420120
v -0.10829090 0.04705792 0.10552570
v -0.10276390 0.05089466 0.02371315
v -0.10415250 0.02733729 0.10565210
v -0.10829090 0.04705792 0.10552570
v -0.09879577 0.02933644 0.02420120
v -0.59314850 1.58490300 0.04340951
v -0.73559190 1.61178900 0.04068877
v -0.59051550 1.62192800 0.03168537
v -0.73690610 1.57645400 0.05121375
v -0.73559190 1.61178900 0.04068877
v -0.59314850 1.58490300 0.04340951
v -0.06632467 2.11774600 0.05116613
v -0.10667690 2.07465200 0.05711479
v -0.08952239 2.10598900 0.03626360
v -0.07492976 2.07559000 0.08351859
v -0.10667690 2.07465200 0.05711479
v -0.06632467 2.11774600 0.05116613
v -0.08156370 2.00543800 0.09559754
v -0.03260021 1.91162800 0.11965650
v -0.07851855 1.90924300 0.09755939
v -0.03260021 1.96650900 0.11763710
v -0.03260021 1.91162800 0.11965650
v -0.08156370 2.00543800 0.09559754
v -0.10799700 1.46623800 -0.10309580
v -0.17312060 1.59598800 -0.11111890
v -0.17263370 1.46900000 -0.09575903
v -0.11112690 1.58097700 -0.11170130
v -0.17312060 1.59598800 -0.11111890
v -0.10799700 1.46623800 -0.10309580
v -0.10702750 1.02551900 0.11484370
v -0.03260041 1.05454500 0.09612349
v -0.03260041 1.02141800 0.10121740
v -0.10760360 1.05544500 0.09497447
v -0.03260041 1.05454500 0.09612349
v -0.10702750 1.02551900 0.11484370
v -0.74183720 1.61015400 -0.01449462
v -0.87201300 1.61202000 0.02506721
v -0.87924210 1.60025500 0.00065719
v -0.73792960 1.62284100 0.01265450
v -0.87201300 1.61202000 0.02506721
v -0.74183720 1.61015400 -0.01449462
v -0.96024180 1.59894400 0.03371920
v -0.92910360 1.59440700 0.05266995
v -0.95357930 1.59137100 0.05376566
v -0.93572770 1.60283200 0.03112921
v -0.92910360 1.59440700 0.05266995
v -0.96024180 1.59894400 0.03371920
v -0.18947700 1.13969900 -0.00098565
v -0.16778650 1.06290300 0.06668275
v -0.19078070 1.08005300 -0.00071009
v -0.16738400 1.11303100 0.06533671
v -0.16778650 1.06290300 0.06668275
v -0.18947700 1.13969900 -0.00098565
v -0.10667710 2.06971800 -0.08172914
v -0.09233513 2.11550400 -0.01193300
v -0.11725940 2.07216500 -0.01288302
v -0.08952247 2.10256400 -0.06011036
v -0.09233513 2.11550400 -0.01193300
v -0.10667710 2.06971800 -0.08172914
v -0.16778650 1.06290300 0.06668275
v -0.10702750 1.02551900 0.11484370
v -0.16731870 1.02782800 0.08687872
v -0.10760360 1.05544500 0.09497447
v -0.10702750 1.02551900 0.11484370
v -0.16778650 1.06290300 0.06668275
v -0.19178790 1.03290600 0.00077779
v -0.16778650 1.06290300 0.06668275
v -0.16731870 1.02782800 0.08687872
v -0.19078070 1.08005300 -0.00071009
v -0.16778650 1.06290300 0.06668275
v -0.19178790 1.03290600 0.00077779
v -0.88356140 1.56745900 -0.00640283
v -0.74183720 1.61015400 -0.01449462
v -0.87924210 1.60025500 0.00065719
v -0.74523310 1.57427500 -0.02236411
v -0.74183720 1.61015400 -0.01449462
v -0.88356140 1.56745900 -0.00640283
v -0.16398230 0.01816009 0.17012540
v -0.20405820 0.01546337 0.10042610
v -0.19361530 0.01900228 0.15392180
v -0.16002090 0.01207165 0.09940351
v -0.20405820 0.01546337 0.10042610
v -0.16398230 0.01816009 0.17012540
v -0.10702750 1.02551900 0.11484370
v -0.05197957 1.00316100 0.08971293
v -0.10817830 1.00376200 0.12161310
v -0.03260041 1.02141800 0.10121740
v -0.05197957 1.00316100 0.08971293
v -0.10702750 1.02551900 0.11484370
v -0.16939580 1.00398200 0.09526473
v -0.10702750 1.02551900 0.11484370
v -0.10817830 1.00376200 0.12161310
v -0.16731870 1.02782800 0.08687872
v -0.10702750 1.02551900 0.11484370
v -0.16939580 1.00398200 0.09526473
v -0.19698910 1.51074500 -0.07456055
v -0.18446820 1.44662200 -0.00762671
v -0.17263370 1.46900000 -0.09575903
v -0.19542620 1.48372500 -0.00755466
v -0.18446820 1.44662200 -0.00762671
v -0.19698910 1.51074500 -0.07456055
v -0.10829090 0.04705792 0.10552570
v -0.10752250 0.07187378 0.01929873
v -0.10276390 0.05089466 0.02371315
v -0.11149810 0.07658260 0.09377795
v -0.10752250 0.07187378 0.01929873
v -0.10829090 0.04705792 0.10552570
v -0.05197957 1.00316100 0.08971293
v -0.03266957 1.01261100 -0.01340631
v -0.03325860 1.00117800 -0.00462151
v -0.03260041 1.02141800 0.10121740
v -0.03266957 1.01261100 -0.01340631
v -0.05197957 1.00316100 0.08971293
v -0.06071422 1.80880700 -0.07835462
v -0.03260039 1.78652800 -0.06837888
v -0.03260039 1.80893900 -0.07464342
v -0.06060455 1.78637800 -0.07262023
v -0.03260039 1.78652800 -0.06837888
v -0.06071422 1.80880700 -0.07835462
v -0.11238110 0.94879200 0.12010520
v -0.05197957 1.00316100 0.08971293
v -0.05528655 0.94629760 0.09029276
v -0.10817830 1.00376200 0.12161310
v -0.05197957 1.00316100 0.08971293
v -0.11238110 0.94879200 0.12010520
v -0.05197957 1.00316100 0.08971293
v -0.03927480 0.94153770 0.01143771
v -0.05528655 0.94629760 0.09029276
v -0.03325860 1.00117800 -0.00462151
v -0.03927480 0.94153770 0.01143771
v -0.05197957 1.00316100 0.08971293
v -0.94358380 1.59262300 0.01028334
v -0.87201300 1.61202000 0.02506721
v -0.93572770 1.60283200 0.03112921
v -0.87924210 1.60025500 0.00065719
v -0.87201300 1.61202000 0.02506721
v -0.94358380 1.59262300 0.01028334
v -0.10667690 2.07465200 0.05711479
v -0.09233513 2.11550400 -0.01193300
v -0.08952239 2.10598900 0.03626360
v -0.11725940 2.07216500 -0.01288302
v -0.09233513 2.11550400 -0.01193300
v -0.10667690 2.07465200 0.05711479
v -0.19178790 1.03290600 0.00077779
v -0.16939580 1.00398200 0.09526473
v -0.19437790 1.00283700 0.00778086
v -0.16731870 1.02782800 0.08687872
v -0.16939580 1.00398200 0.09526473
v -0.19178790 1.03290600 0.00077779
v -0.03260038 2.06890200 -0.10467790
v -0.06632477 2.11330200 -0.07388046
v -0.07492991 2.06890200 -0.10467790
v -0.03260035 2.11330200 -0.07388049
v -0.06632477 2.11330200 -0.07388046
v -0.03260038 2.06890200 -0.10467790
v -0.16939580 1.00398200 0.09526473
v -0.11238110 0.94879200 0.12010520
v -0.17319550 0.94802760 0.09648145
v -0.10817830 1.00376200 0.12161310
v -0.11238110 0.94879200 0.12010520
v -0.16939580 1.00398200 0.09526473
v -0.19732070 0.94373210 0.01687480
v -0.16939580 1.00398200 0.09526473
v -0.17319550 0.94802760 0.09648145
v -0.19437790 1.00283700 0.00778086
v -0.16939580 1.00398200 0.09526473
v -0.19732070 0.94373210 0.01687480
v -0.03260043 1.57490300 -0.10783170
v -0.10799700 1.46623800 -0.10309580
v -0.03260043 1.46642700 -0.09510993
v -0.11112690 1.58097700 -0.11170130
v -0.10799700 1.46623800 -0.10309580
v -0.03260043 1.57490300 -0.10783170
v -0.06632477 2.11330200 -0.07388046
v -0.10667710 2.06971800 -0.08172914
v -0.07492991 2.06890200 -0.10467790
v -0.08952247 2.10256400 -0.06011036
v -0.10667710 2.06971800 -0.08172914
v -0.06632477 2.11330200 -0.07388046
v -0.11238110 0.94879200 0.12010520
v -0.07155342 0.81551310 0.08970547
v -0.12471330 0.81767960 0.11445270
v -0.05528655 0.94629760 0.09029276
v -0.07155342 0.81551310 0.08970547
v -0.11238110 0.94879200 0.12010520
v -0.17960590 0.81544770 0.09305279
v -0.11238110 0.94879200 0.12010520
v -0.12471330 0.81767960 0.11445270
v -0.17319550 0.94802760 0.09648145
v -0.11238110 0.94879200 0.12010520
v -0.17960590 0.81544770 0.09305279
v -0.94358380 1.59262300 0.01028334
v -0.96024180 1.59894400 0.03371920
v -0.96816070 1.58943500 0.01443206
v -0.93572770 1.60283200 0.03112921
v -0.96024180 1.59894400 0.03371920
v -0.94358380 1.59262300 0.01028334
v -0.16482150 0.04343520 0.20195190
v -0.19686270 0.08368011 0.15925840
v -0.16454360 0.08646455 0.18126390
v -0.19922610 0.04400301 0.17762180
v -0.19686270 0.08368011 0.15925840
v -0.16482150 0.04343520 0.20195190
v -0.07155342 0.81551310 0.08970547
v -0.03927480 0.94153770 0.01143771
v -0.05601845 0.80861410 0.02041756
v -0.05528655 0.94629760 0.09029276
v -0.03927480 0.94153770 0.01143771
v -0.07155342 0.81551310 0.08970547
v -0.73559190 1.61178900 0.04068877
v -0.87201300 1.61202000 0.02506721
v -0.73792960 1.62284100 0.01265450
v -0.86621640 1.60212900 0.05028474
v -0.87201300 1.61202000 0.02506721
v -0.73559190 1.61178900 0.04068877
v -0.07155342 0.81551310 0.08970547
v -0.07262582 0.67977050 0.03062833
v -0.08851670 0.68791260 0.08936056
v -0.05601845 0.80861410 0.02041756
v -0.07262582 0.67977050 0.03062833
v -0.07155342 0.81551310 0.08970547
v -0.03260043 1.57490300 -0.10783170
v -0.10971810 1.68083200 -0.11478870
v -0.11112690 1.58097700 -0.11170130
v -0.03260042 1.67254100 -0.11320840
v -0.10971810 1.68083200 -0.11478870
v -0.03260043 1.57490300 -0.10783170
v -0.13611270 0.69028960 0.10913360
v -0.07155342 0.81551310 0.08970547
v -0.08851670 0.68791260 0.08936056
v -0.12471330 0.81767960 0.11445270
v -0.07155342 0.81551310 0.08970547
v -0.13611270 0.69028960 0.10913360
v -0.87774220 1.52539700 0.02829721
v -0.74654720 1.53893900 -0.01183913
v -0.88353890 1.53528800 0.00307969
v -0.74420980 1.52788700 0.01619516
v -0.74654720 1.53893900 -0.01183913
v -0.87774220 1.52539700 0.02829721
v -0.19732070 0.94373210 0.01687480
v -0.17960590 0.81544770 0.09305279
v -0.19948590 0.80897960 0.02428171
v -0.17319550 0.94802760 0.09648145
v -0.17960590 0.81544770 0.09305279
v -0.19732070 0.94373210 0.01687480
v -0.08041984 2.00499400 -0.11541390
v -0.03260038 2.06890200 -0.10467790
v -0.07492991 2.06890200 -0.10467790
v -0.03260040 2.00499400 -0.11541390
v -0.03260038 2.06890200 -0.10467790
v -0.08041984 2.00499400 -0.11541390
v -0.17960590 0.81544770 0.09305279
v -0.13611270 0.69028960 0.10913360
v -0.18393250 0.68768620 0.08966258
v -0.12471330 0.81767960 0.11445270
v -0.13611270 0.69028960 0.10913360
v -0.17960590 0.81544770 0.09305279
v -0.20021200 0.67961320 0.03093673
v -0.17960590 0.81544770 0.09305279
v -0.18393250 0.68768620 0.08966258
v -0.19948590 0.80897960 0.02428171
v -0.17960590 0.81544770 0.09305279
v -0.20021200 0.67961320 0.03093673
v -0.74654720 1.53893900 -0.01183913
v -0.88356140 1.56745900 -0.00640283
v -0.88353890 1.53528800 0.00307969
v -0.74523310 1.57427500 -0.02236411
v -0.88356140 1.56745900 -0.00640283
v -0.74654720 1.53893900 -0.01183913
v -0.11581760 0.01611158 0.10124780
v -0.09879577 0.02933644 0.02420120
v -0.11135010 0.01283461 0.02290572
v -0.10415250 0.02733729 0.10565210
v -0.09879577 0.02933644 0.02420120
v -0.11581760 0.01611158 0.10124780
v -0.13611270 0.69028960 0.10913360
v -0.09412207 0.63834970 0.09027033
v -0.13894720 0.64155580 0.10874280
v -0.08851670 0.68791260 0.08936056
v -0.09412207 0.63834970 0.09027033
v -0.13611270 0.69028960 0.10913360
v -0.12841070 0.08415003 0.15940460
v -0.16188970 0.12010570 0.13931180
v -0.13612640 0.10584180 0.12956010
v -0.16454360 0.08646455 0.18126390
v -0.16188970 0.12010570 0.13931180
v -0.12841070 0.08415003 0.15940460
v -0.18371850 0.63794820 0.09018581
v -0.13611270 0.69028960 0.10913360
v -0.13894720 0.64155580 0.10874280
v -0.18393250 0.68768620 0.08966258
v -0.13611270 0.69028960 0.10913360
v -0.18371850 0.63794820 0.09018581
v -0.10829090 0.04705792 0.10552570
v -0.12841070 0.08415003 0.15940460
v -0.11149810 0.07658260 0.09377795
v -0.12742120 0.04449948 0.17785780
v -0.12841070 0.08415003 0.15940460
v -0.10829090 0.04705792 0.10552570
v -0.19561000 0.07204070 0.01866411
v -0.19688580 0.06019610 -0.02916835
v -0.19134200 0.08071619 -0.02931975
v -0.20525470 0.05141586 0.02259581
v -0.19688580 0.06019610 -0.02916835
v -0.19561000 0.07204070 0.01866411
v -0.03260022 2.07567200 0.08582199
v -0.08156370 2.00543800 0.09559754
v -0.07492976 2.07559000 0.08351859
v -0.03260021 1.96650900 0.11763710
v -0.08156370 2.00543800 0.09559754
v -0.03260022 2.07567200 0.08582199
v -0.18655720 0.10190190 0.08046047
v -0.19561000 0.07204070 0.01866411
v -0.17901870 0.11754430 0.01582816
v -0.20233420 0.07595038 0.09329101
v -0.19561000 0.07204070 0.01866411
v -0.18655720 0.10190190 0.08046047
v -0.14677460 0.14036600 0.03125871
v -0.18655720 0.10190190 0.08046047
v -0.17901870 0.11754430 0.01582816
v -0.15447480 0.11073530 0.07619794
v -0.18655720 0.10190190 0.08046047
v -0.14677460 0.14036600 0.03125871
v -0.19561000 0.07204070 0.01866411
v -0.18832580 0.14275920 -0.02453201
v -0.17901870 0.11754430 0.01582816
v -0.19134200 0.08071619 -0.02931975
v -0.18832580 0.14275920 -0.02453201
v -0.19561000 0.07204070 0.01866411
v -0.87774220 1.52539700 0.02829721
v -0.94728140 1.53671800 0.01236794
v -0.94065750 1.52829300 0.03390868
v -0.88353890 1.53528800 0.00307969
v -0.94728140 1.53671800 0.01236794
v -0.87774220 1.52539700 0.02829721
v -0.10971810 1.68083200 -0.11478870
v -0.17312060 1.59598800 -0.11111890
v -0.11112690 1.58097700 -0.11170130
v -0.17731200 1.69359300 -0.09953590
v -0.17312060 1.59598800 -0.11111890
v -0.10971810 1.68083200 -0.11478870
v -0.20021200 0.67961320 0.03093673
v -0.18371850 0.63794820 0.09018581
v -0.19997680 0.62699880 0.03444124
v -0.18393250 0.68768620 0.08966258
v -0.18371850 0.63794820 0.09018581
v -0.20021200 0.67961320 0.03093673
v -0.10667710 2.06971800 -0.08172914
v -0.12938320 2.00504500 -0.01470524
v -0.11657040 2.00500700 -0.09023672
v -0.11725940 2.07216500 -0.01288302
v -0.12938320 2.00504500 -0.01470524
v -0.10667710 2.06971800 -0.08172914
v -0.18371850 0.63794820 0.09018581
v -0.13893110 0.62212500 0.10744390
v -0.18196020 0.61774040 0.08882547
v -0.13894720 0.64155580 0.10874280
v -0.13893110 0.62212500 0.10744390
v -0.18371850 0.63794820 0.09018581
v -0.17549540 1.60036900 0.06652404
v -0.10861790 1.68316800 0.07231449
v -0.11155030 1.58849100 0.09521374
v -0.18084690 1.69590100 0.02318369
v -0.10861790 1.68316800 0.07231449
v -0.17549540 1.60036900 0.06652404
v -0.19901210 0.60455330 0.03266841
v -0.18371850 0.63794820 0.09018581
v -0.18196020 0.61774040 0.08882547
v -0.19997680 0.62699880 0.03444124
v -0.18371850 0.63794820 0.09018581
v -0.19901210 0.60455330 0.03266841
v -0.08041984 2.00499400 -0.11541390
v -0.10667710 2.06971800 -0.08172914
v -0.11657040 2.00500700 -0.09023672
v -0.07492991 2.06890200 -0.10467790
v -0.10667710 2.06971800 -0.08172914
v -0.08041984 2.00499400 -0.11541390
v -0.17512050 0.29166840 0.03046700
v -0.18832580 0.14275920 -0.02453201
v -0.19084870 0.29418770 -0.00958082
v -0.17901870 0.11754430 0.01582816
v -0.18832580 0.14275920 -0.02453201
v -0.17512050 0.29166840 0.03046700
v -0.19901210 0.60455330 0.03266841
v -0.18009240 0.56943090 0.07991349
v -0.19782090 0.55487440 0.02348882
v -0.18196020 0.61774040 0.08882547
v -0.18009240 0.56943090 0.07991349
v -0.19901210 0.60455330 0.03266841
v -0.93280120 1.53850200 0.05475456
v -0.95318390 1.56635800 0.06161270
v -0.92853930 1.56675200 0.06077669
v -0.95701090 1.53948300 0.05570048
v -0.95318390 1.56635800 0.06161270
v -0.93280120 1.53850200 0.05475456
v -0.12938320 2.00504500 -0.01470524
v -0.10609330 1.92718000 -0.09253009
v -0.11657040 2.00500700 -0.09023672
v -0.11986080 1.91925900 -0.01763855
v -0.10609330 1.92718000 -0.09253009
v -0.12938320 2.00504500 -0.01470524
v -0.17512050 0.29166840 0.03046700
v -0.19524470 0.45798490 0.00875083
v -0.17797710 0.46494440 0.06089367
v -0.19084870 0.29418770 -0.00958082
v -0.19524470 0.45798490 0.00875083
v -0.17512050 0.29166840 0.03046700
v -0.19524470 0.45798490 0.00875083
v -0.18009240 0.56943090 0.07991349
v -0.17797710 0.46494440 0.06089367
v -0.19782090 0.55487440 0.02348882
v -0.18009240 0.56943090 0.07991349
v -0.19524470 0.45798490 0.00875083
v -0.96307700 1.52915800 0.03913031
v -0.94728140 1.53671800 0.01236794
v -0.96696590 1.53801900 0.01497304
v -0.94065750 1.52829300 0.03390868
v -0.94728140 1.53671800 0.01236794
v -0.96307700 1.52915800 0.03913031
v -0.13232040 1.73448700 0.01926132
v -0.10861790 1.68316800 0.07231449
v -0.18084690 1.69590100 0.02318369
v -0.09019265 1.72387000 0.05515847
v -0.10861790 1.68316800 0.07231449
v -0.13232040 1.73448700 0.01926132
v -0.14677460 0.14036600 0.03125871
v -0.17512050 0.29166840 0.03046700
v -0.14326010 0.29123180 0.04384603
v -0.17901870 0.11754430 0.01582816
v -0.17512050 0.29166840 0.03046700
v -0.14677460 0.14036600 0.03125871
v -0.17512050 0.29166840 0.03046700
v -0.14173070 0.46766470 0.07830107
v -0.14326010 0.29123180 0.04384603
v -0.17797710 0.46494440 0.06089367
v -0.14173070 0.46766470 0.07830107
v -0.17512050 0.29166840 0.03046700
v -0.94358380 1.59262300 0.01028334
v -0.97364870 1.56326200 0.00880894
v -0.94784580 1.56437300 0.00426120
v -0.96816070 1.58943500 0.01443206
v -0.97364870 1.56326200 0.00880894
v -0.94358380 1.59262300 0.01028334
v -0.88356140 1.56745900 -0.00640283
v -0.94358380 1.59262300 0.01028334
v -0.94784580 1.56437300 0.00426120
v -0.87924210 1.60025500 0.00065719
v -0.94358380 1.59262300 0.01028334
v -0.88356140 1.56745900 -0.00640283
v -0.10617360 0.05579386 -0.02882266
v -0.10752250 0.07187378 0.01929873
v -0.11020070 0.07813370 -0.02911822
v -0.10276390 0.05089466 0.02371315
v -0.10752250 0.07187378 0.01929873
v -0.10617360 0.05579386 -0.02882266
v -0.03260041 1.72834900 -0.09609257
v -0.10971810 1.68083200 -0.11478870
v -0.03260042 1.67254100 -0.11320840
v -0.08829058 1.73291600 -0.09808583
v -0.10971810 1.68083200 -0.11478870
v -0.03260041 1.72834900 -0.09609257
v -0.12361310 0.10233430 0.08060369
v -0.14677460 0.14036600 0.03125871
v -0.11536650 0.11790680 0.01595601
v -0.15447480 0.11073530 0.07619794
v -0.14677460 0.14036600 0.03125871
v -0.12361310 0.10233430 0.08060369
v -0.10752250 0.07187378 0.01929873
v -0.12361310 0.10233430 0.08060369
v -0.11536650 0.11790680 0.01595601
v -0.11149810 0.07658260 0.09377795
v -0.12361310 0.10233430 0.08060369
v -0.10752250 0.07187378 0.01929873
v -0.14677460 0.14036600 0.03125871
v -0.11139050 0.29257290 0.03053050
v -0.11536650 0.11790680 0.01595601
v -0.14326010 0.29123180 0.04384603
v -0.11139050 0.29257290 0.03053050
v -0.14677460 0.14036600 0.03125871
v -0.10914860 0.14283580 -0.02445110
v -0.10752250 0.07187378 0.01929873
v -0.11536650 0.11790680 0.01595601
v -0.11020070 0.07813370 -0.02911822
v -0.10752250 0.07187378 0.01929873
v -0.10914860 0.14283580 -0.02445110
v -0.07135135 1.82637200 0.08681095
v -0.08923933 1.79983000 0.03575501
v -0.09869868 1.83066300 0.05162562
v -0.06561917 1.79619200 0.06075891
v -0.08923933 1.79983000 0.03575501
v -0.07135135 1.82637200 0.08681095
v -0.18009240 0.56943090 0.07991349
v -0.13893110 0.62212500 0.10744390
v -0.14001170 0.57367450 0.09866320
v -0.18196020 0.61774040 0.08882547
v -0.13893110 0.62212500 0.10744390
v -0.18009240 0.56943090 0.07991349
v -0.14173070 0.46766470 0.07830107
v -0.18009240 0.56943090 0.07991349
v -0.14001170 0.57367450 0.09866320
v -0.17797710 0.46494440 0.06089367
v -0.18009240 0.56943090 0.07991349
v -0.14173070 0.46766470 0.07830107
v -0.97364870 1.56326200 0.00880894
v -0.94728140 1.53671800 0.01236794
v -0.94784580 1.56437300 0.00426120
v -0.96696590 1.53801900 0.01497304
v -0.94728140 1.53671800 0.01236794
v -0.97364870 1.56326200 0.00880894
v -0.94728140 1.53671800 0.01236794
v -0.88356140 1.56745900 -0.00640283
v -0.94784580 1.56437300 0.00426120
v -0.88353890 1.53528800 0.00307969
v -0.88356140 1.56745900 -0.00640283
v -0.94728140 1.53671800 0.01236794
v -0.09412207 0.63834970 0.09027033
v -0.07262582 0.67977050 0.03062833
v -0.07780144 0.62728830 0.03446652
v -0.08851670 0.68791260 0.08936056
v -0.07262582 0.67977050 0.03062833
v -0.09412207 0.63834970 0.09027033
v -0.92910360 1.59440700 0.05266995
v -0.87201300 1.61202000 0.02506721
v -0.86621640 1.60212900 0.05028474
v -0.93572770 1.60283200 0.03112921
v -0.87201300 1.61202000 0.02506721
v -0.92910360 1.59440700 0.05266995
v -0.13893110 0.62212500 0.10744390
v -0.09412207 0.63834970 0.09027033
v -0.09554219 0.61796800 0.08884870
v -0.13894720 0.64155580 0.10874280
v -0.09412207 0.63834970 0.09027033
v -0.13893110 0.62212500 0.10744390
v -0.09845407 0.56886660 0.07993365
v -0.13893110 0.62212500 0.10744390
v -0.09554219 0.61796800 0.08884870
v -0.14001170 0.57367450 0.09866320
v -0.13893110 0.62212500 0.10744390
v -0.09845407 0.56886660 0.07993365
v -0.09412207 0.63834970 0.09027033
v -0.07741233 0.60461030 0.03267409
v -0.09554219 0.61796800 0.08884870
v -0.07780144 0.62728830 0.03446652
v -0.07741233 0.60461030 0.03267409
v -0.09412207 0.63834970 0.09027033
v -0.74030190 1.54057400 0.04334426
v -0.59314850 1.58490300 0.04340951
v -0.59545050 1.54741100 0.03458389
v -0.73690610 1.57645400 0.05121375
v -0.59314850 1.58490300 0.04340951
v -0.74030190 1.54057400 0.04334426
v -0.10914860 0.14283580 -0.02445110
v -0.11139050 0.29257290 0.03053050
v -0.09562466 0.29536640 -0.00950831
v -0.11536650 0.11790680 0.01595601
v -0.11139050 0.29257290 0.03053050
v -0.10914860 0.14283580 -0.02445110
v -0.21191970 0.02934953 0.02282902
v -0.20936930 0.04634065 0.10468110
v -0.21522580 0.02653228 0.10462240
v -0.20525470 0.05141586 0.02259581
v -0.20936930 0.04634065 0.10468110
v -0.21191970 0.02934953 0.02282902
v -0.11139050 0.29257290 0.03053050
v -0.14173070 0.46766470 0.07830107
v -0.10367220 0.46577520 0.06095133
v -0.14326010 0.29123180 0.04384603
v -0.14173070 0.46766470 0.07830107
v -0.11139050 0.29257290 0.03053050
v -0.14173070 0.46766470 0.07830107
v -0.09845407 0.56886660 0.07993365
v -0.10367220 0.46577520 0.06095133
v -0.14001170 0.57367450 0.09866320
v -0.09845407 0.56886660 0.07993365
v -0.14173070 0.46766470 0.07830107
v -0.08094402 0.45889830 0.00881766
v -0.11139050 0.29257290 0.03053050
v -0.10367220 0.46577520 0.06095133
v -0.09562466 0.29536640 -0.00950831
v -0.11139050 0.29257290 0.03053050
v -0.08094402 0.45889830 0.00881766
v -0.48354520 1.63128400 0.03108627
v -0.58911250 1.63467900 0.00005290
v -0.48057570 1.64713900 -0.00662176
v -0.59051550 1.62192800 0.03168537
v -0.58911250 1.63467900 0.00005290
v -0.48354520 1.63128400 0.03108627
v -0.09845407 0.56886660 0.07993365
v -0.07741233 0.60461030 0.03267409
v -0.07654147 0.55552250 0.02353948
v -0.09554219 0.61796800 0.08884870
v -0.07741233 0.60461030 0.03267409
v -0.09845407 0.56886660 0.07993365
v -0.08094402 0.45889830 0.00881766
v -0.09845407 0.56886660 0.07993365
v -0.07654147 0.55552250 0.02353948
v -0.10367220 0.46577520 0.06095133
v -0.09845407 0.56886660 0.07993365
v -0.08094402 0.45889830 0.00881766
v -0.03260031 1.71656600 0.06775410
v -0.06800154 1.74012200 0.04155518
v -0.03260032 1.73564200 0.04609916
v -0.09019265 1.72387000 0.05515847
v -0.06800154 1.74012200 0.04155518
v -0.03260031 1.71656600 0.06775410
v -0.08094402 0.45889830 0.00881766
v -0.08493493 0.54126260 -0.03307288
v -0.08678780 0.45169160 -0.04335220
v -0.07654147 0.55552250 0.02353948
v -0.08493493 0.54126260 -0.03307288
v -0.08094402 0.45889830 0.00881766
vt 0.867598 0.043082
vt 0.843154 0.028322
vt 0.873287 0.030750
vt 0.837377 0.038678
vt 0.843154 0.028322
vt 0.867598 0.043082
vt 0.819908 0.044722
vt 0.852998 0.033042
vt 0.821481 0.033481
vt 0.848870 0.045445
vt 0.852998 0.033042
vt 0.819908 0.044722
vt 0.867598 0.043082
vt 0.826696 0.068675
vt 0.837377 0.038678
vt 0.867719 0.073329
vt 0.826696 0.068675
vt 0.867598 0.043082
vt 0.852998 0.033042
vt 0.867598 0.043082
vt 0.873287 0.030750
vt 0.848870 0.045445
vt 0.867598 0.043082
vt 0.852998 0.033042
vt 0.847111 0.074936
vt 0.867598 0.043082
vt 0.848870 0.045445
vt 0.867719 0.073329
vt 0.867598 0.043082
vt 0.847111 0.074936
vt 0.847593 0.824397
vt 0.960495 0.837258
vt 0.936417 0.826744
vt 0.877377 0.834068
vt 0.960495 0.837258
vt 0.847593 0.824397
vt 0.783779 0.030354
vt 0.819908 0.044722
vt 0.821481 0.033481
vt 0.785346 0.039867
vt 0.819908 0.044722
vt 0.783779 0.030354
vt 0.738918 0.727061
vt 0.743188 0.723063
vt 0.744199 0.722607
vt 0.739097 0.727577
vt 0.743188 0.723063
vt 0.738918 0.727061
vt 0.819908 0.044722
vt 0.847111 0.074936
vt 0.848870 0.045445
vt 0.816534 0.073402
vt 0.847111 0.074936
vt 0.819908 0.044722
vt 0.780279 0.068632
vt 0.819908 0.044722
vt 0.785346 0.039867
vt 0.816534 0.073402
vt 0.819908 0.044722
vt 0.780279 0.068632
vt 0.783779 0.030354
vt 0.820749 0.019110
vt 0.782760 0.017902
vt 0.821481 0.033481
vt 0.820749 0.019110
vt 0.783779 0.030354
vt 0.820749 0.019110
vt 0.852998 0.033042
vt 0.852419 0.018533
vt 0.821481 0.033481
vt 0.852998 0.033042
vt 0.820749 0.019110
vt 0.847111 0.074936
vt 0.890075 0.140549
vt 0.867719 0.073329
vt 0.855229 0.140707
vt 0.890075 0.140549
vt 0.847111 0.074936
vt 0.738281 0.727309
vt 0.744926 0.721116
vt 0.746963 0.721756
vt 0.738305 0.726254
vt 0.744926 0.721116
vt 0.738281 0.727309
vt 0.811832 0.140090
vt 0.847111 0.074936
vt 0.816534 0.073402
vt 0.855229 0.140707
vt 0.847111 0.074936
vt 0.811832 0.140090
vt 0.785220 0.007504
vt 0.820749 0.019110
vt 0.814765 0.010500
vt 0.782760 0.017902
vt 0.820749 0.019110
vt 0.785220 0.007504
vt 0.855905 0.468367
vt 0.751933 0.483952
vt 0.867862 0.486052
vt 0.743835 0.469855
vt 0.751933 0.483952
vt 0.855905 0.468367
vt 0.733942 0.746331
vt 0.735061 0.766402
vt 0.738568 0.762652
vt 0.728466 0.749967
vt 0.735061 0.766402
vt 0.733942 0.746331
vt 0.918678 0.437862
vt 0.855905 0.468367
vt 0.939231 0.467963
vt 0.835223 0.438876
vt 0.855905 0.468367
vt 0.918678 0.437862
vt 0.855905 0.468367
vt 0.732950 0.441954
vt 0.743835 0.469855
vt 0.835223 0.438876
vt 0.732950 0.441954
vt 0.855905 0.468367
vt 0.873199 0.017329
vt 0.843154 0.028322
vt 0.846315 0.016654
vt 0.873287 0.030750
vt 0.843154 0.028322
vt 0.873199 0.017329
vt 0.852998 0.033042
vt 0.873199 0.017329
vt 0.852419 0.018533
vt 0.873287 0.030750
vt 0.873199 0.017329
vt 0.852998 0.033042
vt 0.968806 0.375509
vt 0.918678 0.437862
vt 0.013347 0.438646
vt 0.881847 0.374384
vt 0.918678 0.437862
vt 0.968806 0.375509
vt 0.873199 0.017329
vt 0.828279 0.007367
vt 0.853245 0.009786
vt 0.846315 0.016654
vt 0.828279 0.007367
vt 0.873199 0.017329
vt 0.918678 0.437862
vt 0.809231 0.375472
vt 0.835223 0.438876
vt 0.881847 0.374384
vt 0.809231 0.375472
vt 0.918678 0.437862
vt 0.738918 0.727061
vt 0.744926 0.721116
vt 0.738305 0.726254
vt 0.744199 0.722607
vt 0.744926 0.721116
vt 0.738918 0.727061
vt 0.780279 0.068632
vt 0.811832 0.140090
vt 0.816534 0.073402
vt 0.761234 0.138838
vt 0.811832 0.140090
vt 0.780279 0.068632
vt 0.738918 0.727061
vt 0.736317 0.740687
vt 0.737333 0.739491
vt 0.738305 0.726254
vt 0.736317 0.740687
vt 0.738918 0.727061
vt 0.811832 0.140090
vt 0.861393 0.210536
vt 0.855229 0.140707
vt 0.804014 0.211458
vt 0.861393 0.210536
vt 0.811832 0.140090
vt 0.820749 0.019110
vt 0.839131 0.007158
vt 0.814765 0.010500
vt 0.852419 0.018533
vt 0.839131 0.007158
vt 0.820749 0.019110
vt 0.738663 0.214752
vt 0.811832 0.140090
vt 0.761234 0.138838
vt 0.804014 0.211458
vt 0.811832 0.140090
vt 0.738663 0.214752
vt 0.853245 0.009786
vt 0.852419 0.018533
vt 0.873199 0.017329
vt 0.839131 0.007158
vt 0.852419 0.018533
vt 0.853245 0.009786
vt 0.809231 0.375472
vt 0.732950 0.441954
vt 0.835223 0.438876
vt 0.722625 0.378682
vt 0.732950 0.441954
vt 0.809231 0.375472
vt 0.739360 0.751690
vt 0.737590 0.739404
vt 0.737333 0.739491
vt 0.739497 0.750437
vt 0.737590 0.739404
vt 0.739360 0.751690
vt 0.843135 0.312704
vt 0.809231 0.375472
vt 0.881847 0.374384
vt 0.786319 0.313997
vt 0.809231 0.375472
vt 0.843135 0.312704
vt 0.809231 0.375472
vt 0.714155 0.317848
vt 0.722625 0.378682
vt 0.786319 0.313997
vt 0.714155 0.317848
vt 0.809231 0.375472
vt 0.785220 0.007504
vt 0.839131 0.007158
vt 0.798559 0.004155
vt 0.814765 0.010500
vt 0.839131 0.007158
vt 0.785220 0.007504
vt 0.043076 0.905878
vt 0.001027 0.875067
vt 0.988180 0.905878
vt 0.045844 0.875076
vt 0.001027 0.875067
vt 0.043076 0.905878
vt 0.738663 0.214752
vt 0.791235 0.253522
vt 0.804014 0.211458
vt 0.721718 0.259635
vt 0.791235 0.253522
vt 0.738663 0.214752
vt 0.777486 0.287830
vt 0.714155 0.317848
vt 0.786319 0.313997
vt 0.710098 0.293152
vt 0.714155 0.317848
vt 0.777486 0.287830
vt 0.839131 0.007158
vt 0.828279 0.007367
vt 0.798559 0.004155
vt 0.853245 0.009786
vt 0.828279 0.007367
vt 0.839131 0.007158
vt 0.736317 0.740687
vt 0.738998 0.758684
vt 0.738855 0.754875
vt 0.735683 0.743104
vt 0.738998 0.758684
vt 0.736317 0.740687
vt 0.711743 0.282668
vt 0.791235 0.253522
vt 0.721718 0.259635
vt 0.780045 0.275960
vt 0.791235 0.253522
vt 0.711743 0.282668
vt 0.777486 0.287830
vt 0.711743 0.282668
vt 0.710098 0.293152
vt 0.780045 0.275960
vt 0.711743 0.282668
vt 0.777486 0.287830
vt 0.749656 0.723614
vt 0.733672 0.733185
vt 0.737575 0.729822
vt 0.750666 0.725417
vt 0.733672 0.733185
vt 0.749656 0.723614
vt 0.994341 0.826742
vt 0.052056 0.811125
vt 0.962092 0.813167
vt 0.065273 0.826154
vt 0.052056 0.811125
vt 0.994341 0.826742
vt 0.777486 0.287830
vt 0.832765 0.272694
vt 0.780045 0.275960
vt 0.828080 0.286064
vt 0.832765 0.272694
vt 0.777486 0.287830
vt 0.963536 0.856597
vt 0.829353 0.865969
vt 0.956380 0.872783
vt 0.856912 0.850615
vt 0.829353 0.865969
vt 0.963536 0.856597
vt 0.843135 0.312704
vt 0.777486 0.287830
vt 0.786319 0.313997
vt 0.828080 0.286064
vt 0.777486 0.287830
vt 0.843135 0.312704
vt 0.035375 0.514604
vt 0.947778 0.486436
vt 0.948061 0.515220
vt 0.036936 0.481876
vt 0.947778 0.486436
vt 0.035375 0.514604
vt 0.316165 0.441084
vt 0.968806 0.375509
vt 0.013347 0.438646
vt 0.439514 0.378661
vt 0.968806 0.375509
vt 0.316165 0.441084
vt 0.036936 0.481876
vt 0.939231 0.467963
vt 0.947778 0.486436
vt 0.018997 0.468197
vt 0.939231 0.467963
vt 0.036936 0.481876
vt 0.968806 0.375509
vt 0.843135 0.312704
vt 0.881847 0.374384
vt 0.888724 0.313989
vt 0.843135 0.312704
vt 0.968806 0.375509
vt 0.843135 0.312704
vt 0.853960 0.287863
vt 0.828080 0.286064
vt 0.888724 0.313989
vt 0.853960 0.287863
vt 0.843135 0.312704
vt 0.538406 0.317933
vt 0.968806 0.375509
vt 0.439514 0.378661
vt 0.888724 0.313989
vt 0.968806 0.375509
vt 0.538406 0.317933
vt 0.018997 0.468197
vt 0.188024 0.474509
vt 0.227154 0.469132
vt 0.036936 0.481876
vt 0.188024 0.474509
vt 0.018997 0.468197
vt 0.890075 0.140549
vt 0.826696 0.068675
vt 0.867719 0.073329
vt 0.792954 0.139390
vt 0.826696 0.068675
vt 0.890075 0.140549
vt 0.018997 0.468197
vt 0.316165 0.441084
vt 0.013347 0.438646
vt 0.227154 0.469132
vt 0.316165 0.441084
vt 0.018997 0.468197
vt 0.890075 0.140549
vt 0.671235 0.215181
vt 0.792954 0.139390
vt 0.919867 0.211810
vt 0.671235 0.215181
vt 0.890075 0.140549
vt 0.861393 0.210536
vt 0.890075 0.140549
vt 0.855229 0.140707
vt 0.919867 0.211810
vt 0.890075 0.140549
vt 0.861393 0.210536
vt 0.894158 0.816005
vt 0.994341 0.826742
vt 0.962092 0.813167
vt 0.936417 0.826744
vt 0.994341 0.826742
vt 0.894158 0.816005
vt 0.791235 0.253522
vt 0.861393 0.210536
vt 0.804014 0.211458
vt 0.849440 0.250980
vt 0.861393 0.210536
vt 0.791235 0.253522
vt 0.832765 0.272694
vt 0.791235 0.253522
vt 0.780045 0.275960
vt 0.849440 0.250980
vt 0.791235 0.253522
vt 0.832765 0.272694
vt 0.861393 0.210536
vt 0.906780 0.253307
vt 0.919867 0.211810
vt 0.849440 0.250980
vt 0.906780 0.253307
vt 0.861393 0.210536
vt 0.070806 0.838487
vt 0.994341 0.826742
vt 0.010060 0.838416
vt 0.065273 0.826154
vt 0.994341 0.826742
vt 0.070806 0.838487
vt 0.538406 0.317933
vt 0.853960 0.287863
vt 0.888724 0.313989
vt 0.557996 0.293289
vt 0.853960 0.287863
vt 0.538406 0.317933
vt 0.936417 0.826744
vt 0.818941 0.813452
vt 0.847593 0.824397
vt 0.894158 0.816005
vt 0.818941 0.813452
vt 0.936417 0.826744
vt 0.853960 0.287863
vt 0.832765 0.272694
vt 0.828080 0.286064
vt 0.867466 0.275794
vt 0.832765 0.272694
vt 0.853960 0.287863
vt 0.832765 0.272694
vt 0.906780 0.253307
vt 0.849440 0.250980
vt 0.867466 0.275794
vt 0.906780 0.253307
vt 0.832765 0.272694
vt 0.560044 0.282705
vt 0.853960 0.287863
vt 0.557996 0.293289
vt 0.867466 0.275794
vt 0.853960 0.287863
vt 0.560044 0.282705
vt 0.018997 0.468197
vt 0.918678 0.437862
vt 0.939231 0.467963
vt 0.013347 0.438646
vt 0.918678 0.437862
vt 0.018997 0.468197
vt 0.560044 0.282705
vt 0.906780 0.253307
vt 0.867466 0.275794
vt 0.577897 0.259945
vt 0.906780 0.253307
vt 0.560044 0.282705
vt 0.947778 0.486436
vt 0.855905 0.468367
vt 0.867862 0.486052
vt 0.939231 0.467963
vt 0.855905 0.468367
vt 0.947778 0.486436
vt 0.947778 0.486436
vt 0.868918 0.513571
vt 0.948061 0.515220
vt 0.867862 0.486052
vt 0.868918 0.513571
vt 0.947778 0.486436
vt 0.829353 0.865969
vt 0.933771 0.904636
vt 0.956380 0.872783
vt 0.799680 0.900911
vt 0.933771 0.904636
vt 0.829353 0.865969
vt 0.738281 0.727309
vt 0.736317 0.740687
vt 0.738305 0.726254
vt 0.735683 0.743104
vt 0.736317 0.740687
vt 0.738281 0.727309
vt 0.868918 0.513571
vt 0.751933 0.483952
vt 0.753247 0.506147
vt 0.867862 0.486052
vt 0.751933 0.483952
vt 0.868918 0.513571
vt 0.979133 0.941233
vt 0.043076 0.905878
vt 0.988180 0.905878
vt 0.043814 0.941233
vt 0.043076 0.905878
vt 0.979133 0.941233
vt 0.868918 0.513571
vt 0.752683 0.534233
vt 0.866541 0.545799
vt 0.753247 0.506147
vt 0.752683 0.534233
vt 0.868918 0.513571
vt 0.944950 0.548380
vt 0.868918 0.513571
vt 0.866541 0.545799
vt 0.948061 0.515220
vt 0.868918 0.513571
vt 0.944950 0.548380
vt 0.035375 0.514604
vt 0.944950 0.548380
vt 0.039131 0.547426
vt 0.948061 0.515220
vt 0.944950 0.548380
vt 0.035375 0.514604
vt 0.867952 0.577611
vt 0.752683 0.534233
vt 0.755308 0.566554
vt 0.866541 0.545799
vt 0.752683 0.534233
vt 0.867952 0.577611
vt 0.944950 0.548380
vt 0.867952 0.577611
vt 0.942509 0.579981
vt 0.866541 0.545799
vt 0.867952 0.577611
vt 0.944950 0.548380
vt 0.867952 0.577611
vt 0.760405 0.613767
vt 0.886402 0.621529
vt 0.755308 0.566554
vt 0.760405 0.613767
vt 0.867952 0.577611
vt 0.885176 0.658709
vt 0.760405 0.613767
vt 0.762213 0.655356
vt 0.886402 0.621529
vt 0.760405 0.613767
vt 0.885176 0.658709
vt 0.867952 0.577611
vt 0.939989 0.612737
vt 0.942509 0.579981
vt 0.886402 0.621529
vt 0.939989 0.612737
vt 0.867952 0.577611
vt 0.939989 0.612737
vt 0.885176 0.658709
vt 0.938472 0.649131
vt 0.886402 0.621529
vt 0.885176 0.658709
vt 0.939989 0.612737
vt 0.885176 0.658709
vt 0.759997 0.678803
vt 0.866052 0.689243
vt 0.762213 0.655356
vt 0.759997 0.678803
vt 0.885176 0.658709
vt 0.944950 0.548380
vt 0.045035 0.578994
vt 0.039131 0.547426
vt 0.942509 0.579981
vt 0.045035 0.578994
vt 0.944950 0.548380
vt 0.045035 0.578994
vt 0.939989 0.612737
vt 0.051816 0.611962
vt 0.942509 0.579981
vt 0.939989 0.612737
vt 0.045035 0.578994
vt 0.511258 0.857226
vt 0.457666 0.897322
vt 0.521593 0.896200
vt 0.447448 0.857394
vt 0.457666 0.897322
vt 0.511258 0.857226
vt 0.425851 0.843217
vt 0.511258 0.857226
vt 0.501097 0.843032
vt 0.447448 0.857394
vt 0.511258 0.857226
vt 0.425851 0.843217
vt 0.725599 0.016081
vt 0.785220 0.007504
vt 0.724790 0.008213
vt 0.782760 0.017902
vt 0.785220 0.007504
vt 0.725599 0.016081
vt 0.603736 0.897250
vt 0.829353 0.865969
vt 0.591606 0.859243
vt 0.799680 0.900911
vt 0.829353 0.865969
vt 0.603736 0.897250
vt 0.603736 0.897250
vt 0.511258 0.857226
vt 0.521593 0.896200
vt 0.591606 0.859243
vt 0.511258 0.857226
vt 0.603736 0.897250
vt 0.606340 0.014122
vt 0.585258 0.010977
vt 0.574732 0.013998
vt 0.612025 0.011356
vt 0.585258 0.010977
vt 0.606340 0.014122
vt 0.606340 0.014122
vt 0.651160 0.024002
vt 0.654160 0.014819
vt 0.604165 0.022958
vt 0.651160 0.024002
vt 0.606340 0.014122
vt 0.598147 0.058220
vt 0.657967 0.049748
vt 0.619823 0.051447
vt 0.639199 0.053843
vt 0.657967 0.049748
vt 0.598147 0.058220
vt 0.994341 0.826742
vt 0.960495 0.837258
vt 0.010060 0.838416
vt 0.936417 0.826744
vt 0.960495 0.837258
vt 0.994341 0.826742
vt 0.009103 0.848965
vt 0.960495 0.837258
vt 0.961544 0.847586
vt 0.010060 0.838416
vt 0.960495 0.837258
vt 0.009103 0.848965
vt 0.960495 0.837258
vt 0.872980 0.843698
vt 0.961544 0.847586
vt 0.877377 0.834068
vt 0.872980 0.843698
vt 0.960495 0.837258
vt 0.574327 0.022711
vt 0.606340 0.014122
vt 0.574732 0.013998
vt 0.604165 0.022958
vt 0.606340 0.014122
vt 0.574327 0.022711
vt 0.651519 0.009686
vt 0.606340 0.014122
vt 0.654160 0.014819
vt 0.612025 0.011356
vt 0.606340 0.014122
vt 0.651519 0.009686
vt 0.783779 0.030354
vt 0.725599 0.016081
vt 0.724699 0.026311
vt 0.782760 0.017902
vt 0.725599 0.016081
vt 0.783779 0.030354
vt 0.933771 0.904636
vt 0.979133 0.941233
vt 0.988180 0.905878
vt 0.917634 0.941239
vt 0.979133 0.941233
vt 0.933771 0.904636
vt 0.749902 0.749754
vt 0.753271 0.737528
vt 0.751032 0.750473
vt 0.751804 0.738177
vt 0.753271 0.737528
vt 0.749902 0.749754
vt 0.847593 0.824397
vt 0.705011 0.813912
vt 0.655170 0.820702
vt 0.818941 0.813452
vt 0.705011 0.813912
vt 0.847593 0.824397
vt 0.751287 0.749175
vt 0.753271 0.737528
vt 0.753603 0.737969
vt 0.751032 0.750473
vt 0.753271 0.737528
vt 0.751287 0.749175
vt 0.749902 0.749754
vt 0.743879 0.755022
vt 0.743760 0.753809
vt 0.751032 0.750473
vt 0.743879 0.755022
vt 0.749902 0.749754
vt 0.603736 0.897250
vt 0.785847 0.941257
vt 0.799680 0.900911
vt 0.610738 0.941315
vt 0.785847 0.941257
vt 0.603736 0.897250
vt 0.743879 0.755022
vt 0.751287 0.749175
vt 0.743985 0.753156
vt 0.751032 0.750473
vt 0.751287 0.749175
vt 0.743879 0.755022
vt 0.751287 0.749175
vt 0.753408 0.738144
vt 0.751136 0.746757
vt 0.753603 0.737969
vt 0.753408 0.738144
vt 0.751287 0.749175
vt 0.737478 0.750195
vt 0.743879 0.755022
vt 0.736582 0.750998
vt 0.743760 0.753809
vt 0.743879 0.755022
vt 0.737478 0.750195
vt 0.749902 0.749754
vt 0.744442 0.753817
vt 0.749149 0.749671
vt 0.743760 0.753809
vt 0.744442 0.753817
vt 0.749902 0.749754
vt 0.744442 0.753817
vt 0.737478 0.750195
vt 0.739497 0.750437
vt 0.743760 0.753809
vt 0.737478 0.750195
vt 0.744442 0.753817
vt 0.720115 0.753592
vt 0.735061 0.766402
vt 0.728466 0.749967
vt 0.729439 0.771275
vt 0.735061 0.766402
vt 0.720115 0.753592
vt 0.737590 0.739404
vt 0.737478 0.750195
vt 0.735096 0.738766
vt 0.739497 0.750437
vt 0.737478 0.750195
vt 0.737590 0.739404
vt 0.733672 0.733185
vt 0.720115 0.753592
vt 0.728466 0.749967
vt 0.727313 0.735508
vt 0.720115 0.753592
vt 0.733672 0.733185
vt 0.733825 0.738229
vt 0.737478 0.750195
vt 0.736582 0.750998
vt 0.735096 0.738766
vt 0.737478 0.750195
vt 0.733825 0.738229
vt 0.750707 0.725899
vt 0.733672 0.733185
vt 0.750666 0.725417
vt 0.727313 0.735508
vt 0.733672 0.733185
vt 0.750707 0.725899
vt 0.832988 0.709107
vt 0.879283 0.749130
vt 0.866052 0.689243
vt 0.854417 0.754140
vt 0.879283 0.749130
vt 0.832988 0.709107
vt 0.735061 0.766402
vt 0.756998 0.779592
vt 0.754031 0.773419
vt 0.729439 0.771275
vt 0.756998 0.779592
vt 0.735061 0.766402
vt 0.733825 0.738229
vt 0.736569 0.749728
vt 0.733828 0.738707
vt 0.736582 0.750998
vt 0.736569 0.749728
vt 0.733825 0.738229
vt 0.736569 0.749728
vt 0.743879 0.755022
vt 0.743985 0.753156
vt 0.736582 0.750998
vt 0.743879 0.755022
vt 0.736569 0.749728
vt 0.526981 0.941441
vt 0.603736 0.897250
vt 0.521593 0.896200
vt 0.610738 0.941315
vt 0.603736 0.897250
vt 0.526981 0.941441
vt 0.843644 0.789217
vt 0.777433 0.797268
vt 0.791876 0.800619
vt 0.825457 0.788422
vt 0.777433 0.797268
vt 0.843644 0.789217
vt 0.561862 0.041566
vt 0.574327 0.022711
vt 0.555232 0.023195
vt 0.581240 0.042647
vt 0.574327 0.022711
vt 0.561862 0.041566
vt 0.734345 0.738882
vt 0.736569 0.749728
vt 0.736937 0.747311
vt 0.733828 0.738707
vt 0.736569 0.749728
vt 0.734345 0.738882
vt 0.831783 0.757058
vt 0.843644 0.789217
vt 0.854417 0.754140
vt 0.825457 0.788422
vt 0.843644 0.789217
vt 0.831783 0.757058
vt 0.009103 0.848965
vt 0.963536 0.856597
vt 0.007016 0.858638
vt 0.961544 0.847586
vt 0.963536 0.856597
vt 0.009103 0.848965
vt 0.376254 0.827095
vt 0.510711 0.816662
vt 0.402036 0.814555
vt 0.477998 0.828017
vt 0.510711 0.816662
vt 0.376254 0.827095
vt 0.733672 0.733185
vt 0.733942 0.746331
vt 0.737575 0.729822
vt 0.728466 0.749967
vt 0.733942 0.746331
vt 0.733672 0.733185
vt 0.856912 0.850615
vt 0.961544 0.847586
vt 0.872980 0.843698
vt 0.963536 0.856597
vt 0.961544 0.847586
vt 0.856912 0.850615
vt 0.744076 0.749875
vt 0.751287 0.749175
vt 0.751136 0.746757
vt 0.743985 0.753156
vt 0.751287 0.749175
vt 0.744076 0.749875
vt 0.602285 0.049954
vt 0.598147 0.058220
vt 0.581628 0.051605
vt 0.639199 0.053843
vt 0.598147 0.058220
vt 0.602285 0.049954
vt 0.614777 0.830452
vt 0.510711 0.816662
vt 0.477998 0.828017
vt 0.655170 0.820702
vt 0.510711 0.816662
vt 0.614777 0.830452
vt 0.736569 0.749728
vt 0.744076 0.749875
vt 0.736937 0.747311
vt 0.743985 0.753156
vt 0.744076 0.749875
vt 0.736569 0.749728
vt 0.785220 0.007504
vt 0.712849 0.005737
vt 0.724790 0.008213
vt 0.798559 0.004155
vt 0.712849 0.005737
vt 0.785220 0.007504
vt 0.651519 0.009686
vt 0.712849 0.005737
vt 0.622999 0.008117
vt 0.724790 0.008213
vt 0.712849 0.005737
vt 0.651519 0.009686
vt 0.734345 0.738882
vt 0.737238 0.744672
vt 0.734702 0.737435
vt 0.736937 0.747311
vt 0.737238 0.744672
vt 0.734345 0.738882
vt 0.737238 0.744672
vt 0.744076 0.749875
vt 0.744157 0.746838
vt 0.736937 0.747311
vt 0.744076 0.749875
vt 0.737238 0.744672
vt 0.054125 0.858674
vt 0.001027 0.875067
vt 0.045844 0.875076
vt 0.007016 0.858638
vt 0.001027 0.875067
vt 0.054125 0.858674
vt 0.734906 0.732864
vt 0.737238 0.744672
vt 0.737414 0.739142
vt 0.734702 0.737435
vt 0.737238 0.744672
vt 0.734906 0.732864
vt 0.001027 0.875067
vt 0.963536 0.856597
vt 0.956380 0.872783
vt 0.007016 0.858638
vt 0.963536 0.856597
vt 0.001027 0.875067
vt 0.599964 0.973993
vt 0.526981 0.941441
vt 0.518457 0.974434
vt 0.610738 0.941315
vt 0.526981 0.941441
vt 0.599964 0.973993
vt 0.800449 0.781742
vt 0.777433 0.797268
vt 0.825457 0.788422
vt 0.764021 0.787928
vt 0.777433 0.797268
vt 0.800449 0.781742
vt 0.744076 0.749875
vt 0.751001 0.744119
vt 0.744157 0.746838
vt 0.751136 0.746757
vt 0.751001 0.744119
vt 0.744076 0.749875
vt 0.751001 0.744119
vt 0.753408 0.738144
vt 0.753239 0.736698
vt 0.751136 0.746757
vt 0.753408 0.738144
vt 0.751001 0.744119
vt 0.723586 0.779751
vt 0.777433 0.797268
vt 0.764021 0.787928
vt 0.719221 0.788396
vt 0.777433 0.797268
vt 0.723586 0.779751
vt 0.751001 0.744119
vt 0.753060 0.732126
vt 0.750845 0.738589
vt 0.753239 0.736698
vt 0.753060 0.732126
vt 0.751001 0.744119
vt 0.737238 0.744672
vt 0.744166 0.740989
vt 0.737414 0.739142
vt 0.744157 0.746838
vt 0.744166 0.740989
vt 0.737238 0.744672
vt 0.585258 0.010977
vt 0.553304 0.014381
vt 0.574732 0.013998
vt 0.566972 0.011566
vt 0.553304 0.014381
vt 0.585258 0.010977
vt 0.744166 0.740989
vt 0.751001 0.744119
vt 0.750845 0.738589
vt 0.744157 0.746838
vt 0.751001 0.744119
vt 0.744166 0.740989
vt 0.734906 0.732864
vt 0.737414 0.728052
vt 0.734959 0.723663
vt 0.737414 0.739142
vt 0.737414 0.728052
vt 0.734906 0.732864
vt 0.737414 0.728052
vt 0.744166 0.740989
vt 0.744050 0.729269
vt 0.737414 0.739142
vt 0.744166 0.740989
vt 0.737414 0.728052
vt 0.737144 0.714935
vt 0.737414 0.728052
vt 0.739016 0.719724
vt 0.734959 0.723663
vt 0.737414 0.728052
vt 0.737144 0.714935
vt 0.001027 0.875067
vt 0.933771 0.904636
vt 0.988180 0.905878
vt 0.956380 0.872783
vt 0.933771 0.904636
vt 0.001027 0.875067
vt 0.750630 0.727499
vt 0.753060 0.732126
vt 0.752842 0.722926
vt 0.750845 0.738589
vt 0.753060 0.732126
vt 0.750630 0.727499
vt 0.832988 0.709107
vt 0.831783 0.757058
vt 0.854417 0.754140
vt 0.809347 0.720199
vt 0.831783 0.757058
vt 0.832988 0.709107
vt 0.376254 0.827095
vt 0.485652 0.838377
vt 0.477998 0.828017
vt 0.384459 0.838288
vt 0.485652 0.838377
vt 0.376254 0.827095
vt 0.744166 0.740989
vt 0.750630 0.727499
vt 0.744050 0.729269
vt 0.750845 0.738589
vt 0.750630 0.727499
vt 0.744166 0.740989
vt 0.611241 0.041342
vt 0.651160 0.024002
vt 0.604165 0.022958
vt 0.656014 0.037723
vt 0.651160 0.024002
vt 0.611241 0.041342
vt 0.599964 0.973993
vt 0.785847 0.941257
vt 0.610738 0.941315
vt 0.788611 0.972823
vt 0.785847 0.941257
vt 0.599964 0.973993
vt 0.756344 0.705024
vt 0.832988 0.709107
vt 0.758894 0.696408
vt 0.809347 0.720199
vt 0.832988 0.709107
vt 0.756344 0.705024
vt 0.750630 0.727499
vt 0.750440 0.714382
vt 0.748781 0.719314
vt 0.752842 0.722926
vt 0.750440 0.714382
vt 0.750630 0.727499
vt 0.723586 0.779751
vt 0.756998 0.779592
vt 0.729439 0.771275
vt 0.764021 0.787928
vt 0.756998 0.779592
vt 0.723586 0.779751
vt 0.651519 0.009686
vt 0.725599 0.016081
vt 0.724790 0.008213
vt 0.654160 0.014819
vt 0.725599 0.016081
vt 0.651519 0.009686
vt 0.737414 0.728052
vt 0.743887 0.717569
vt 0.739016 0.719724
vt 0.744050 0.729269
vt 0.743887 0.717569
vt 0.737414 0.728052
vt 0.743887 0.717569
vt 0.750630 0.727499
vt 0.748781 0.719314
vt 0.744050 0.729269
vt 0.750630 0.727499
vt 0.743887 0.717569
vt 0.696478 0.757683
vt 0.723586 0.779751
vt 0.709839 0.756773
vt 0.719221 0.788396
vt 0.723586 0.779751
vt 0.696478 0.757683
vt 0.737144 0.714935
vt 0.743887 0.717569
vt 0.743745 0.711780
vt 0.739016 0.719724
vt 0.743887 0.717569
vt 0.737144 0.714935
vt 0.750440 0.714382
vt 0.743887 0.717569
vt 0.748781 0.719314
vt 0.743745 0.711780
vt 0.743887 0.717569
vt 0.750440 0.714382
vt 0.847593 0.824397
vt 0.614777 0.830452
vt 0.877377 0.834068
vt 0.655170 0.820702
vt 0.614777 0.830452
vt 0.847593 0.824397
vt 0.722347 0.790668
vt 0.777433 0.797268
vt 0.719221 0.788396
vt 0.791876 0.800619
vt 0.777433 0.797268
vt 0.722347 0.790668
vt 0.809347 0.720199
vt 0.752499 0.721665
vt 0.788476 0.727497
vt 0.756344 0.705024
vt 0.752499 0.721665
vt 0.809347 0.720199
vt 0.651160 0.024002
vt 0.727458 0.035871
vt 0.724699 0.026311
vt 0.656014 0.037723
vt 0.727458 0.035871
vt 0.651160 0.024002
vt 0.749902 0.749754
vt 0.750526 0.738160
vt 0.751804 0.738177
vt 0.749149 0.749671
vt 0.750526 0.738160
vt 0.749902 0.749754
vt 0.586216 0.789755
vt 0.428625 0.805583
vt 0.567709 0.809018
vt 0.445830 0.786217
vt 0.428625 0.805583
vt 0.586216 0.789755
vt 0.749318 0.726505
vt 0.750526 0.738160
vt 0.749028 0.727004
vt 0.751804 0.738177
vt 0.750526 0.738160
vt 0.749318 0.726505
vt 0.831783 0.757058
vt 0.800449 0.781742
vt 0.825457 0.788422
vt 0.805432 0.756050
vt 0.800449 0.781742
vt 0.831783 0.757058
vt 0.869666 0.793845
vt 0.791876 0.800619
vt 0.803498 0.801908
vt 0.843644 0.789217
vt 0.791876 0.800619
vt 0.869666 0.793845
vt 0.753271 0.737528
vt 0.749318 0.726505
vt 0.751212 0.724675
vt 0.751804 0.738177
vt 0.749318 0.726505
vt 0.753271 0.737528
vt 0.749318 0.726505
vt 0.743188 0.723063
vt 0.742343 0.722161
vt 0.749028 0.727004
vt 0.743188 0.723063
vt 0.749318 0.726505
vt 0.722347 0.790668
vt 0.803498 0.801908
vt 0.791876 0.800619
vt 0.711818 0.794916
vt 0.803498 0.801908
vt 0.722347 0.790668
vt 0.788476 0.727497
vt 0.831783 0.757058
vt 0.809347 0.720199
vt 0.805432 0.756050
vt 0.831783 0.757058
vt 0.788476 0.727497
vt 0.753271 0.737528
vt 0.751765 0.726918
vt 0.753603 0.737969
vt 0.751212 0.724675
vt 0.751765 0.726918
vt 0.753271 0.737528
vt 0.745504 0.720402
vt 0.749318 0.726505
vt 0.742343 0.722161
vt 0.751212 0.724675
vt 0.749318 0.726505
vt 0.745504 0.720402
vt 0.751765 0.726918
vt 0.745504 0.720402
vt 0.746633 0.723400
vt 0.751212 0.724675
vt 0.745504 0.720402
vt 0.751765 0.726918
vt 0.803498 0.801908
vt 0.705011 0.813912
vt 0.818941 0.813452
vt 0.711818 0.794916
vt 0.705011 0.813912
vt 0.803498 0.801908
vt 0.753408 0.738144
vt 0.751765 0.726918
vt 0.751439 0.729715
vt 0.753603 0.737969
vt 0.751765 0.726918
vt 0.753408 0.738144
vt 0.736678 0.726946
vt 0.743188 0.723063
vt 0.739097 0.727577
vt 0.742343 0.722161
vt 0.743188 0.723063
vt 0.736678 0.726946
vt 0.940936 0.788689
vt 0.894158 0.816005
vt 0.962092 0.813167
vt 0.869666 0.793845
vt 0.894158 0.816005
vt 0.940936 0.788689
vt 0.745504 0.720402
vt 0.737374 0.716459
vt 0.740155 0.716869
vt 0.742343 0.722161
vt 0.737374 0.716459
vt 0.745504 0.720402
vt 0.737374 0.716459
vt 0.736678 0.726946
vt 0.733739 0.720939
vt 0.742343 0.722161
vt 0.736678 0.726946
vt 0.737374 0.716459
vt 0.803498 0.801908
vt 0.894158 0.816005
vt 0.869666 0.793845
vt 0.818941 0.813452
vt 0.894158 0.816005
vt 0.803498 0.801908
vt 0.800449 0.781742
vt 0.756998 0.779592
vt 0.764021 0.787928
vt 0.782838 0.774883
vt 0.756998 0.779592
vt 0.800449 0.781742
vt 0.736678 0.726946
vt 0.737590 0.739404
vt 0.735096 0.738766
vt 0.739097 0.727577
vt 0.737590 0.739404
vt 0.736678 0.726946
vt 0.719558 0.732490
vt 0.720115 0.753592
vt 0.727313 0.735508
vt 0.709839 0.756773
vt 0.720115 0.753592
vt 0.719558 0.732490
vt 0.736678 0.726946
vt 0.733825 0.738229
vt 0.733739 0.720939
vt 0.735096 0.738766
vt 0.733825 0.738229
vt 0.736678 0.726946
vt 0.720115 0.753592
vt 0.723586 0.779751
vt 0.729439 0.771275
vt 0.709839 0.756773
vt 0.723586 0.779751
vt 0.720115 0.753592
vt 0.787582 0.752713
vt 0.800449 0.781742
vt 0.805432 0.756050
vt 0.782838 0.774883
vt 0.800449 0.781742
vt 0.787582 0.752713
vt 0.733302 0.724355
vt 0.733825 0.738229
vt 0.733828 0.738707
vt 0.733739 0.720939
vt 0.733825 0.738229
vt 0.733302 0.724355
vt 0.737374 0.716459
vt 0.732946 0.707963
vt 0.735258 0.706892
vt 0.733739 0.720939
vt 0.732946 0.707963
vt 0.737374 0.716459
vt 0.732946 0.707963
vt 0.733302 0.724355
vt 0.732570 0.710935
vt 0.733739 0.720939
vt 0.733302 0.724355
vt 0.732946 0.707963
vt 0.598147 0.058220
vt 0.611241 0.041342
vt 0.581240 0.042647
vt 0.619823 0.051447
vt 0.611241 0.041342
vt 0.598147 0.058220
vt 0.733302 0.724355
vt 0.734345 0.738882
vt 0.734673 0.727704
vt 0.733828 0.738707
vt 0.734345 0.738882
vt 0.733302 0.724355
vt 0.719558 0.732490
vt 0.756344 0.705024
vt 0.706909 0.722911
vt 0.752499 0.721665
vt 0.756344 0.705024
vt 0.719558 0.732490
vt 0.736589 0.730101
vt 0.734345 0.738882
vt 0.734702 0.737435
vt 0.734673 0.727704
vt 0.734345 0.738882
vt 0.736589 0.730101
vt 0.733302 0.724355
vt 0.733747 0.713846
vt 0.732570 0.710935
vt 0.734673 0.727704
vt 0.733747 0.713846
vt 0.733302 0.724355
vt 0.738411 0.725167
vt 0.736589 0.730101
vt 0.743043 0.727641
vt 0.734673 0.727704
vt 0.736589 0.730101
vt 0.738411 0.725167
vt 0.733747 0.713846
vt 0.738411 0.725167
vt 0.736155 0.714737
vt 0.734673 0.727704
vt 0.738411 0.725167
vt 0.733747 0.713846
vt 0.772139 0.768532
vt 0.756998 0.779592
vt 0.782838 0.774883
vt 0.754031 0.773419
vt 0.756998 0.779592
vt 0.772139 0.768532
vt 0.736589 0.730101
vt 0.734906 0.732864
vt 0.736856 0.726422
vt 0.734702 0.737435
vt 0.734906 0.732864
vt 0.736589 0.730101
vt 0.054125 0.858674
vt 0.009103 0.848965
vt 0.007016 0.858638
vt 0.065537 0.849027
vt 0.009103 0.848965
vt 0.054125 0.858674
vt 0.719558 0.732490
vt 0.750707 0.725899
vt 0.752499 0.721665
vt 0.727313 0.735508
vt 0.750707 0.725899
vt 0.719558 0.732490
vt 0.732946 0.707963
vt 0.732737 0.701190
vt 0.733251 0.701829
vt 0.732570 0.710935
vt 0.732737 0.701190
vt 0.732946 0.707963
vt 0.732737 0.701190
vt 0.733747 0.713846
vt 0.733740 0.705541
vt 0.732570 0.710935
vt 0.733747 0.713846
vt 0.732737 0.701190
vt 0.736317 0.740687
vt 0.739360 0.751690
vt 0.737333 0.739491
vt 0.738855 0.754875
vt 0.739360 0.751690
vt 0.736317 0.740687
vt 0.736938 0.719090
vt 0.734906 0.732864
vt 0.734959 0.723663
vt 0.736856 0.726422
vt 0.734906 0.732864
vt 0.736938 0.719090
vt 0.736589 0.730101
vt 0.743569 0.724087
vt 0.743043 0.727641
vt 0.736856 0.726422
vt 0.743569 0.724087
vt 0.736589 0.730101
vt 0.743569 0.724087
vt 0.736938 0.719090
vt 0.743687 0.717320
vt 0.736856 0.726422
vt 0.736938 0.719090
vt 0.743569 0.724087
vt 0.722347 0.790668
vt 0.696478 0.757683
vt 0.684881 0.755301
vt 0.719221 0.788396
vt 0.696478 0.757683
vt 0.722347 0.790668
vt 0.736938 0.719090
vt 0.737144 0.714935
vt 0.738726 0.714481
vt 0.734959 0.723663
vt 0.737144 0.714935
vt 0.736938 0.719090
vt 0.750707 0.725899
vt 0.788476 0.727497
vt 0.752499 0.721665
vt 0.775841 0.729953
vt 0.788476 0.727497
vt 0.750707 0.725899
vt 0.738411 0.725167
vt 0.745786 0.727149
vt 0.740737 0.724060
vt 0.743043 0.727641
vt 0.745786 0.727149
vt 0.738411 0.725167
vt 0.750659 0.729548
vt 0.743569 0.724087
vt 0.750677 0.725869
vt 0.743043 0.727641
vt 0.743569 0.724087
vt 0.750659 0.729548
vt 0.788476 0.727497
vt 0.787582 0.752713
vt 0.805432 0.756050
vt 0.775841 0.729953
vt 0.787582 0.752713
vt 0.788476 0.727497
vt 0.745786 0.727149
vt 0.750659 0.729548
vt 0.751439 0.729715
vt 0.743043 0.727641
vt 0.750659 0.729548
vt 0.745786 0.727149
vt 0.566374 0.688796
vt 0.455305 0.741396
vt 0.571753 0.745536
vt 0.452686 0.687680
vt 0.455305 0.741396
vt 0.566374 0.688796
vt 0.576337 0.009995
vt 0.553304 0.014381
vt 0.566972 0.011566
vt 0.558887 0.015203
vt 0.553304 0.014381
vt 0.576337 0.009995
vt 0.743663 0.711748
vt 0.737144 0.714935
vt 0.743745 0.711780
vt 0.738726 0.714481
vt 0.737144 0.714935
vt 0.743663 0.711748
vt 0.750707 0.725899
vt 0.768532 0.729740
vt 0.775841 0.729953
vt 0.750666 0.725417
vt 0.768532 0.729740
vt 0.750707 0.725899
vt 0.736938 0.719090
vt 0.743663 0.711748
vt 0.743687 0.717320
vt 0.738726 0.714481
vt 0.743663 0.711748
vt 0.736938 0.719090
vt 0.743663 0.711748
vt 0.750440 0.714382
vt 0.748713 0.714071
vt 0.743745 0.711780
vt 0.750440 0.714382
vt 0.743663 0.711748
vt 0.743569 0.724087
vt 0.750564 0.718537
vt 0.750677 0.725869
vt 0.743687 0.717320
vt 0.750564 0.718537
vt 0.743569 0.724087
vt 0.750564 0.718537
vt 0.743663 0.711748
vt 0.748713 0.714071
vt 0.743687 0.717320
vt 0.743663 0.711748
vt 0.750564 0.718537
vt 0.750564 0.718537
vt 0.750440 0.714382
vt 0.752842 0.722926
vt 0.748713 0.714071
vt 0.750440 0.714382
vt 0.750564 0.718537
vt 0.705011 0.813912
vt 0.510711 0.816662
vt 0.655170 0.820702
vt 0.567709 0.809018
vt 0.510711 0.816662
vt 0.705011 0.813912
vt 0.750564 0.718537
vt 0.753060 0.732126
vt 0.750677 0.725869
vt 0.752842 0.722926
vt 0.753060 0.732126
vt 0.750564 0.718537
vt 0.750659 0.729548
vt 0.753060 0.732126
vt 0.753239 0.736698
vt 0.750677 0.725869
vt 0.753060 0.732126
vt 0.750659 0.729548
vt 0.750659 0.729548
vt 0.753408 0.738144
vt 0.751439 0.729715
vt 0.753239 0.736698
vt 0.753408 0.738144
vt 0.750659 0.729548
vt 0.787582 0.752713
vt 0.772139 0.768532
vt 0.782838 0.774883
vt 0.776313 0.749151
vt 0.772139 0.768532
vt 0.787582 0.752713
vt 0.658571 0.751078
vt 0.722347 0.790668
vt 0.684881 0.755301
vt 0.711818 0.794916
vt 0.722347 0.790668
vt 0.658571 0.751078
vt 0.745786 0.727149
vt 0.751765 0.726918
vt 0.746633 0.723400
vt 0.751439 0.729715
vt 0.751765 0.726918
vt 0.745786 0.727149
vt 0.768532 0.729740
vt 0.787582 0.752713
vt 0.775841 0.729953
vt 0.776313 0.749151
vt 0.787582 0.752713
vt 0.768532 0.729740
vt 0.745786 0.727149
vt 0.741304 0.720348
vt 0.740737 0.724060
vt 0.746633 0.723400
vt 0.741304 0.720348
vt 0.745786 0.727149
vt 0.749656 0.723614
vt 0.738281 0.727309
vt 0.746963 0.721756
vt 0.737575 0.729822
vt 0.738281 0.727309
vt 0.749656 0.723614
vt 0.741304 0.720348
vt 0.745504 0.720402
vt 0.740155 0.716869
vt 0.746633 0.723400
vt 0.745504 0.720402
vt 0.741304 0.720348
vt 0.485652 0.838377
vt 0.614777 0.830452
vt 0.477998 0.828017
vt 0.610426 0.839746
vt 0.614777 0.830452
vt 0.485652 0.838377
vt 0.738358 0.713667
vt 0.741304 0.720348
vt 0.738885 0.710695
vt 0.740737 0.724060
vt 0.741304 0.720348
vt 0.738358 0.713667
vt 0.611241 0.041342
vt 0.657967 0.049748
vt 0.656014 0.037723
vt 0.619823 0.051447
vt 0.657967 0.049748
vt 0.611241 0.041342
vt 0.738411 0.725167
vt 0.738358 0.713667
vt 0.736155 0.714737
vt 0.740737 0.724060
vt 0.738358 0.713667
vt 0.738411 0.725167
vt 0.614777 0.830452
vt 0.872980 0.843698
vt 0.877377 0.834068
vt 0.610426 0.839746
vt 0.872980 0.843698
vt 0.614777 0.830452
vt 0.741304 0.720348
vt 0.737815 0.707782
vt 0.738885 0.710695
vt 0.740155 0.716869
vt 0.737815 0.707782
vt 0.741304 0.720348
vt 0.602285 0.049954
vt 0.561862 0.041566
vt 0.575673 0.038024
vt 0.581628 0.051605
vt 0.561862 0.041566
vt 0.602285 0.049954
vt 0.737815 0.707782
vt 0.737374 0.716459
vt 0.735258 0.706892
vt 0.740155 0.716869
vt 0.737374 0.716459
vt 0.737815 0.707782
vt 0.738358 0.713667
vt 0.737388 0.701009
vt 0.737144 0.705408
vt 0.738885 0.710695
vt 0.737388 0.701009
vt 0.738358 0.713667
vt 0.553304 0.014381
vt 0.564292 0.024344
vt 0.555232 0.023195
vt 0.558887 0.015203
vt 0.564292 0.024344
vt 0.553304 0.014381
vt 0.594205 0.844742
vt 0.872980 0.843698
vt 0.610426 0.839746
vt 0.856912 0.850615
vt 0.872980 0.843698
vt 0.594205 0.844742
vt 0.737388 0.701009
vt 0.737815 0.707782
vt 0.736772 0.701695
vt 0.738885 0.710695
vt 0.737815 0.707782
vt 0.737388 0.701009
vt 0.735312 0.703314
vt 0.738358 0.713667
vt 0.737144 0.705408
vt 0.736155 0.714737
vt 0.738358 0.713667
vt 0.735312 0.703314
vt 0.829353 0.865969
vt 0.594205 0.844742
vt 0.591606 0.859243
vt 0.856912 0.850615
vt 0.594205 0.844742
vt 0.829353 0.865969
vt 0.425851 0.843217
vt 0.485652 0.838377
vt 0.384459 0.838288
vt 0.501097 0.843032
vt 0.485652 0.838377
vt 0.425851 0.843217
vt 0.719558 0.732490
vt 0.696478 0.757683
vt 0.709839 0.756773
vt 0.706909 0.722911
vt 0.696478 0.757683
vt 0.719558 0.732490
vt 0.733747 0.713846
vt 0.735312 0.703314
vt 0.733740 0.705541
vt 0.736155 0.714737
vt 0.735312 0.703314
vt 0.733747 0.713846
vt 0.485652 0.838377
vt 0.594205 0.844742
vt 0.610426 0.839746
vt 0.501097 0.843032
vt 0.594205 0.844742
vt 0.485652 0.838377
vt 0.772139 0.768532
vt 0.751384 0.768297
vt 0.754031 0.773419
vt 0.763732 0.762771
vt 0.751384 0.768297
vt 0.772139 0.768532
vt 0.735312 0.703314
vt 0.737388 0.701009
vt 0.734843 0.697861
vt 0.737144 0.705408
vt 0.737388 0.701009
vt 0.735312 0.703314
vt 0.767044 0.745580
vt 0.772139 0.768532
vt 0.776313 0.749151
vt 0.763732 0.762771
vt 0.772139 0.768532
vt 0.767044 0.745580
vt 0.689026 0.712555
vt 0.696478 0.757683
vt 0.706909 0.722911
vt 0.684881 0.755301
vt 0.696478 0.757683
vt 0.689026 0.712555
vt 0.553304 0.014381
vt 0.574327 0.022711
vt 0.574732 0.013998
vt 0.555232 0.023195
vt 0.574327 0.022711
vt 0.553304 0.014381
vt 0.732737 0.701190
vt 0.735312 0.703314
vt 0.734843 0.697861
vt 0.733740 0.705541
vt 0.735312 0.703314
vt 0.732737 0.701190
vt 0.738998 0.758684
vt 0.751384 0.768297
vt 0.747992 0.763589
vt 0.738568 0.762652
vt 0.751384 0.768297
vt 0.738998 0.758684
vt 0.737815 0.707782
vt 0.734797 0.698885
vt 0.736772 0.701695
vt 0.735258 0.706892
vt 0.734797 0.698885
vt 0.737815 0.707782
vt 0.756639 0.758037
vt 0.751384 0.768297
vt 0.763732 0.762771
vt 0.747992 0.763589
vt 0.751384 0.768297
vt 0.756639 0.758037
vt 0.445337 0.642989
vt 0.541958 0.605300
vt 0.442827 0.594057
vt 0.540243 0.653666
vt 0.541958 0.605300
vt 0.445337 0.642989
vt 0.734797 0.698885
vt 0.732946 0.707963
vt 0.733251 0.701829
vt 0.735258 0.706892
vt 0.732946 0.707963
vt 0.734797 0.698885
vt 0.566374 0.688796
vt 0.445337 0.642989
vt 0.452686 0.687680
vt 0.540243 0.653666
vt 0.445337 0.642989
vt 0.566374 0.688796
vt 0.749656 0.723614
vt 0.768532 0.729740
vt 0.750666 0.725417
vt 0.762145 0.728577
vt 0.768532 0.729740
vt 0.749656 0.723614
vt 0.756344 0.705024
vt 0.689026 0.712555
vt 0.706909 0.722911
vt 0.758894 0.696408
vt 0.689026 0.712555
vt 0.756344 0.705024
vt 0.585258 0.010977
vt 0.576337 0.009995
vt 0.566972 0.011566
vt 0.622999 0.008117
vt 0.576337 0.009995
vt 0.585258 0.010977
vt 0.658571 0.751078
vt 0.566374 0.688796
vt 0.571753 0.745536
vt 0.651144 0.691761
vt 0.566374 0.688796
vt 0.658571 0.751078
vt 0.689026 0.712555
vt 0.658571 0.751078
vt 0.684881 0.755301
vt 0.651144 0.691761
vt 0.658571 0.751078
vt 0.689026 0.712555
vt 0.566374 0.688796
vt 0.621302 0.651286
vt 0.540243 0.653666
vt 0.651144 0.691761
vt 0.621302 0.651286
vt 0.566374 0.688796
vt 0.759997 0.678803
vt 0.689026 0.712555
vt 0.758894 0.696408
vt 0.651144 0.691761
vt 0.689026 0.712555
vt 0.759997 0.678803
vt 0.195521 1.000000
vt 0.997579 0.992170
vt 0.023720 1.000000
vt 0.066138 0.992170
vt 0.997579 0.992170
vt 0.195521 1.000000
vt 0.737388 0.701009
vt 0.734797 0.698885
vt 0.734843 0.697861
vt 0.736772 0.701695
vt 0.734797 0.698885
vt 0.737388 0.701009
vt 0.768532 0.729740
vt 0.767044 0.745580
vt 0.776313 0.749151
vt 0.762145 0.728577
vt 0.767044 0.745580
vt 0.768532 0.729740
vt 0.732737 0.701190
vt 0.734797 0.698885
vt 0.733251 0.701829
vt 0.734843 0.697861
vt 0.734797 0.698885
vt 0.732737 0.701190
vt 0.879283 0.749130
vt 0.843644 0.789217
vt 0.869666 0.793845
vt 0.854417 0.754140
vt 0.843644 0.789217
vt 0.879283 0.749130
vt 0.442223 0.974473
vt 0.503496 0.994260
vt 0.518457 0.974434
vt 0.410519 0.994270
vt 0.503496 0.994260
vt 0.442223 0.974473
vt 0.843154 0.028322
vt 0.654461 0.016086
vt 0.846315 0.016654
vt 0.663497 0.026079
vt 0.654461 0.016086
vt 0.843154 0.028322
vt 0.054723 0.648966
vt 0.939989 0.612737
vt 0.938472 0.649131
vt 0.051816 0.611962
vt 0.939989 0.612737
vt 0.054723 0.648966
vt 0.749656 0.723614
vt 0.755819 0.726662
vt 0.762145 0.728577
vt 0.746963 0.721756
vt 0.755819 0.726662
vt 0.749656 0.723614
vt 0.541958 0.605300
vt 0.442067 0.548005
vt 0.442827 0.594057
vt 0.575753 0.549054
vt 0.442067 0.548005
vt 0.541958 0.605300
vt 0.442067 0.548005
vt 0.571582 0.516309
vt 0.447284 0.515393
vt 0.575753 0.549054
vt 0.571582 0.516309
vt 0.442067 0.548005
vt 0.586216 0.789755
vt 0.455305 0.741396
vt 0.445830 0.786217
vt 0.571753 0.745536
vt 0.455305 0.741396
vt 0.586216 0.789755
vt 0.767044 0.745580
vt 0.756639 0.758037
vt 0.763732 0.762771
vt 0.759118 0.742241
vt 0.756639 0.758037
vt 0.767044 0.745580
vt 0.759997 0.678803
vt 0.621302 0.651286
vt 0.651144 0.691761
vt 0.762213 0.655356
vt 0.621302 0.651286
vt 0.759997 0.678803
vt 0.828279 0.007367
vt 0.712849 0.005737
vt 0.798559 0.004155
vt 0.678943 0.008434
vt 0.712849 0.005737
vt 0.828279 0.007367
vt 0.621302 0.651286
vt 0.541958 0.605300
vt 0.540243 0.653666
vt 0.656715 0.605179
vt 0.541958 0.605300
vt 0.621302 0.651286
vt 0.541958 0.605300
vt 0.671144 0.554479
vt 0.575753 0.549054
vt 0.656715 0.605179
vt 0.671144 0.554479
vt 0.541958 0.605300
vt 0.760405 0.613767
vt 0.621302 0.651286
vt 0.762213 0.655356
vt 0.656715 0.605179
vt 0.621302 0.651286
vt 0.760405 0.613767
vt 0.997579 0.992170
vt 0.815941 0.993206
vt 0.023720 1.000000
vt 0.938808 0.987120
vt 0.815941 0.993206
vt 0.997579 0.992170
vt 0.503496 0.994260
vt 0.195521 1.000000
vt 0.023720 1.000000
vt 0.410519 0.994270
vt 0.195521 1.000000
vt 0.503496 0.994260
vt 0.054723 0.648966
vt 0.937202 0.687882
vt 0.052555 0.687942
vt 0.938472 0.649131
vt 0.937202 0.687882
vt 0.054723 0.648966
vt 0.503496 0.994260
vt 0.815941 0.993206
vt 0.594027 0.988731
vt 0.023720 1.000000
vt 0.815941 0.993206
vt 0.503496 0.994260
vt 0.937202 0.687882
vt 0.885176 0.658709
vt 0.866052 0.689243
vt 0.938472 0.649131
vt 0.885176 0.658709
vt 0.937202 0.687882
vt 0.760405 0.613767
vt 0.671144 0.554479
vt 0.656715 0.605179
vt 0.755308 0.566554
vt 0.671144 0.554479
vt 0.760405 0.613767
vt 0.712849 0.005737
vt 0.576337 0.009995
vt 0.622999 0.008117
vt 0.678943 0.008434
vt 0.576337 0.009995
vt 0.712849 0.005737
vt 0.671144 0.554479
vt 0.571582 0.516309
vt 0.575753 0.549054
vt 0.662280 0.521722
vt 0.571582 0.516309
vt 0.671144 0.554479
vt 0.752683 0.534233
vt 0.671144 0.554479
vt 0.755308 0.566554
vt 0.662280 0.521722
vt 0.671144 0.554479
vt 0.752683 0.534233
vt 0.755819 0.726662
vt 0.767044 0.745580
vt 0.762145 0.728577
vt 0.759118 0.742241
vt 0.767044 0.745580
vt 0.755819 0.726662
vt 0.654461 0.016086
vt 0.828279 0.007367
vt 0.846315 0.016654
vt 0.678943 0.008434
vt 0.828279 0.007367
vt 0.654461 0.016086
vt 0.571582 0.516309
vt 0.447960 0.494231
vt 0.447284 0.515393
vt 0.571265 0.494747
vt 0.447960 0.494231
vt 0.571582 0.516309
vt 0.661914 0.498138
vt 0.571582 0.516309
vt 0.662280 0.521722
vt 0.571265 0.494747
vt 0.571582 0.516309
vt 0.661914 0.498138
vt 0.654461 0.016086
vt 0.564292 0.024344
vt 0.558887 0.015203
vt 0.663497 0.026079
vt 0.564292 0.024344
vt 0.654461 0.016086
vt 0.733942 0.746331
vt 0.738998 0.758684
vt 0.735683 0.743104
vt 0.738568 0.762652
vt 0.738998 0.758684
vt 0.733942 0.746331
vt 0.503496 0.994260
vt 0.599964 0.973993
vt 0.518457 0.974434
vt 0.594027 0.988731
vt 0.599964 0.973993
vt 0.503496 0.994260
vt 0.526981 0.941441
vt 0.457666 0.897322
vt 0.456974 0.923133
vt 0.521593 0.896200
vt 0.457666 0.897322
vt 0.526981 0.941441
vt 0.937202 0.687882
vt 0.879283 0.749130
vt 0.937143 0.741892
vt 0.866052 0.689243
vt 0.879283 0.749130
vt 0.937202 0.687882
vt 0.560662 0.480692
vt 0.447960 0.494231
vt 0.571265 0.494747
vt 0.450409 0.478651
vt 0.447960 0.494231
vt 0.560662 0.480692
vt 0.756639 0.758037
vt 0.745699 0.759279
vt 0.747992 0.763589
vt 0.752247 0.754141
vt 0.745699 0.759279
vt 0.756639 0.758037
vt 0.744442 0.753817
vt 0.739360 0.751690
vt 0.744813 0.755447
vt 0.739497 0.750437
vt 0.739360 0.751690
vt 0.744442 0.753817
vt 0.752683 0.534233
vt 0.661914 0.498138
vt 0.662280 0.521722
vt 0.753247 0.506147
vt 0.661914 0.498138
vt 0.752683 0.534233
vt 0.925258 0.971673
vt 0.815941 0.993206
vt 0.938808 0.987120
vt 0.788611 0.972823
vt 0.815941 0.993206
vt 0.925258 0.971673
vt 0.661914 0.498138
vt 0.560662 0.480692
vt 0.571265 0.494747
vt 0.642331 0.481652
vt 0.560662 0.480692
vt 0.661914 0.498138
vt 0.751933 0.483952
vt 0.661914 0.498138
vt 0.753247 0.506147
vt 0.642331 0.481652
vt 0.661914 0.498138
vt 0.751933 0.483952
vt 0.754128 0.739708
vt 0.756639 0.758037
vt 0.759118 0.742241
vt 0.752247 0.754141
vt 0.756639 0.758037
vt 0.754128 0.739708
vt 0.585258 0.010977
vt 0.651519 0.009686
vt 0.622999 0.008117
vt 0.612025 0.011356
vt 0.651519 0.009686
vt 0.585258 0.010977
vt 0.560662 0.480692
vt 0.479539 0.470120
vt 0.450409 0.478651
vt 0.559361 0.470466
vt 0.479539 0.470120
vt 0.560662 0.480692
vt 0.636940 0.470189
vt 0.560662 0.480692
vt 0.642331 0.481652
vt 0.559361 0.470466
vt 0.560662 0.480692
vt 0.636940 0.470189
vt 0.832988 0.709107
vt 0.759997 0.678803
vt 0.758894 0.696408
vt 0.866052 0.689243
vt 0.759997 0.678803
vt 0.832988 0.709107
vt 0.564292 0.024344
vt 0.683957 0.035802
vt 0.575673 0.038024
vt 0.663497 0.026079
vt 0.683957 0.035802
vt 0.564292 0.024344
vt 0.479539 0.470120
vt 0.188024 0.474509
vt 0.450409 0.478651
vt 0.227154 0.469132
vt 0.188024 0.474509
vt 0.479539 0.470120
vt 0.009103 0.848965
vt 0.070806 0.838487
vt 0.010060 0.838416
vt 0.065537 0.849027
vt 0.070806 0.838487
vt 0.009103 0.848965
vt 0.565136 0.444333
vt 0.479539 0.470120
vt 0.559361 0.470466
vt 0.488532 0.443502
vt 0.479539 0.470120
vt 0.565136 0.444333
vt 0.479539 0.470120
vt 0.316165 0.441084
vt 0.227154 0.469132
vt 0.488532 0.443502
vt 0.316165 0.441084
vt 0.479539 0.470120
vt 0.750028 0.750994
vt 0.745699 0.759279
vt 0.752247 0.754141
vt 0.744813 0.755447
vt 0.745699 0.759279
vt 0.750028 0.750994
vt 0.599964 0.973993
vt 0.815941 0.993206
vt 0.788611 0.972823
vt 0.594027 0.988731
vt 0.815941 0.993206
vt 0.599964 0.973993
vt 0.751933 0.483952
vt 0.636940 0.470189
vt 0.642331 0.481652
vt 0.743835 0.469855
vt 0.636940 0.470189
vt 0.751933 0.483952
vt 0.048051 0.971289
vt 0.997579 0.992170
vt 0.066138 0.992170
vt 0.985250 0.971289
vt 0.997579 0.992170
vt 0.048051 0.971289
vt 0.636940 0.470189
vt 0.565136 0.444333
vt 0.559361 0.470466
vt 0.638417 0.444023
vt 0.565136 0.444333
vt 0.636940 0.470189
vt 0.732950 0.441954
vt 0.636940 0.470189
vt 0.743835 0.469855
vt 0.638417 0.444023
vt 0.636940 0.470189
vt 0.732950 0.441954
vt 0.046726 0.738958
vt 0.937202 0.687882
vt 0.937143 0.741892
vt 0.052555 0.687942
vt 0.937202 0.687882
vt 0.046726 0.738958
vt 0.997579 0.992170
vt 0.925258 0.971673
vt 0.938808 0.987120
vt 0.985250 0.971289
vt 0.925258 0.971673
vt 0.997579 0.992170
vt 0.565136 0.444333
vt 0.514686 0.381910
vt 0.488532 0.443502
vt 0.579000 0.382871
vt 0.514686 0.381910
vt 0.565136 0.444333
vt 0.643292 0.381753
vt 0.565136 0.444333
vt 0.638417 0.444023
vt 0.579000 0.382871
vt 0.565136 0.444333
vt 0.643292 0.381753
vt 0.750028 0.750994
vt 0.744442 0.753817
vt 0.744813 0.755447
vt 0.749149 0.749671
vt 0.744442 0.753817
vt 0.750028 0.750994
vt 0.574327 0.022711
vt 0.611241 0.041342
vt 0.604165 0.022958
vt 0.581240 0.042647
vt 0.611241 0.041342
vt 0.574327 0.022711
vt 0.514686 0.381910
vt 0.316165 0.441084
vt 0.488532 0.443502
vt 0.439514 0.378661
vt 0.316165 0.441084
vt 0.514686 0.381910
vt 0.738998 0.758684
vt 0.745699 0.759279
vt 0.738855 0.754875
vt 0.747992 0.763589
vt 0.745699 0.759279
vt 0.738998 0.758684
vt 0.514686 0.381910
vt 0.538406 0.317933
vt 0.439514 0.378661
vt 0.541212 0.321762
vt 0.538406 0.317933
vt 0.514686 0.381910
vt 0.046726 0.738958
vt 0.940936 0.788689
vt 0.044624 0.784878
vt 0.937143 0.741892
vt 0.940936 0.788689
vt 0.046726 0.738958
vt 0.592085 0.322877
vt 0.514686 0.381910
vt 0.579000 0.382871
vt 0.541212 0.321762
vt 0.514686 0.381910
vt 0.592085 0.322877
vt 0.744926 0.721116
vt 0.755819 0.726662
vt 0.746963 0.721756
vt 0.751640 0.725519
vt 0.755819 0.726662
vt 0.744926 0.721116
vt 0.732950 0.441954
vt 0.643292 0.381753
vt 0.638417 0.444023
vt 0.722625 0.378682
vt 0.643292 0.381753
vt 0.732950 0.441954
vt 0.979133 0.941233
vt 0.048051 0.971289
vt 0.043814 0.941233
vt 0.985250 0.971289
vt 0.048051 0.971289
vt 0.979133 0.941233
vt 0.643292 0.381753
vt 0.592085 0.322877
vt 0.579000 0.382871
vt 0.647202 0.321645
vt 0.592085 0.322877
vt 0.643292 0.381753
vt 0.714155 0.317848
vt 0.643292 0.381753
vt 0.722625 0.378682
vt 0.647202 0.321645
vt 0.643292 0.381753
vt 0.714155 0.317848
vt 0.755819 0.726662
vt 0.754128 0.739708
vt 0.759118 0.742241
vt 0.751640 0.725519
vt 0.754128 0.739708
vt 0.755819 0.726662
vt 0.576337 0.009995
vt 0.654461 0.016086
vt 0.558887 0.015203
vt 0.678943 0.008434
vt 0.654461 0.016086
vt 0.576337 0.009995
vt 0.592085 0.322877
vt 0.550049 0.298470
vt 0.541212 0.321762
vt 0.595145 0.299977
vt 0.550049 0.298470
vt 0.592085 0.322877
vt 0.561862 0.041566
vt 0.598147 0.058220
vt 0.581240 0.042647
vt 0.581628 0.051605
vt 0.598147 0.058220
vt 0.561862 0.041566
vt 0.646624 0.298286
vt 0.592085 0.322877
vt 0.647202 0.321645
vt 0.595145 0.299977
vt 0.592085 0.322877
vt 0.646624 0.298286
vt 0.564292 0.024344
vt 0.561862 0.041566
vt 0.555232 0.023195
vt 0.575673 0.038024
vt 0.561862 0.041566
vt 0.564292 0.024344
vt 0.727458 0.035871
vt 0.783779 0.030354
vt 0.724699 0.026311
vt 0.785346 0.039867
vt 0.783779 0.030354
vt 0.727458 0.035871
vt 0.442223 0.974473
vt 0.526981 0.941441
vt 0.456974 0.923133
vt 0.518457 0.974434
vt 0.526981 0.941441
vt 0.442223 0.974473
vt 0.657967 0.049748
vt 0.727458 0.035871
vt 0.656014 0.037723
vt 0.728007 0.056965
vt 0.727458 0.035871
vt 0.657967 0.049748
vt 0.692597 0.067556
vt 0.657967 0.049748
vt 0.639199 0.053843
vt 0.728007 0.056965
vt 0.657967 0.049748
vt 0.692597 0.067556
vt 0.727458 0.035871
vt 0.780279 0.068632
vt 0.785346 0.039867
vt 0.728007 0.056965
vt 0.780279 0.068632
vt 0.727458 0.035871
vt 0.744926 0.721116
vt 0.749552 0.726364
vt 0.751640 0.725519
vt 0.744199 0.722607
vt 0.749552 0.726364
vt 0.744926 0.721116
vt 0.940936 0.788689
vt 0.879283 0.749130
vt 0.869666 0.793845
vt 0.937143 0.741892
vt 0.879283 0.749130
vt 0.940936 0.788689
vt 0.714155 0.317848
vt 0.646624 0.298286
vt 0.647202 0.321645
vt 0.710098 0.293152
vt 0.646624 0.298286
vt 0.714155 0.317848
vt 0.925258 0.971673
vt 0.785847 0.941257
vt 0.788611 0.972823
vt 0.917634 0.941239
vt 0.785847 0.941257
vt 0.925258 0.971673
vt 0.646624 0.298286
vt 0.596198 0.290883
vt 0.595145 0.299977
vt 0.646772 0.288835
vt 0.596198 0.290883
vt 0.646624 0.298286
vt 0.658571 0.751078
vt 0.586216 0.789755
vt 0.711818 0.794916
vt 0.571753 0.745536
vt 0.586216 0.789755
vt 0.658571 0.751078
vt 0.711743 0.282668
vt 0.646624 0.298286
vt 0.710098 0.293152
vt 0.646772 0.288835
vt 0.646624 0.298286
vt 0.711743 0.282668
vt 0.979133 0.941233
vt 0.925258 0.971673
vt 0.985250 0.971289
vt 0.917634 0.941239
vt 0.925258 0.971673
vt 0.979133 0.941233
vt 0.707120 0.137693
vt 0.780279 0.068632
vt 0.728007 0.056965
vt 0.761234 0.138838
vt 0.780279 0.068632
vt 0.707120 0.137693
vt 0.711743 0.282668
vt 0.653736 0.266407
vt 0.646772 0.288835
vt 0.721718 0.259635
vt 0.653736 0.266407
vt 0.711743 0.282668
vt 0.738918 0.727061
vt 0.737590 0.739404
vt 0.739097 0.727577
vt 0.737333 0.739491
vt 0.737590 0.739404
vt 0.738918 0.727061
vt 0.785847 0.941257
vt 0.933771 0.904636
vt 0.799680 0.900911
vt 0.917634 0.941239
vt 0.933771 0.904636
vt 0.785847 0.941257
vt 0.707120 0.137693
vt 0.738663 0.214752
vt 0.761234 0.138838
vt 0.671740 0.218009
vt 0.738663 0.214752
vt 0.707120 0.137693
vt 0.738663 0.214752
vt 0.653736 0.266407
vt 0.721718 0.259635
vt 0.671740 0.218009
vt 0.653736 0.266407
vt 0.738663 0.214752
vt 0.743188 0.723063
vt 0.749552 0.726364
vt 0.744199 0.722607
vt 0.749028 0.727004
vt 0.749552 0.726364
vt 0.743188 0.723063
vt 0.705011 0.813912
vt 0.586216 0.789755
vt 0.567709 0.809018
vt 0.711818 0.794916
vt 0.586216 0.789755
vt 0.705011 0.813912
vt 0.692597 0.067556
vt 0.707120 0.137693
vt 0.728007 0.056965
vt 0.669623 0.137494
vt 0.707120 0.137693
vt 0.692597 0.067556
vt 0.707120 0.137693
vt 0.624607 0.219284
vt 0.671740 0.218009
vt 0.669623 0.137494
vt 0.624607 0.219284
vt 0.707120 0.137693
vt 0.750028 0.750994
vt 0.750526 0.738160
vt 0.749149 0.749671
vt 0.751531 0.738563
vt 0.750526 0.738160
vt 0.750028 0.750994
vt 0.754128 0.739708
vt 0.750028 0.750994
vt 0.752247 0.754141
vt 0.751531 0.738563
vt 0.750028 0.750994
vt 0.754128 0.739708
vt 0.843154 0.028322
vt 0.683957 0.035802
vt 0.663497 0.026079
vt 0.837377 0.038678
vt 0.683957 0.035802
vt 0.843154 0.028322
vt 0.052056 0.811125
vt 0.940936 0.788689
vt 0.962092 0.813167
vt 0.044624 0.784878
vt 0.940936 0.788689
vt 0.052056 0.811125
vt 0.602285 0.049954
vt 0.692597 0.067556
vt 0.639199 0.053843
vt 0.701954 0.057139
vt 0.692597 0.067556
vt 0.602285 0.049954
vt 0.683957 0.035802
vt 0.602285 0.049954
vt 0.575673 0.038024
vt 0.701954 0.057139
vt 0.602285 0.049954
vt 0.683957 0.035802
vt 0.692597 0.067556
vt 0.659006 0.138113
vt 0.669623 0.137494
vt 0.701954 0.057139
vt 0.659006 0.138113
vt 0.692597 0.067556
vt 0.826696 0.068675
vt 0.683957 0.035802
vt 0.837377 0.038678
vt 0.701954 0.057139
vt 0.683957 0.035802
vt 0.826696 0.068675
vt 0.511258 0.857226
vt 0.594205 0.844742
vt 0.501097 0.843032
vt 0.591606 0.859243
vt 0.594205 0.844742
vt 0.511258 0.857226
vt 0.653736 0.266407
vt 0.596198 0.290883
vt 0.646772 0.288835
vt 0.604270 0.268385
vt 0.596198 0.290883
vt 0.653736 0.266407
vt 0.624607 0.219284
vt 0.653736 0.266407
vt 0.671740 0.218009
vt 0.604270 0.268385
vt 0.653736 0.266407
vt 0.624607 0.219284
vt 0.750526 0.738160
vt 0.749552 0.726364
vt 0.749028 0.727004
vt 0.751531 0.738563
vt 0.749552 0.726364
vt 0.750526 0.738160
vt 0.749552 0.726364
vt 0.754128 0.739708
vt 0.751640 0.725519
vt 0.751531 0.738563
vt 0.754128 0.739708
vt 0.749552 0.726364
vt 0.550049 0.298470
vt 0.538406 0.317933
vt 0.541212 0.321762
vt 0.557996 0.293289
vt 0.538406 0.317933
vt 0.550049 0.298470
vt 0.739360 0.751690
vt 0.745699 0.759279
vt 0.744813 0.755447
vt 0.738855 0.754875
vt 0.745699 0.759279
vt 0.739360 0.751690
vt 0.596198 0.290883
vt 0.550049 0.298470
vt 0.595145 0.299977
vt 0.553414 0.288944
vt 0.550049 0.298470
vt 0.596198 0.290883
vt 0.564789 0.266176
vt 0.596198 0.290883
vt 0.604270 0.268385
vt 0.553414 0.288944
vt 0.596198 0.290883
vt 0.564789 0.266176
vt 0.550049 0.298470
vt 0.560044 0.282705
vt 0.557996 0.293289
vt 0.553414 0.288944
vt 0.560044 0.282705
vt 0.550049 0.298470
vt 0.738281 0.727309
vt 0.733942 0.746331
vt 0.735683 0.743104
vt 0.737575 0.729822
vt 0.733942 0.746331
vt 0.738281 0.727309
vt 0.826696 0.068675
vt 0.659006 0.138113
vt 0.701954 0.057139
vt 0.792954 0.139390
vt 0.659006 0.138113
vt 0.826696 0.068675
vt 0.725599 0.016081
vt 0.651160 0.024002
vt 0.724699 0.026311
vt 0.654160 0.014819
vt 0.651160 0.024002
vt 0.725599 0.016081
vt 0.659006 0.138113
vt 0.624607 0.219284
vt 0.669623 0.137494
vt 0.592358 0.218394
vt 0.624607 0.219284
vt 0.659006 0.138113
vt 0.624607 0.219284
vt 0.564789 0.266176
vt 0.604270 0.268385
vt 0.592358 0.218394
vt 0.564789 0.266176
vt 0.624607 0.219284
vt 0.671235 0.215181
vt 0.659006 0.138113
vt 0.792954 0.139390
vt 0.592358 0.218394
vt 0.659006 0.138113
vt 0.671235 0.215181
vt 0.735061 0.766402
vt 0.751384 0.768297
vt 0.738568 0.762652
vt 0.754031 0.773419
vt 0.751384 0.768297
vt 0.735061 0.766402
vt 0.564789 0.266176
vt 0.560044 0.282705
vt 0.553414 0.288944
vt 0.577897 0.259945
vt 0.560044 0.282705
vt 0.564789 0.266176
vt 0.671235 0.215181
vt 0.564789 0.266176
vt 0.592358 0.218394
vt 0.577897 0.259945
vt 0.564789 0.266176
vt 0.671235 0.215181
vt 0.428625 0.805583
vt 0.510711 0.816662
vt 0.567709 0.809018
vt 0.402036 0.814555
vt 0.510711 0.816662
vt 0.428625 0.805583
vt 0.671235 0.215181
vt 0.906780 0.253307
vt 0.577897 0.259945
vt 0.919867 0.211810
vt 0.906780 0.253307
vt 0.671235 0.215181
vt 0.182786 0.039504
vt 0.207811 0.024513
vt 0.208886 0.035020
vt 0.179860 0.026993
vt 0.207811 0.024513
vt 0.182786 0.039504
vt 0.202507 0.041173
vt 0.183897 0.029326
vt 0.186452 0.041909
vt 0.201393 0.029770
vt 0.183897 0.029326
vt 0.202507 0.041173
vt 0.182786 0.039504
vt 0.214926 0.065450
vt 0.184092 0.070188
vt 0.208886 0.035020
vt 0.214926 0.065450
vt 0.182786 0.039504
vt 0.183897 0.029326
vt 0.182786 0.039504
vt 0.186452 0.041909
vt 0.179860 0.026993
vt 0.182786 0.039504
vt 0.183897 0.029326
vt 0.187782 0.071827
vt 0.182786 0.039504
vt 0.184092 0.070188
vt 0.186452 0.041909
vt 0.182786 0.039504
vt 0.187782 0.071827
vt 0.209520 0.824397
vt 0.143268 0.837258
vt 0.207705 0.834068
vt 0.149097 0.826744
vt 0.143268 0.837258
vt 0.209520 0.824397
vt 0.226592 0.026584
vt 0.202507 0.041173
vt 0.225801 0.036234
vt 0.201393 0.029770
vt 0.202507 0.041173
vt 0.226592 0.026584
vt 0.259332 0.721839
vt 0.256463 0.717444
vt 0.259253 0.722300
vt 0.255735 0.717037
vt 0.256463 0.717444
vt 0.259332 0.721839
vt 0.202507 0.041173
vt 0.187782 0.071827
vt 0.204710 0.070268
vt 0.186452 0.041909
vt 0.187782 0.071827
vt 0.202507 0.041173
vt 0.229384 0.065414
vt 0.202507 0.041173
vt 0.204710 0.070268
vt 0.225801 0.036234
vt 0.202507 0.041173
vt 0.229384 0.065414
vt 0.226592 0.026584
vt 0.201573 0.015190
vt 0.201393 0.029770
vt 0.227067 0.013951
vt 0.201573 0.015190
vt 0.226592 0.026584
vt 0.201573 0.015190
vt 0.183897 0.029326
vt 0.201393 0.029770
vt 0.183837 0.014607
vt 0.183897 0.029326
vt 0.201573 0.015190
vt 0.187782 0.071827
vt 0.179016 0.138377
vt 0.184095 0.138552
vt 0.184092 0.070188
vt 0.179016 0.138377
vt 0.187782 0.071827
vt 0.259308 0.722813
vt 0.255129 0.715675
vt 0.259625 0.721209
vt 0.253463 0.716847
vt 0.255129 0.715675
vt 0.259308 0.722813
vt 0.207812 0.137922
vt 0.187782 0.071827
vt 0.184095 0.138552
vt 0.204710 0.070268
vt 0.187782 0.071827
vt 0.207812 0.137922
vt 0.225869 0.003402
vt 0.201573 0.015190
vt 0.227067 0.013951
vt 0.206389 0.006451
vt 0.201573 0.015190
vt 0.225869 0.003402
vt 0.178848 0.468454
vt 0.250645 0.484054
vt 0.256368 0.469913
vt 0.169179 0.486124
vt 0.250645 0.484054
vt 0.178848 0.468454
vt 0.261627 0.743661
vt 0.260218 0.765475
vt 0.264577 0.747959
vt 0.258532 0.761075
vt 0.260218 0.765475
vt 0.261627 0.743661
vt 0.143295 0.437882
vt 0.178848 0.468454
vt 0.194480 0.438985
vt 0.120563 0.467976
vt 0.178848 0.468454
vt 0.143295 0.437882
vt 0.178848 0.468454
vt 0.263578 0.442115
vt 0.194480 0.438985
vt 0.256368 0.469913
vt 0.263578 0.442115
vt 0.178848 0.468454
vt 0.179500 0.013377
vt 0.207811 0.024513
vt 0.179860 0.026993
vt 0.207106 0.012676
vt 0.207811 0.024513
vt 0.179500 0.013377
vt 0.183897 0.029326
vt 0.179500 0.013377
vt 0.179860 0.026993
vt 0.183837 0.014607
vt 0.179500 0.013377
vt 0.183897 0.029326
vt 0.161265 0.375483
vt 0.143295 0.437882
vt 0.172409 0.374411
vt 0.111773 0.438614
vt 0.143295 0.437882
vt 0.161265 0.375483
vt 0.179500 0.013377
vt 0.211210 0.003255
vt 0.207106 0.012676
vt 0.190778 0.005722
vt 0.211210 0.003255
vt 0.179500 0.013377
vt 0.143295 0.437882
vt 0.211592 0.375524
vt 0.172409 0.374411
vt 0.194480 0.438985
vt 0.211592 0.375524
vt 0.143295 0.437882
vt 0.259332 0.721839
vt 0.255129 0.715675
vt 0.255735 0.717037
vt 0.259625 0.721209
vt 0.255129 0.715675
vt 0.259332 0.721839
vt 0.229384 0.065414
vt 0.207812 0.137922
vt 0.242017 0.136631
vt 0.204710 0.070268
vt 0.207812 0.137922
vt 0.229384 0.065414
vt 0.259332 0.721839
vt 0.260964 0.736633
vt 0.259625 0.721209
vt 0.260403 0.735125
vt 0.260964 0.736633
vt 0.259332 0.721839
vt 0.207812 0.137922
vt 0.182445 0.209423
vt 0.213120 0.210353
vt 0.184095 0.138552
vt 0.182445 0.209423
vt 0.207812 0.137922
vt 0.201573 0.015190
vt 0.193079 0.003062
vt 0.183837 0.014607
vt 0.206389 0.006451
vt 0.193079 0.003062
vt 0.201573 0.015190
vt 0.257129 0.213666
vt 0.207812 0.137922
vt 0.213120 0.210353
vt 0.242017 0.136631
vt 0.207812 0.137922
vt 0.257129 0.213666
vt 0.190778 0.005722
vt 0.183837 0.014607
vt 0.193079 0.003062
vt 0.179500 0.013377
vt 0.183837 0.014607
vt 0.190778 0.005722
vt 0.211592 0.375524
vt 0.263578 0.442115
vt 0.269278 0.378741
vt 0.194480 0.438985
vt 0.263578 0.442115
vt 0.211592 0.375524
vt 0.259013 0.748131
vt 0.260273 0.734940
vt 0.258964 0.746703
vt 0.260403 0.735125
vt 0.260273 0.734940
vt 0.259013 0.748131
vt 0.196765 0.312746
vt 0.211592 0.375524
vt 0.226150 0.314042
vt 0.172409 0.374411
vt 0.211592 0.375524
vt 0.196765 0.312746
vt 0.211592 0.375524
vt 0.274400 0.317899
vt 0.226150 0.314042
vt 0.269278 0.378741
vt 0.274400 0.317899
vt 0.211592 0.375524
vt 0.225869 0.003402
vt 0.193079 0.003062
vt 0.206389 0.006451
vt 0.220313 0.000000
vt 0.193079 0.003062
vt 0.225869 0.003402
vt 0.043076 0.905878
vt 0.084039 0.875067
vt 0.045844 0.875076
vt 0.089399 0.905878
vt 0.084039 0.875067
vt 0.043076 0.905878
vt 0.257129 0.213666
vt 0.221942 0.253077
vt 0.268810 0.259234
vt 0.213120 0.210353
vt 0.221942 0.253077
vt 0.257129 0.213666
vt 0.231716 0.287812
vt 0.274400 0.317899
vt 0.277144 0.293154
vt 0.226150 0.314042
vt 0.274400 0.317899
vt 0.231716 0.287812
vt 0.193079 0.003062
vt 0.211210 0.003255
vt 0.190778 0.005722
vt 0.220313 0.000000
vt 0.211210 0.003255
vt 0.193079 0.003062
vt 0.260964 0.736633
vt 0.258795 0.756306
vt 0.261043 0.739688
vt 0.259229 0.751763
vt 0.258795 0.756306
vt 0.260964 0.736633
vt 0.275895 0.282598
vt 0.221942 0.253077
vt 0.229777 0.275842
vt 0.268810 0.259234
vt 0.221942 0.253077
vt 0.275895 0.282598
vt 0.231716 0.287812
vt 0.275895 0.282598
vt 0.229777 0.275842
vt 0.277144 0.293154
vt 0.275895 0.282598
vt 0.231716 0.287812
vt 0.251220 0.719373
vt 0.261222 0.730110
vt 0.250071 0.721827
vt 0.259233 0.726029
vt 0.261222 0.730110
vt 0.251220 0.719373
vt 0.113382 0.826742
vt 0.052056 0.811125
vt 0.065273 0.826154
vt 0.116643 0.813273
vt 0.052056 0.811125
vt 0.113382 0.826742
vt 0.231716 0.287812
vt 0.201806 0.272527
vt 0.205323 0.286040
vt 0.229777 0.275842
vt 0.201806 0.272527
vt 0.231716 0.287812
vt 0.129877 0.856597
vt 0.218491 0.865969
vt 0.211916 0.850615
vt 0.126327 0.872783
vt 0.218491 0.865969
vt 0.129877 0.856597
vt 0.196765 0.312746
vt 0.231716 0.287812
vt 0.205323 0.286040
vt 0.226150 0.314042
vt 0.231716 0.287812
vt 0.196765 0.312746
vt 0.035375 0.514604
vt 0.108953 0.486447
vt 0.036936 0.481876
vt 0.108818 0.515227
vt 0.108953 0.486447
vt 0.035375 0.514604
vt 0.295102 0.441083
vt 0.161265 0.375483
vt 0.305627 0.378569
vt 0.111773 0.438614
vt 0.161265 0.375483
vt 0.295102 0.441083
vt 0.036936 0.481876
vt 0.120563 0.467976
vt 0.080582 0.468185
vt 0.108953 0.486447
vt 0.120563 0.467976
vt 0.036936 0.481876
vt 0.161265 0.375483
vt 0.196765 0.312746
vt 0.201268 0.314027
vt 0.172409 0.374411
vt 0.196765 0.312746
vt 0.161265 0.375483
vt 0.196765 0.312746
vt 0.213583 0.287843
vt 0.201268 0.314027
vt 0.205323 0.286040
vt 0.213583 0.287843
vt 0.196765 0.312746
vt 0.313518 0.317973
vt 0.161265 0.375483
vt 0.201268 0.314027
vt 0.305627 0.378569
vt 0.161265 0.375483
vt 0.313518 0.317973
vt 0.080582 0.468185
vt 0.188024 0.474509
vt 0.036936 0.481876
vt 0.228025 0.469132
vt 0.188024 0.474509
vt 0.080582 0.468185
vt 0.179016 0.138377
vt 0.214926 0.065450
vt 0.234226 0.137186
vt 0.184092 0.070188
vt 0.214926 0.065450
vt 0.179016 0.138377
vt 0.080582 0.468185
vt 0.295102 0.441083
vt 0.228025 0.469132
vt 0.111773 0.438614
vt 0.295102 0.441083
vt 0.080582 0.468185
vt 0.179016 0.138377
vt 0.267270 0.214095
vt 0.176269 0.210706
vt 0.234226 0.137186
vt 0.267270 0.214095
vt 0.179016 0.138377
vt 0.182445 0.209423
vt 0.179016 0.138377
vt 0.176269 0.210706
vt 0.184095 0.138552
vt 0.179016 0.138377
vt 0.182445 0.209423
vt 0.158743 0.816192
vt 0.113382 0.826742
vt 0.149097 0.826744
vt 0.116643 0.813273
vt 0.113382 0.826742
vt 0.158743 0.816192
vt 0.221942 0.253077
vt 0.182445 0.209423
vt 0.191242 0.250482
vt 0.213120 0.210353
vt 0.182445 0.209423
vt 0.221942 0.253077
vt 0.201806 0.272527
vt 0.221942 0.253077
vt 0.191242 0.250482
vt 0.229777 0.275842
vt 0.221942 0.253077
vt 0.201806 0.272527
vt 0.182445 0.209423
vt 0.190901 0.252832
vt 0.191242 0.250482
vt 0.176269 0.210706
vt 0.190901 0.252832
vt 0.182445 0.209423
vt 0.070806 0.838487
vt 0.113382 0.826742
vt 0.065273 0.826154
vt 0.110684 0.838416
vt 0.113382 0.826742
vt 0.070806 0.838487
vt 0.313518 0.317973
vt 0.213583 0.287843
vt 0.316371 0.293290
vt 0.201268 0.314027
vt 0.213583 0.287843
vt 0.313518 0.317973
vt 0.149097 0.826744
vt 0.210026 0.814039
vt 0.158743 0.816192
vt 0.209520 0.824397
vt 0.210026 0.814039
vt 0.149097 0.826744
vt 0.213583 0.287843
vt 0.201806 0.272527
vt 0.208646 0.275655
vt 0.205323 0.286040
vt 0.201806 0.272527
vt 0.213583 0.287843
vt 0.201806 0.272527
vt 0.190901 0.252832
vt 0.208646 0.275655
vt 0.191242 0.250482
vt 0.190901 0.252832
vt 0.201806 0.272527
vt 0.313565 0.282625
vt 0.213583 0.287843
vt 0.208646 0.275655
vt 0.316371 0.293290
vt 0.213583 0.287843
vt 0.313565 0.282625
vt 0.080582 0.468185
vt 0.143295 0.437882
vt 0.111773 0.438614
vt 0.120563 0.467976
vt 0.143295 0.437882
vt 0.080582 0.468185
vt 0.313565 0.282625
vt 0.190901 0.252832
vt 0.297485 0.259538
vt 0.208646 0.275655
vt 0.190901 0.252832
vt 0.313565 0.282625
vt 0.108953 0.486447
vt 0.178848 0.468454
vt 0.120563 0.467976
vt 0.169179 0.486124
vt 0.178848 0.468454
vt 0.108953 0.486447
vt 0.108953 0.486447
vt 0.168180 0.513628
vt 0.169179 0.486124
vt 0.108818 0.515227
vt 0.168180 0.513628
vt 0.108953 0.486447
vt 0.218491 0.865969
vt 0.135851 0.904636
vt 0.226746 0.900911
vt 0.126327 0.872783
vt 0.135851 0.904636
vt 0.218491 0.865969
vt 0.259308 0.722813
vt 0.260964 0.736633
vt 0.261043 0.739688
vt 0.259625 0.721209
vt 0.260964 0.736633
vt 0.259308 0.722813
vt 0.168180 0.513628
vt 0.250645 0.484054
vt 0.169179 0.486124
vt 0.249408 0.506228
vt 0.250645 0.484054
vt 0.168180 0.513628
vt 0.096857 0.941233
vt 0.043076 0.905878
vt 0.043814 0.941233
vt 0.089399 0.905878
vt 0.043076 0.905878
vt 0.096857 0.941233
vt 0.168180 0.513628
vt 0.249172 0.534280
vt 0.249408 0.506228
vt 0.170138 0.545838
vt 0.249172 0.534280
vt 0.168180 0.513628
vt 0.114239 0.548384
vt 0.168180 0.513628
vt 0.108818 0.515227
vt 0.170138 0.545838
vt 0.168180 0.513628
vt 0.114239 0.548384
vt 0.035375 0.514604
vt 0.114239 0.548384
vt 0.108818 0.515227
vt 0.039131 0.547426
vt 0.114239 0.548384
vt 0.035375 0.514604
vt 0.169090 0.577611
vt 0.249172 0.534280
vt 0.170138 0.545838
vt 0.246692 0.566561
vt 0.249172 0.534280
vt 0.169090 0.577611
vt 0.114239 0.548384
vt 0.169090 0.577611
vt 0.170138 0.545838
vt 0.119842 0.579981
vt 0.169090 0.577611
vt 0.114239 0.548384
vt 0.169090 0.577611
vt 0.244005 0.613767
vt 0.246692 0.566561
vt 0.163515 0.621528
vt 0.244005 0.613767
vt 0.169090 0.577611
vt 0.165115 0.658696
vt 0.244005 0.613767
vt 0.163515 0.621528
vt 0.242964 0.655290
vt 0.244005 0.613767
vt 0.165115 0.658696
vt 0.169090 0.577611
vt 0.125825 0.612737
vt 0.163515 0.621528
vt 0.119842 0.579981
vt 0.125825 0.612737
vt 0.169090 0.577611
vt 0.125825 0.612737
vt 0.165115 0.658696
vt 0.163515 0.621528
vt 0.128802 0.649124
vt 0.165115 0.658696
vt 0.125825 0.612737
vt 0.165115 0.658696
vt 0.243424 0.678627
vt 0.242964 0.655290
vt 0.169397 0.689152
vt 0.243424 0.678627
vt 0.165115 0.658696
vt 0.114239 0.548384
vt 0.045035 0.578994
vt 0.119842 0.579981
vt 0.039131 0.547426
vt 0.045035 0.578994
vt 0.114239 0.548384
vt 0.045035 0.578994
vt 0.125825 0.612737
vt 0.119842 0.579981
vt 0.051816 0.611962
vt 0.125825 0.612737
vt 0.045035 0.578994
vt 0.390507 0.857226
vt 0.457666 0.897322
vt 0.447448 0.857394
vt 0.392144 0.896200
vt 0.457666 0.897322
vt 0.390507 0.857226
vt 0.425851 0.843217
vt 0.390507 0.857226
vt 0.447448 0.857394
vt 0.368882 0.843032
vt 0.390507 0.857226
vt 0.425851 0.843217
vt 0.267079 0.012076
vt 0.225869 0.003402
vt 0.227067 0.013951
vt 0.267236 0.004093
vt 0.225869 0.003402
vt 0.267079 0.012076
vt 0.329583 0.897250
vt 0.218491 0.865969
vt 0.226746 0.900911
vt 0.326701 0.859244
vt 0.218491 0.865969
vt 0.329583 0.897250
vt 0.329583 0.897250
vt 0.390507 0.857226
vt 0.326701 0.859244
vt 0.392144 0.896200
vt 0.390507 0.857226
vt 0.329583 0.897250
vt 0.364294 0.010004
vt 0.377926 0.006814
vt 0.356901 0.007210
vt 0.390659 0.009862
vt 0.377926 0.006814
vt 0.364294 0.010004
vt 0.364294 0.010004
vt 0.323790 0.020067
vt 0.365886 0.018968
vt 0.322013 0.010751
vt 0.323790 0.020067
vt 0.364294 0.010004
vt 0.363092 0.054759
vt 0.314806 0.046198
vt 0.322933 0.050353
vt 0.347422 0.047896
vt 0.314806 0.046198
vt 0.363092 0.054759
vt 0.113382 0.826742
vt 0.143268 0.837258
vt 0.149097 0.826744
vt 0.110684 0.838416
vt 0.143268 0.837258
vt 0.113382 0.826742
vt 0.104919 0.848965
vt 0.143268 0.837258
vt 0.110684 0.838416
vt 0.139303 0.847586
vt 0.143268 0.837258
vt 0.104919 0.848965
vt 0.143268 0.837258
vt 0.208264 0.843698
vt 0.207705 0.834068
vt 0.139303 0.847586
vt 0.208264 0.843698
vt 0.143268 0.837258
vt 0.391057 0.018701
vt 0.364294 0.010004
vt 0.365886 0.018968
vt 0.390659 0.009862
vt 0.364294 0.010004
vt 0.391057 0.018701
vt 0.322788 0.005546
vt 0.364294 0.010004
vt 0.356901 0.007210
vt 0.322013 0.010751
vt 0.364294 0.010004
vt 0.322788 0.005546
vt 0.226592 0.026584
vt 0.267079 0.012076
vt 0.227067 0.013951
vt 0.267451 0.022454
vt 0.267079 0.012076
vt 0.226592 0.026584
vt 0.135851 0.904636
vt 0.096857 0.941233
vt 0.145157 0.941239
vt 0.089399 0.905878
vt 0.096857 0.941233
vt 0.135851 0.904636
vt 0.251880 0.745810
vt 0.249582 0.732710
vt 0.250567 0.733483
vt 0.251129 0.746495
vt 0.249582 0.732710
vt 0.251880 0.745810
vt 0.209520 0.824397
vt 0.273006 0.814012
vt 0.210026 0.814039
vt 0.283018 0.820703
vt 0.273006 0.814012
vt 0.209520 0.824397
vt 0.250992 0.744988
vt 0.249582 0.732710
vt 0.251129 0.746495
vt 0.249391 0.733053
vt 0.249582 0.732710
vt 0.250992 0.744988
vt 0.251880 0.745810
vt 0.256050 0.751361
vt 0.251129 0.746495
vt 0.256101 0.750147
vt 0.256050 0.751361
vt 0.251880 0.745810
vt 0.329583 0.897250
vt 0.231988 0.941257
vt 0.328285 0.941315
vt 0.226746 0.900911
vt 0.231988 0.941257
vt 0.329583 0.897250
vt 0.256050 0.751361
vt 0.250992 0.744988
vt 0.251129 0.746495
vt 0.256023 0.749252
vt 0.250992 0.744988
vt 0.256050 0.751361
vt 0.250992 0.744988
vt 0.249563 0.733103
vt 0.249391 0.733053
vt 0.251137 0.742273
vt 0.249563 0.733103
vt 0.250992 0.744988
vt 0.260410 0.746323
vt 0.256050 0.751361
vt 0.256101 0.750147
vt 0.261062 0.747105
vt 0.256050 0.751361
vt 0.260410 0.746323
vt 0.251880 0.745810
vt 0.255586 0.750265
vt 0.256101 0.750147
vt 0.252372 0.745793
vt 0.255586 0.750265
vt 0.251880 0.745810
vt 0.255586 0.750265
vt 0.260410 0.746323
vt 0.256101 0.750147
vt 0.258964 0.746703
vt 0.260410 0.746323
vt 0.255586 0.750265
vt 0.269085 0.752156
vt 0.260218 0.765475
vt 0.263011 0.770997
vt 0.264577 0.747959
vt 0.260218 0.765475
vt 0.269085 0.752156
vt 0.260273 0.734940
vt 0.260410 0.746323
vt 0.258964 0.746703
vt 0.262035 0.734166
vt 0.260410 0.746323
vt 0.260273 0.734940
vt 0.261222 0.730110
vt 0.269085 0.752156
vt 0.264533 0.732923
vt 0.264577 0.747959
vt 0.269085 0.752156
vt 0.261222 0.730110
vt 0.262945 0.733524
vt 0.260410 0.746323
vt 0.262035 0.734166
vt 0.261062 0.747105
vt 0.260410 0.746323
vt 0.262945 0.733524
vt 0.249499 0.722808
vt 0.261222 0.730110
vt 0.264533 0.732923
vt 0.250071 0.721827
vt 0.261222 0.730110
vt 0.249499 0.722808
vt 0.192412 0.708785
vt 0.159181 0.748875
vt 0.177404 0.753830
vt 0.169397 0.689152
vt 0.159181 0.748875
vt 0.192412 0.708785
vt 0.260218 0.765475
vt 0.245377 0.779839
vt 0.263011 0.770997
vt 0.247807 0.772931
vt 0.245377 0.779839
vt 0.260218 0.765475
vt 0.262945 0.733524
vt 0.261124 0.745630
vt 0.261062 0.747105
vt 0.263001 0.733910
vt 0.261124 0.745630
vt 0.262945 0.733524
vt 0.261124 0.745630
vt 0.256050 0.751361
vt 0.261062 0.747105
vt 0.256023 0.749252
vt 0.256050 0.751361
vt 0.261124 0.745630
vt 0.387581 0.941441
vt 0.329583 0.897250
vt 0.328285 0.941315
vt 0.392144 0.896200
vt 0.329583 0.897250
vt 0.387581 0.941441
vt 0.187466 0.790149
vt 0.231391 0.798780
vt 0.199882 0.789343
vt 0.222420 0.802045
vt 0.231391 0.798780
vt 0.187466 0.790149
vt 0.392073 0.037849
vt 0.391057 0.018701
vt 0.382689 0.038938
vt 0.401059 0.019201
vt 0.391057 0.018701
vt 0.392073 0.037849
vt 0.262705 0.733960
vt 0.261124 0.745630
vt 0.263001 0.733910
vt 0.260927 0.742915
vt 0.261124 0.745630
vt 0.262705 0.733960
vt 0.194571 0.756619
vt 0.187466 0.790149
vt 0.199882 0.789343
vt 0.177404 0.753830
vt 0.187466 0.790149
vt 0.194571 0.756619
vt 0.104919 0.848965
vt 0.129877 0.856597
vt 0.139303 0.847586
vt 0.091466 0.858638
vt 0.129877 0.856597
vt 0.104919 0.848965
vt 0.376254 0.827095
vt 0.337302 0.816662
vt 0.329428 0.828017
vt 0.402036 0.814555
vt 0.337302 0.816662
vt 0.376254 0.827095
vt 0.261222 0.730110
vt 0.261627 0.743661
vt 0.264577 0.747959
vt 0.259233 0.726029
vt 0.261627 0.743661
vt 0.261222 0.730110
vt 0.211916 0.850615
vt 0.139303 0.847586
vt 0.129877 0.856597
vt 0.208264 0.843698
vt 0.139303 0.847586
vt 0.211916 0.850615
vt 0.256009 0.745615
vt 0.250992 0.744988
vt 0.256023 0.749252
vt 0.251137 0.742273
vt 0.250992 0.744988
vt 0.256009 0.745615
vt 0.341964 0.046401
vt 0.363092 0.054759
vt 0.322933 0.050353
vt 0.371067 0.048051
vt 0.363092 0.054759
vt 0.341964 0.046401
vt 0.285782 0.830452
vt 0.337302 0.816662
vt 0.283018 0.820703
vt 0.329428 0.828017
vt 0.337302 0.816662
vt 0.285782 0.830452
vt 0.261124 0.745630
vt 0.256009 0.745615
vt 0.256023 0.749252
vt 0.260927 0.742915
vt 0.256009 0.745615
vt 0.261124 0.745630
vt 0.225869 0.003402
vt 0.272245 0.001577
vt 0.220313 0.000000
vt 0.267236 0.004093
vt 0.272245 0.001577
vt 0.225869 0.003402
vt 0.322788 0.005546
vt 0.272245 0.001577
vt 0.267236 0.004093
vt 0.338467 0.003950
vt 0.272245 0.001577
vt 0.322788 0.005546
vt 0.262705 0.733960
vt 0.260767 0.739978
vt 0.260927 0.742915
vt 0.262503 0.732307
vt 0.260767 0.739978
vt 0.262705 0.733960
vt 0.260767 0.739978
vt 0.256009 0.745615
vt 0.260927 0.742915
vt 0.255995 0.742250
vt 0.256009 0.745615
vt 0.260767 0.739978
vt 0.054125 0.858674
vt 0.084039 0.875067
vt 0.091466 0.858638
vt 0.045844 0.875076
vt 0.084039 0.875067
vt 0.054125 0.858674
vt 0.262395 0.727347
vt 0.260767 0.739978
vt 0.262503 0.732307
vt 0.260681 0.733980
vt 0.260767 0.739978
vt 0.262395 0.727347
vt 0.084039 0.875067
vt 0.129877 0.856597
vt 0.091466 0.858638
vt 0.126327 0.872783
vt 0.129877 0.856597
vt 0.084039 0.875067
vt 0.328235 0.973993
vt 0.387581 0.941441
vt 0.328285 0.941315
vt 0.383619 0.974434
vt 0.387581 0.941441
vt 0.328235 0.973993
vt 0.216933 0.782341
vt 0.231391 0.798780
vt 0.240251 0.789038
vt 0.199882 0.789343
vt 0.231391 0.798780
vt 0.216933 0.782341
vt 0.256009 0.745615
vt 0.251265 0.739336
vt 0.251137 0.742273
vt 0.255995 0.742250
vt 0.251265 0.739336
vt 0.256009 0.745615
vt 0.251265 0.739336
vt 0.249563 0.733103
vt 0.251137 0.742273
vt 0.249710 0.731451
vt 0.249563 0.733103
vt 0.251265 0.739336
vt 0.265561 0.780258
vt 0.231391 0.798780
vt 0.267254 0.789305
vt 0.240251 0.789038
vt 0.231391 0.798780
vt 0.265561 0.780258
vt 0.251265 0.739336
vt 0.249856 0.726490
vt 0.249710 0.731451
vt 0.251401 0.733337
vt 0.249856 0.726490
vt 0.251265 0.739336
vt 0.260767 0.739978
vt 0.256023 0.735905
vt 0.255995 0.742250
vt 0.260681 0.733980
vt 0.256023 0.735905
vt 0.260767 0.739978
vt 0.377926 0.006814
vt 0.402405 0.010259
vt 0.387291 0.007417
vt 0.390659 0.009862
vt 0.402405 0.010259
vt 0.377926 0.006814
vt 0.256023 0.735905
vt 0.251265 0.739336
vt 0.255995 0.742250
vt 0.251401 0.733337
vt 0.251265 0.739336
vt 0.256023 0.735905
vt 0.262395 0.727347
vt 0.260708 0.722082
vt 0.260681 0.733980
vt 0.262384 0.717470
vt 0.260708 0.722082
vt 0.262395 0.727347
vt 0.260708 0.722082
vt 0.256023 0.735905
vt 0.260681 0.733980
vt 0.256127 0.723333
vt 0.256023 0.735905
vt 0.260708 0.722082
vt 0.260889 0.708111
vt 0.260708 0.722082
vt 0.262384 0.717470
vt 0.259606 0.713177
vt 0.260708 0.722082
vt 0.260889 0.708111
vt 0.084039 0.875067
vt 0.135851 0.904636
vt 0.126327 0.872783
vt 0.089399 0.905878
vt 0.135851 0.904636
vt 0.084039 0.875067
vt 0.251571 0.721439
vt 0.249856 0.726490
vt 0.251401 0.733337
vt 0.250026 0.716613
vt 0.249856 0.726490
vt 0.251571 0.721439
vt 0.192412 0.708785
vt 0.194571 0.756619
vt 0.209229 0.719155
vt 0.177404 0.753830
vt 0.194571 0.756619
vt 0.192412 0.708785
vt 0.376254 0.827095
vt 0.335747 0.838377
vt 0.384459 0.838288
vt 0.329428 0.828017
vt 0.335747 0.838377
vt 0.376254 0.827095
vt 0.256023 0.735905
vt 0.251571 0.721439
vt 0.251401 0.733337
vt 0.256127 0.723333
vt 0.251571 0.721439
vt 0.256023 0.735905
vt 0.358256 0.037628
vt 0.323790 0.020067
vt 0.318759 0.033993
vt 0.365886 0.018968
vt 0.323790 0.020067
vt 0.358256 0.037628
vt 0.328235 0.973993
vt 0.231988 0.941257
vt 0.232584 0.972823
vt 0.328285 0.941315
vt 0.231988 0.941257
vt 0.328235 0.973993
vt 0.245192 0.704354
vt 0.192412 0.708785
vt 0.209229 0.719155
vt 0.243851 0.696077
vt 0.192412 0.708785
vt 0.245192 0.704354
vt 0.251571 0.721439
vt 0.251701 0.707469
vt 0.250026 0.716613
vt 0.252856 0.712701
vt 0.251701 0.707469
vt 0.251571 0.721439
vt 0.265561 0.780258
vt 0.245377 0.779839
vt 0.240251 0.789038
vt 0.263011 0.770997
vt 0.245377 0.779839
vt 0.265561 0.780258
vt 0.322788 0.005546
vt 0.267079 0.012076
vt 0.322013 0.010751
vt 0.267236 0.004093
vt 0.267079 0.012076
vt 0.322788 0.005546
vt 0.260708 0.722082
vt 0.256249 0.710833
vt 0.256127 0.723333
vt 0.259606 0.713177
vt 0.256249 0.710833
vt 0.260708 0.722082
vt 0.256249 0.710833
vt 0.251571 0.721439
vt 0.256127 0.723333
vt 0.252856 0.712701
vt 0.251571 0.721439
vt 0.256249 0.710833
vt 0.283143 0.757364
vt 0.265561 0.780258
vt 0.267254 0.789305
vt 0.274798 0.755999
vt 0.265561 0.780258
vt 0.283143 0.757364
vt 0.260889 0.708111
vt 0.256249 0.710833
vt 0.259606 0.713177
vt 0.256334 0.704706
vt 0.256249 0.710833
vt 0.260889 0.708111
vt 0.251701 0.707469
vt 0.256249 0.710833
vt 0.256334 0.704706
vt 0.252856 0.712701
vt 0.256249 0.710833
vt 0.251701 0.707469
vt 0.209520 0.824397
vt 0.285782 0.830452
vt 0.283018 0.820703
vt 0.207705 0.834068
vt 0.285782 0.830452
vt 0.209520 0.824397
vt 0.264846 0.791573
vt 0.231391 0.798780
vt 0.222420 0.802045
vt 0.267254 0.789305
vt 0.231391 0.798780
vt 0.264846 0.791573
vt 0.209229 0.719155
vt 0.247620 0.719213
vt 0.245192 0.704354
vt 0.223892 0.725518
vt 0.247620 0.719213
vt 0.209229 0.719155
vt 0.323790 0.020067
vt 0.265140 0.032154
vt 0.318759 0.033993
vt 0.267451 0.022454
vt 0.265140 0.032154
vt 0.323790 0.020067
vt 0.251880 0.745810
vt 0.251440 0.733484
vt 0.252372 0.745793
vt 0.250567 0.733483
vt 0.251440 0.733484
vt 0.251880 0.745810
vt 0.343485 0.789876
vt 0.428625 0.805583
vt 0.445830 0.786217
vt 0.337357 0.809018
vt 0.428625 0.805583
vt 0.343485 0.789876
vt 0.252269 0.721065
vt 0.251440 0.733484
vt 0.250567 0.733483
vt 0.252464 0.721612
vt 0.251440 0.733484
vt 0.252269 0.721065
vt 0.194571 0.756619
vt 0.216933 0.782341
vt 0.213325 0.755114
vt 0.199882 0.789343
vt 0.216933 0.782341
vt 0.194571 0.756619
vt 0.168589 0.794779
vt 0.222420 0.802045
vt 0.187466 0.790149
vt 0.215534 0.803318
vt 0.222420 0.802045
vt 0.168589 0.794779
vt 0.249582 0.732710
vt 0.252269 0.721065
vt 0.250567 0.733483
vt 0.250994 0.719037
vt 0.252269 0.721065
vt 0.249582 0.732710
vt 0.252269 0.721065
vt 0.256463 0.717444
vt 0.252464 0.721612
vt 0.257054 0.716459
vt 0.256463 0.717444
vt 0.252269 0.721065
vt 0.264846 0.791573
vt 0.215534 0.803318
vt 0.270292 0.795864
vt 0.222420 0.802045
vt 0.215534 0.803318
vt 0.264846 0.791573
vt 0.223892 0.725518
vt 0.194571 0.756619
vt 0.213325 0.755114
vt 0.209229 0.719155
vt 0.194571 0.756619
vt 0.223892 0.725518
vt 0.249582 0.732710
vt 0.250654 0.721298
vt 0.250994 0.719037
vt 0.249391 0.733053
vt 0.250654 0.721298
vt 0.249582 0.732710
vt 0.254913 0.714507
vt 0.252269 0.721065
vt 0.250994 0.719037
vt 0.257054 0.716459
vt 0.252269 0.721065
vt 0.254913 0.714507
vt 0.250654 0.721298
vt 0.254913 0.714507
vt 0.250994 0.719037
vt 0.254184 0.717572
vt 0.254913 0.714507
vt 0.250654 0.721298
vt 0.215534 0.803318
vt 0.273006 0.814012
vt 0.270292 0.795864
vt 0.210026 0.814039
vt 0.273006 0.814012
vt 0.215534 0.803318
vt 0.249563 0.733103
vt 0.250654 0.721298
vt 0.249391 0.733053
vt 0.250919 0.724145
vt 0.250654 0.721298
vt 0.249563 0.733103
vt 0.260939 0.721579
vt 0.256463 0.717444
vt 0.257054 0.716459
vt 0.259253 0.722300
vt 0.256463 0.717444
vt 0.260939 0.721579
vt 0.121406 0.788777
vt 0.158743 0.816192
vt 0.168589 0.794779
vt 0.116643 0.813273
vt 0.158743 0.816192
vt 0.121406 0.788777
vt 0.254913 0.714507
vt 0.260489 0.710336
vt 0.257054 0.716459
vt 0.258600 0.710719
vt 0.260489 0.710336
vt 0.254913 0.714507
vt 0.260489 0.710336
vt 0.260939 0.721579
vt 0.257054 0.716459
vt 0.262995 0.715106
vt 0.260939 0.721579
vt 0.260489 0.710336
vt 0.215534 0.803318
vt 0.158743 0.816192
vt 0.210026 0.814039
vt 0.168589 0.794779
vt 0.158743 0.816192
vt 0.215534 0.803318
vt 0.216933 0.782341
vt 0.245377 0.779839
vt 0.228598 0.774775
vt 0.240251 0.789038
vt 0.245377 0.779839
vt 0.216933 0.782341
vt 0.260939 0.721579
vt 0.260273 0.734940
vt 0.259253 0.722300
vt 0.262035 0.734166
vt 0.260273 0.734940
vt 0.260939 0.721579
vt 0.268754 0.730522
vt 0.269085 0.752156
vt 0.274798 0.755999
vt 0.264533 0.732923
vt 0.269085 0.752156
vt 0.268754 0.730522
vt 0.260939 0.721579
vt 0.262945 0.733524
vt 0.262035 0.734166
vt 0.262995 0.715106
vt 0.262945 0.733524
vt 0.260939 0.721579
vt 0.269085 0.752156
vt 0.265561 0.780258
vt 0.274798 0.755999
vt 0.263011 0.770997
vt 0.265561 0.780258
vt 0.269085 0.752156
vt 0.225290 0.751200
vt 0.216933 0.782341
vt 0.228598 0.774775
vt 0.213325 0.755114
vt 0.216933 0.782341
vt 0.225290 0.751200
vt 0.263365 0.718606
vt 0.262945 0.733524
vt 0.262995 0.715106
vt 0.263001 0.733910
vt 0.262945 0.733524
vt 0.263365 0.718606
vt 0.260489 0.710336
vt 0.263599 0.701151
vt 0.262995 0.715106
vt 0.261995 0.700029
vt 0.263599 0.701151
vt 0.260489 0.710336
vt 0.263599 0.701151
vt 0.263365 0.718606
vt 0.262995 0.715106
vt 0.263898 0.704235
vt 0.263365 0.718606
vt 0.263599 0.701151
vt 0.363092 0.054759
vt 0.358256 0.037628
vt 0.347422 0.047896
vt 0.382689 0.038938
vt 0.358256 0.037628
vt 0.363092 0.054759
vt 0.263365 0.718606
vt 0.262705 0.733960
vt 0.263001 0.733910
vt 0.262476 0.722046
vt 0.262705 0.733960
vt 0.263365 0.718606
vt 0.268754 0.730522
vt 0.245192 0.704354
vt 0.247620 0.719213
vt 0.277263 0.721844
vt 0.245192 0.704354
vt 0.268754 0.730522
vt 0.261185 0.724519
vt 0.262705 0.733960
vt 0.262476 0.722046
vt 0.262503 0.732307
vt 0.262705 0.733960
vt 0.261185 0.724519
vt 0.263365 0.718606
vt 0.263125 0.707249
vt 0.262476 0.722046
vt 0.263898 0.704235
vt 0.263125 0.707249
vt 0.263365 0.718606
vt 0.259911 0.719301
vt 0.261185 0.724519
vt 0.262476 0.722046
vt 0.256729 0.721894
vt 0.261185 0.724519
vt 0.259911 0.719301
vt 0.263125 0.707249
vt 0.259911 0.719301
vt 0.262476 0.722046
vt 0.261476 0.708161
vt 0.259911 0.719301
vt 0.263125 0.707249
vt 0.235860 0.767731
vt 0.245377 0.779839
vt 0.247807 0.772931
vt 0.228598 0.774775
vt 0.245377 0.779839
vt 0.235860 0.767731
vt 0.261185 0.724519
vt 0.262395 0.727347
vt 0.262503 0.732307
vt 0.261030 0.720523
vt 0.262395 0.727347
vt 0.261185 0.724519
vt 0.054125 0.858674
vt 0.104919 0.848965
vt 0.065537 0.849027
vt 0.091466 0.858638
vt 0.104919 0.848965
vt 0.054125 0.858674
vt 0.268754 0.730522
vt 0.249499 0.722808
vt 0.264533 0.732923
vt 0.247620 0.719213
vt 0.249499 0.722808
vt 0.268754 0.730522
vt 0.263599 0.701151
vt 0.263814 0.693771
vt 0.263898 0.704235
vt 0.263428 0.694524
vt 0.263814 0.693771
vt 0.263599 0.701151
vt 0.263814 0.693771
vt 0.263125 0.707249
vt 0.263898 0.704235
vt 0.263138 0.698372
vt 0.263125 0.707249
vt 0.263814 0.693771
vt 0.260964 0.736633
vt 0.259013 0.748131
vt 0.259229 0.751763
vt 0.260403 0.735125
vt 0.259013 0.748131
vt 0.260964 0.736633
vt 0.260996 0.712643
vt 0.262395 0.727347
vt 0.261030 0.720523
vt 0.262384 0.717470
vt 0.262395 0.727347
vt 0.260996 0.712643
vt 0.261185 0.724519
vt 0.256392 0.718027
vt 0.261030 0.720523
vt 0.256729 0.721894
vt 0.256392 0.718027
vt 0.261185 0.724519
vt 0.256392 0.718027
vt 0.260996 0.712643
vt 0.261030 0.720523
vt 0.256331 0.710750
vt 0.260996 0.712643
vt 0.256392 0.718027
vt 0.264846 0.791573
vt 0.283143 0.757364
vt 0.267254 0.789305
vt 0.291135 0.755100
vt 0.283143 0.757364
vt 0.264846 0.791573
vt 0.260996 0.712643
vt 0.260889 0.708111
vt 0.262384 0.717470
vt 0.259778 0.707676
vt 0.260889 0.708111
vt 0.260996 0.712643
vt 0.249499 0.722808
vt 0.223892 0.725518
vt 0.232999 0.727168
vt 0.247620 0.719213
vt 0.223892 0.725518
vt 0.249499 0.722808
vt 0.259911 0.719301
vt 0.254812 0.721439
vt 0.256729 0.721894
vt 0.258291 0.718158
vt 0.254812 0.721439
vt 0.259911 0.719301
vt 0.251483 0.723876
vt 0.256392 0.718027
vt 0.256729 0.721894
vt 0.251492 0.719881
vt 0.256392 0.718027
vt 0.251483 0.723876
vt 0.223892 0.725518
vt 0.225290 0.751200
vt 0.232999 0.727168
vt 0.213325 0.755114
vt 0.225290 0.751200
vt 0.223892 0.725518
vt 0.254812 0.721439
vt 0.251483 0.723876
vt 0.256729 0.721894
vt 0.250919 0.724145
vt 0.251483 0.723876
vt 0.254812 0.721439
vt 0.365599 0.688676
vt 0.455305 0.741396
vt 0.452686 0.687680
vt 0.362451 0.745349
vt 0.455305 0.741396
vt 0.365599 0.688676
vt 0.364333 0.005850
vt 0.402405 0.010259
vt 0.376138 0.011130
vt 0.387291 0.007417
vt 0.402405 0.010259
vt 0.364333 0.005850
vt 0.256368 0.704747
vt 0.260889 0.708111
vt 0.259778 0.707676
vt 0.256334 0.704706
vt 0.260889 0.708111
vt 0.256368 0.704747
vt 0.249499 0.722808
vt 0.238257 0.726408
vt 0.250071 0.721827
vt 0.232999 0.727168
vt 0.238257 0.726408
vt 0.249499 0.722808
vt 0.260996 0.712643
vt 0.256368 0.704747
vt 0.259778 0.707676
vt 0.256331 0.710750
vt 0.256368 0.704747
vt 0.260996 0.712643
vt 0.256368 0.704747
vt 0.251701 0.707469
vt 0.256334 0.704706
vt 0.252881 0.707200
vt 0.251701 0.707469
vt 0.256368 0.704747
vt 0.256392 0.718027
vt 0.251588 0.712001
vt 0.256331 0.710750
vt 0.251492 0.719881
vt 0.251588 0.712001
vt 0.256392 0.718027
vt 0.251588 0.712001
vt 0.256368 0.704747
vt 0.256331 0.710750
vt 0.252881 0.707200
vt 0.256368 0.704747
vt 0.251588 0.712001
vt 0.251588 0.712001
vt 0.251701 0.707469
vt 0.252881 0.707200
vt 0.250026 0.716613
vt 0.251701 0.707469
vt 0.251588 0.712001
vt 0.273006 0.814012
vt 0.337302 0.816662
vt 0.337357 0.809018
vt 0.283018 0.820703
vt 0.337302 0.816662
vt 0.273006 0.814012
vt 0.251588 0.712001
vt 0.249856 0.726490
vt 0.250026 0.716613
vt 0.251492 0.719881
vt 0.249856 0.726490
vt 0.251588 0.712001
vt 0.251483 0.723876
vt 0.249856 0.726490
vt 0.251492 0.719881
vt 0.249710 0.731451
vt 0.249856 0.726490
vt 0.251483 0.723876
vt 0.251483 0.723876
vt 0.249563 0.733103
vt 0.249710 0.731451
vt 0.250919 0.724145
vt 0.249563 0.733103
vt 0.251483 0.723876
vt 0.225290 0.751200
vt 0.235860 0.767731
vt 0.233010 0.747064
vt 0.228598 0.774775
vt 0.235860 0.767731
vt 0.225290 0.751200
vt 0.307666 0.750935
vt 0.264846 0.791573
vt 0.270292 0.795864
vt 0.291135 0.755100
vt 0.264846 0.791573
vt 0.307666 0.750935
vt 0.254812 0.721439
vt 0.250654 0.721298
vt 0.250919 0.724145
vt 0.254184 0.717572
vt 0.250654 0.721298
vt 0.254812 0.721439
vt 0.238257 0.726408
vt 0.225290 0.751200
vt 0.233010 0.747064
vt 0.232999 0.727168
vt 0.225290 0.751200
vt 0.238257 0.726408
vt 0.254812 0.721439
vt 0.257857 0.714312
vt 0.254184 0.717572
vt 0.258291 0.718158
vt 0.257857 0.714312
vt 0.254812 0.721439
vt 0.251220 0.719373
vt 0.259308 0.722813
vt 0.259233 0.726029
vt 0.253463 0.716847
vt 0.259308 0.722813
vt 0.251220 0.719373
vt 0.257857 0.714312
vt 0.254913 0.714507
vt 0.254184 0.717572
vt 0.258600 0.710719
vt 0.254913 0.714507
vt 0.257857 0.714312
vt 0.335747 0.838377
vt 0.285782 0.830452
vt 0.290898 0.839754
vt 0.329428 0.828017
vt 0.285782 0.830452
vt 0.335747 0.838377
vt 0.259947 0.707040
vt 0.257857 0.714312
vt 0.258291 0.718158
vt 0.259550 0.703956
vt 0.257857 0.714312
vt 0.259947 0.707040
vt 0.358256 0.037628
vt 0.314806 0.046198
vt 0.347422 0.047896
vt 0.318759 0.033993
vt 0.314806 0.046198
vt 0.358256 0.037628
vt 0.259911 0.719301
vt 0.259947 0.707040
vt 0.258291 0.718158
vt 0.261476 0.708161
vt 0.259947 0.707040
vt 0.259911 0.719301
vt 0.285782 0.830452
vt 0.208264 0.843698
vt 0.290898 0.839754
vt 0.207705 0.834068
vt 0.208264 0.843698
vt 0.285782 0.830452
vt 0.257857 0.714312
vt 0.260250 0.700941
vt 0.258600 0.710719
vt 0.259550 0.703956
vt 0.260250 0.700941
vt 0.257857 0.714312
vt 0.341964 0.046401
vt 0.392073 0.037849
vt 0.371067 0.048051
vt 0.361295 0.034290
vt 0.392073 0.037849
vt 0.341964 0.046401
vt 0.260250 0.700941
vt 0.260489 0.710336
vt 0.258600 0.710719
vt 0.261995 0.700029
vt 0.260489 0.710336
vt 0.260250 0.700941
vt 0.259947 0.707040
vt 0.260610 0.693562
vt 0.259550 0.703956
vt 0.260792 0.698217
vt 0.260610 0.693562
vt 0.259947 0.707040
vt 0.402405 0.010259
vt 0.372942 0.020405
vt 0.376138 0.011130
vt 0.401059 0.019201
vt 0.372942 0.020405
vt 0.402405 0.010259
vt 0.310651 0.844743
vt 0.208264 0.843698
vt 0.211916 0.850615
vt 0.290898 0.839754
vt 0.208264 0.843698
vt 0.310651 0.844743
vt 0.260610 0.693562
vt 0.260250 0.700941
vt 0.259550 0.703956
vt 0.261004 0.694368
vt 0.260250 0.700941
vt 0.260610 0.693562
vt 0.262067 0.695962
vt 0.259947 0.707040
vt 0.261476 0.708161
vt 0.260792 0.698217
vt 0.259947 0.707040
vt 0.262067 0.695962
vt 0.218491 0.865969
vt 0.310651 0.844743
vt 0.211916 0.850615
vt 0.326701 0.859244
vt 0.310651 0.844743
vt 0.218491 0.865969
vt 0.425851 0.843217
vt 0.335747 0.838377
vt 0.368882 0.843032
vt 0.384459 0.838288
vt 0.335747 0.838377
vt 0.425851 0.843217
vt 0.268754 0.730522
vt 0.283143 0.757364
vt 0.277263 0.721844
vt 0.274798 0.755999
vt 0.283143 0.757364
vt 0.268754 0.730522
vt 0.263125 0.707249
vt 0.262067 0.695962
vt 0.261476 0.708161
vt 0.263138 0.698372
vt 0.262067 0.695962
vt 0.263125 0.707249
vt 0.335747 0.838377
vt 0.310651 0.844743
vt 0.368882 0.843032
vt 0.290898 0.839754
vt 0.310651 0.844743
vt 0.335747 0.838377
vt 0.235860 0.767731
vt 0.250014 0.767071
vt 0.241785 0.761144
vt 0.247807 0.772931
vt 0.250014 0.767071
vt 0.235860 0.767731
vt 0.262067 0.695962
vt 0.260610 0.693562
vt 0.260792 0.698217
vt 0.262373 0.690190
vt 0.260610 0.693562
vt 0.262067 0.695962
vt 0.239584 0.742783
vt 0.235860 0.767731
vt 0.241785 0.761144
vt 0.233010 0.747064
vt 0.235860 0.767731
vt 0.239584 0.742783
vt 0.289849 0.712062
vt 0.283143 0.757364
vt 0.291135 0.755100
vt 0.277263 0.721844
vt 0.283143 0.757364
vt 0.289849 0.712062
vt 0.402405 0.010259
vt 0.391057 0.018701
vt 0.401059 0.019201
vt 0.390659 0.009862
vt 0.391057 0.018701
vt 0.402405 0.010259
vt 0.263814 0.693771
vt 0.262067 0.695962
vt 0.263138 0.698372
vt 0.262373 0.690190
vt 0.262067 0.695962
vt 0.263814 0.693771
vt 0.258795 0.756306
vt 0.250014 0.767071
vt 0.258532 0.761075
vt 0.252729 0.761504
vt 0.250014 0.767071
vt 0.258795 0.756306
vt 0.260250 0.700941
vt 0.262367 0.691371
vt 0.261995 0.700029
vt 0.261004 0.694368
vt 0.262367 0.691371
vt 0.260250 0.700941
vt 0.246891 0.755537
vt 0.250014 0.767071
vt 0.252729 0.761504
vt 0.241785 0.761144
vt 0.250014 0.767071
vt 0.246891 0.755537
vt 0.445337 0.642989
vt 0.366403 0.605300
vt 0.368010 0.653662
vt 0.442827 0.594057
vt 0.366403 0.605300
vt 0.445337 0.642989
vt 0.262367 0.691371
vt 0.263599 0.701151
vt 0.261995 0.700029
vt 0.263428 0.694524
vt 0.263599 0.701151
vt 0.262367 0.691371
vt 0.365599 0.688676
vt 0.445337 0.642989
vt 0.368010 0.653662
vt 0.452686 0.687680
vt 0.445337 0.642989
vt 0.365599 0.688676
vt 0.251220 0.719373
vt 0.238257 0.726408
vt 0.242890 0.724642
vt 0.250071 0.721827
vt 0.238257 0.726408
vt 0.251220 0.719373
vt 0.245192 0.704354
vt 0.289849 0.712062
vt 0.243851 0.696077
vt 0.277263 0.721844
vt 0.289849 0.712062
vt 0.245192 0.704354
vt 0.377926 0.006814
vt 0.364333 0.005850
vt 0.338467 0.003950
vt 0.387291 0.007417
vt 0.364333 0.005850
vt 0.377926 0.006814
vt 0.307666 0.750935
vt 0.365599 0.688676
vt 0.304010 0.691509
vt 0.362451 0.745349
vt 0.365599 0.688676
vt 0.307666 0.750935
vt 0.289849 0.712062
vt 0.307666 0.750935
vt 0.304010 0.691509
vt 0.291135 0.755100
vt 0.307666 0.750935
vt 0.289849 0.712062
vt 0.365599 0.688676
vt 0.329275 0.651268
vt 0.304010 0.691509
vt 0.368010 0.653662
vt 0.329275 0.651268
vt 0.365599 0.688676
vt 0.243424 0.678627
vt 0.289849 0.712062
vt 0.304010 0.691509
vt 0.243851 0.696077
vt 0.289849 0.712062
vt 0.243424 0.678627
vt 0.195521 1.000000
vt 0.116431 0.992170
vt 0.066138 0.992170
vt 0.221184 1.000000
vt 0.116431 0.992170
vt 0.195521 1.000000
vt 0.260610 0.693562
vt 0.262367 0.691371
vt 0.261004 0.694368
vt 0.262373 0.690190
vt 0.262367 0.691371
vt 0.260610 0.693562
vt 0.238257 0.726408
vt 0.239584 0.742783
vt 0.242890 0.724642
vt 0.233010 0.747064
vt 0.239584 0.742783
vt 0.238257 0.726408
vt 0.263814 0.693771
vt 0.262367 0.691371
vt 0.262373 0.690190
vt 0.263428 0.694524
vt 0.262367 0.691371
vt 0.263814 0.693771
vt 0.159181 0.748875
vt 0.187466 0.790149
vt 0.177404 0.753830
vt 0.168589 0.794779
vt 0.187466 0.790149
vt 0.159181 0.748875
vt 0.442223 0.974473
vt 0.354579 0.994260
vt 0.410519 0.994270
vt 0.383619 0.974434
vt 0.354579 0.994260
vt 0.442223 0.974473
vt 0.207811 0.024513
vt 0.288234 0.012070
vt 0.286094 0.022209
vt 0.207106 0.012676
vt 0.288234 0.012070
vt 0.207811 0.024513
vt 0.054723 0.648966
vt 0.125825 0.612737
vt 0.051816 0.611962
vt 0.128802 0.649124
vt 0.125825 0.612737
vt 0.054723 0.648966
vt 0.251220 0.719373
vt 0.247476 0.722044
vt 0.253463 0.716847
vt 0.242890 0.724642
vt 0.247476 0.722044
vt 0.251220 0.719373
vt 0.366403 0.605300
vt 0.442067 0.548005
vt 0.355651 0.549051
vt 0.442827 0.594057
vt 0.442067 0.548005
vt 0.366403 0.605300
vt 0.442067 0.548005
vt 0.363486 0.516258
vt 0.355651 0.549051
vt 0.447284 0.515393
vt 0.363486 0.516258
vt 0.442067 0.548005
vt 0.343485 0.789876
vt 0.455305 0.741396
vt 0.362451 0.745349
vt 0.445830 0.786217
vt 0.455305 0.741396
vt 0.343485 0.789876
vt 0.239584 0.742783
vt 0.246891 0.755537
vt 0.245225 0.738663
vt 0.241785 0.761144
vt 0.246891 0.755537
vt 0.239584 0.742783
vt 0.243424 0.678627
vt 0.329275 0.651268
vt 0.242964 0.655290
vt 0.304010 0.691509
vt 0.329275 0.651268
vt 0.243424 0.678627
vt 0.211210 0.003255
vt 0.272245 0.001577
vt 0.282289 0.004309
vt 0.220313 0.000000
vt 0.272245 0.001577
vt 0.211210 0.003255
vt 0.329275 0.651268
vt 0.366403 0.605300
vt 0.303217 0.605179
vt 0.368010 0.653662
vt 0.366403 0.605300
vt 0.329275 0.651268
vt 0.366403 0.605300
vt 0.300859 0.554482
vt 0.303217 0.605179
vt 0.355651 0.549051
vt 0.300859 0.554482
vt 0.366403 0.605300
vt 0.244005 0.613767
vt 0.329275 0.651268
vt 0.303217 0.605179
vt 0.242964 0.655290
vt 0.329275 0.651268
vt 0.244005 0.613767
vt 0.116431 0.992170
vt 0.229545 0.993206
vt 0.155890 0.987120
vt 0.221184 1.000000
vt 0.229545 0.993206
vt 0.116431 0.992170
vt 0.354579 0.994260
vt 0.195521 1.000000
vt 0.410519 0.994270
vt 0.221184 1.000000
vt 0.195521 1.000000
vt 0.354579 0.994260
vt 0.054723 0.648966
vt 0.128695 0.687853
vt 0.128802 0.649124
vt 0.052555 0.687942
vt 0.128695 0.687853
vt 0.054723 0.648966
vt 0.354579 0.994260
vt 0.229545 0.993206
vt 0.221184 1.000000
vt 0.311255 0.988731
vt 0.229545 0.993206
vt 0.354579 0.994260
vt 0.128695 0.687853
vt 0.165115 0.658696
vt 0.128802 0.649124
vt 0.169397 0.689152
vt 0.165115 0.658696
vt 0.128695 0.687853
vt 0.244005 0.613767
vt 0.300859 0.554482
vt 0.246692 0.566561
vt 0.303217 0.605179
vt 0.300859 0.554482
vt 0.244005 0.613767
vt 0.272245 0.001577
vt 0.364333 0.005850
vt 0.282289 0.004309
vt 0.338467 0.003950
vt 0.364333 0.005850
vt 0.272245 0.001577
vt 0.300859 0.554482
vt 0.363486 0.516258
vt 0.309230 0.521738
vt 0.355651 0.549051
vt 0.363486 0.516258
vt 0.300859 0.554482
vt 0.249172 0.534280
vt 0.300859 0.554482
vt 0.309230 0.521738
vt 0.246692 0.566561
vt 0.300859 0.554482
vt 0.249172 0.534280
vt 0.247476 0.722044
vt 0.239584 0.742783
vt 0.245225 0.738663
vt 0.242890 0.724642
vt 0.239584 0.742783
vt 0.247476 0.722044
vt 0.288234 0.012070
vt 0.211210 0.003255
vt 0.282289 0.004309
vt 0.207106 0.012676
vt 0.211210 0.003255
vt 0.288234 0.012070
vt 0.363486 0.516258
vt 0.447960 0.494231
vt 0.365091 0.494655
vt 0.447284 0.515393
vt 0.447960 0.494231
vt 0.363486 0.516258
vt 0.310206 0.498162
vt 0.363486 0.516258
vt 0.365091 0.494655
vt 0.309230 0.521738
vt 0.363486 0.516258
vt 0.310206 0.498162
vt 0.288234 0.012070
vt 0.372942 0.020405
vt 0.286094 0.022209
vt 0.376138 0.011130
vt 0.372942 0.020405
vt 0.288234 0.012070
vt 0.261627 0.743661
vt 0.258795 0.756306
vt 0.258532 0.761075
vt 0.261043 0.739688
vt 0.258795 0.756306
vt 0.261627 0.743661
vt 0.354579 0.994260
vt 0.328235 0.973993
vt 0.311255 0.988731
vt 0.383619 0.974434
vt 0.328235 0.973993
vt 0.354579 0.994260
vt 0.387581 0.941441
vt 0.457666 0.897322
vt 0.392144 0.896200
vt 0.456974 0.923133
vt 0.457666 0.897322
vt 0.387581 0.941441
vt 0.128695 0.687853
vt 0.159181 0.748875
vt 0.169397 0.689152
vt 0.124590 0.741815
vt 0.159181 0.748875
vt 0.128695 0.687853
vt 0.380604 0.480580
vt 0.447960 0.494231
vt 0.450409 0.478651
vt 0.365091 0.494655
vt 0.447960 0.494231
vt 0.380604 0.480580
vt 0.246891 0.755537
vt 0.254574 0.756415
vt 0.250119 0.750882
vt 0.252729 0.761504
vt 0.254574 0.756415
vt 0.246891 0.755537
vt 0.255586 0.750265
vt 0.259013 0.748131
vt 0.258964 0.746703
vt 0.255293 0.752094
vt 0.259013 0.748131
vt 0.255586 0.750265
vt 0.249172 0.534280
vt 0.310206 0.498162
vt 0.249408 0.506228
vt 0.309230 0.521738
vt 0.310206 0.498162
vt 0.249172 0.534280
vt 0.145953 0.971673
vt 0.229545 0.993206
vt 0.232584 0.972823
vt 0.155890 0.987120
vt 0.229545 0.993206
vt 0.145953 0.971673
vt 0.310206 0.498162
vt 0.380604 0.480580
vt 0.326223 0.481666
vt 0.365091 0.494655
vt 0.380604 0.480580
vt 0.310206 0.498162
vt 0.250645 0.484054
vt 0.310206 0.498162
vt 0.326223 0.481666
vt 0.249408 0.506228
vt 0.310206 0.498162
vt 0.250645 0.484054
vt 0.248847 0.735457
vt 0.246891 0.755537
vt 0.250119 0.750882
vt 0.245225 0.738663
vt 0.246891 0.755537
vt 0.248847 0.735457
vt 0.377926 0.006814
vt 0.322788 0.005546
vt 0.356901 0.007210
vt 0.338467 0.003950
vt 0.322788 0.005546
vt 0.377926 0.006814
vt 0.380604 0.480580
vt 0.416422 0.470065
vt 0.384294 0.470348
vt 0.450409 0.478651
vt 0.416422 0.470065
vt 0.380604 0.480580
vt 0.331535 0.470451
vt 0.380604 0.480580
vt 0.384294 0.470348
vt 0.326223 0.481666
vt 0.380604 0.480580
vt 0.331535 0.470451
vt 0.192412 0.708785
vt 0.243424 0.678627
vt 0.169397 0.689152
vt 0.243851 0.696077
vt 0.243424 0.678627
vt 0.192412 0.708785
vt 0.372942 0.020405
vt 0.278265 0.032076
vt 0.286094 0.022209
vt 0.361295 0.034290
vt 0.278265 0.032076
vt 0.372942 0.020405
vt 0.416422 0.470065
vt 0.188024 0.474509
vt 0.228025 0.469132
vt 0.450409 0.478651
vt 0.188024 0.474509
vt 0.416422 0.470065
vt 0.104919 0.848965
vt 0.070806 0.838487
vt 0.065537 0.849027
vt 0.110684 0.838416
vt 0.070806 0.838487
vt 0.104919 0.848965
vt 0.380286 0.444495
vt 0.416422 0.470065
vt 0.412558 0.443322
vt 0.384294 0.470348
vt 0.416422 0.470065
vt 0.380286 0.444495
vt 0.416422 0.470065
vt 0.295102 0.441083
vt 0.412558 0.443322
vt 0.228025 0.469132
vt 0.295102 0.441083
vt 0.416422 0.470065
vt 0.251734 0.747292
vt 0.254574 0.756415
vt 0.255293 0.752094
vt 0.250119 0.750882
vt 0.254574 0.756415
vt 0.251734 0.747292
vt 0.328235 0.973993
vt 0.229545 0.993206
vt 0.311255 0.988731
vt 0.232584 0.972823
vt 0.229545 0.993206
vt 0.328235 0.973993
vt 0.250645 0.484054
vt 0.331535 0.470451
vt 0.256368 0.469913
vt 0.326223 0.481666
vt 0.331535 0.470451
vt 0.250645 0.484054
vt 0.048051 0.971289
vt 0.116431 0.992170
vt 0.098877 0.971289
vt 0.066138 0.992170
vt 0.116431 0.992170
vt 0.048051 0.971289
vt 0.331535 0.470451
vt 0.380286 0.444495
vt 0.330891 0.444136
vt 0.384294 0.470348
vt 0.380286 0.444495
vt 0.331535 0.470451
vt 0.263578 0.442115
vt 0.331535 0.470451
vt 0.330891 0.444136
vt 0.256368 0.469913
vt 0.331535 0.470451
vt 0.263578 0.442115
vt 0.046726 0.738958
vt 0.128695 0.687853
vt 0.052555 0.687942
vt 0.124590 0.741815
vt 0.128695 0.687853
vt 0.046726 0.738958
vt 0.116431 0.992170
vt 0.145953 0.971673
vt 0.098877 0.971289
vt 0.155890 0.987120
vt 0.145953 0.971673
vt 0.116431 0.992170
vt 0.380286 0.444495
vt 0.392840 0.381813
vt 0.368176 0.382832
vt 0.412558 0.443322
vt 0.392840 0.381813
vt 0.380286 0.444495
vt 0.326079 0.381783
vt 0.380286 0.444495
vt 0.368176 0.382832
vt 0.330891 0.444136
vt 0.380286 0.444495
vt 0.326079 0.381783
vt 0.251734 0.747292
vt 0.255586 0.750265
vt 0.252372 0.745793
vt 0.255293 0.752094
vt 0.255586 0.750265
vt 0.251734 0.747292
vt 0.391057 0.018701
vt 0.358256 0.037628
vt 0.382689 0.038938
vt 0.365886 0.018968
vt 0.358256 0.037628
vt 0.391057 0.018701
vt 0.392840 0.381813
vt 0.295102 0.441083
vt 0.305627 0.378569
vt 0.412558 0.443322
vt 0.295102 0.441083
vt 0.392840 0.381813
vt 0.258795 0.756306
vt 0.254574 0.756415
vt 0.252729 0.761504
vt 0.259229 0.751763
vt 0.254574 0.756415
vt 0.258795 0.756306
vt 0.392840 0.381813
vt 0.313518 0.317973
vt 0.375755 0.321802
vt 0.305627 0.378569
vt 0.313518 0.317973
vt 0.392840 0.381813
vt 0.046726 0.738958
vt 0.121406 0.788777
vt 0.124590 0.741815
vt 0.044624 0.784878
vt 0.121406 0.788777
vt 0.046726 0.738958
vt 0.357562 0.322920
vt 0.392840 0.381813
vt 0.375755 0.321802
vt 0.368176 0.382832
vt 0.392840 0.381813
vt 0.357562 0.322920
vt 0.255129 0.715675
vt 0.247476 0.722044
vt 0.250555 0.720327
vt 0.253463 0.716847
vt 0.247476 0.722044
vt 0.255129 0.715675
vt 0.263578 0.442115
vt 0.326079 0.381783
vt 0.269278 0.378741
vt 0.330891 0.444136
vt 0.326079 0.381783
vt 0.263578 0.442115
vt 0.096857 0.941233
vt 0.048051 0.971289
vt 0.098877 0.971289
vt 0.043814 0.941233
vt 0.048051 0.971289
vt 0.096857 0.941233
vt 0.326079 0.381783
vt 0.357562 0.322920
vt 0.322189 0.321696
vt 0.368176 0.382832
vt 0.357562 0.322920
vt 0.326079 0.381783
vt 0.274400 0.317899
vt 0.326079 0.381783
vt 0.322189 0.321696
vt 0.269278 0.378741
vt 0.326079 0.381783
vt 0.274400 0.317899
vt 0.247476 0.722044
vt 0.248847 0.735457
vt 0.250555 0.720327
vt 0.245225 0.738663
vt 0.248847 0.735457
vt 0.247476 0.722044
vt 0.364333 0.005850
vt 0.288234 0.012070
vt 0.282289 0.004309
vt 0.376138 0.011130
vt 0.288234 0.012070
vt 0.364333 0.005850
vt 0.357562 0.322920
vt 0.371676 0.298492
vt 0.355687 0.300000
vt 0.375755 0.321802
vt 0.371676 0.298492
vt 0.357562 0.322920
vt 0.392073 0.037849
vt 0.363092 0.054759
vt 0.371067 0.048051
vt 0.382689 0.038938
vt 0.363092 0.054759
vt 0.392073 0.037849
vt 0.322628 0.298304
vt 0.357562 0.322920
vt 0.355687 0.300000
vt 0.322189 0.321696
vt 0.357562 0.322920
vt 0.322628 0.298304
vt 0.372942 0.020405
vt 0.392073 0.037849
vt 0.361295 0.034290
vt 0.401059 0.019201
vt 0.392073 0.037849
vt 0.372942 0.020405
vt 0.265140 0.032154
vt 0.226592 0.026584
vt 0.225801 0.036234
vt 0.267451 0.022454
vt 0.226592 0.026584
vt 0.265140 0.032154
vt 0.442223 0.974473
vt 0.387581 0.941441
vt 0.383619 0.974434
vt 0.456974 0.923133
vt 0.387581 0.941441
vt 0.442223 0.974473
vt 0.314806 0.046198
vt 0.265140 0.032154
vt 0.264035 0.053555
vt 0.318759 0.033993
vt 0.265140 0.032154
vt 0.314806 0.046198
vt 0.283396 0.064288
vt 0.314806 0.046198
vt 0.264035 0.053555
vt 0.322933 0.050353
vt 0.314806 0.046198
vt 0.283396 0.064288
vt 0.265140 0.032154
vt 0.229384 0.065414
vt 0.264035 0.053555
vt 0.225801 0.036234
vt 0.229384 0.065414
vt 0.265140 0.032154
vt 0.255129 0.715675
vt 0.252078 0.721000
vt 0.255735 0.717037
vt 0.250555 0.720327
vt 0.252078 0.721000
vt 0.255129 0.715675
vt 0.121406 0.788777
vt 0.159181 0.748875
vt 0.124590 0.741815
vt 0.168589 0.794779
vt 0.159181 0.748875
vt 0.121406 0.788777
vt 0.274400 0.317899
vt 0.322628 0.298304
vt 0.277144 0.293154
vt 0.322189 0.321696
vt 0.322628 0.298304
vt 0.274400 0.317899
vt 0.145953 0.971673
vt 0.231988 0.941257
vt 0.145157 0.941239
vt 0.232584 0.972823
vt 0.231988 0.941257
vt 0.145953 0.971673
vt 0.322628 0.298304
vt 0.354769 0.290862
vt 0.322277 0.288800
vt 0.355687 0.300000
vt 0.354769 0.290862
vt 0.322628 0.298304
vt 0.307666 0.750935
vt 0.343485 0.789876
vt 0.362451 0.745349
vt 0.270292 0.795864
vt 0.343485 0.789876
vt 0.307666 0.750935
vt 0.275895 0.282598
vt 0.322628 0.298304
vt 0.322277 0.288800
vt 0.277144 0.293154
vt 0.322628 0.298304
vt 0.275895 0.282598
vt 0.096857 0.941233
vt 0.145953 0.971673
vt 0.145157 0.941239
vt 0.098877 0.971289
vt 0.145953 0.971673
vt 0.096857 0.941233
vt 0.277415 0.135446
vt 0.229384 0.065414
vt 0.242017 0.136631
vt 0.264035 0.053555
vt 0.229384 0.065414
vt 0.277415 0.135446
vt 0.275895 0.282598
vt 0.316468 0.266080
vt 0.268810 0.259234
vt 0.322277 0.288800
vt 0.316468 0.266080
vt 0.275895 0.282598
vt 0.259332 0.721839
vt 0.260273 0.734940
vt 0.260403 0.735125
vt 0.259253 0.722300
vt 0.260273 0.734940
vt 0.259332 0.721839
vt 0.231988 0.941257
vt 0.135851 0.904636
vt 0.145157 0.941239
vt 0.226746 0.900911
vt 0.135851 0.904636
vt 0.231988 0.941257
vt 0.277415 0.135446
vt 0.257129 0.213666
vt 0.302467 0.216939
vt 0.242017 0.136631
vt 0.257129 0.213666
vt 0.277415 0.135446
vt 0.257129 0.213666
vt 0.316468 0.266080
vt 0.302467 0.216939
vt 0.268810 0.259234
vt 0.316468 0.266080
vt 0.257129 0.213666
vt 0.256463 0.717444
vt 0.252078 0.721000
vt 0.252464 0.721612
vt 0.255735 0.717037
vt 0.252078 0.721000
vt 0.256463 0.717444
vt 0.273006 0.814012
vt 0.343485 0.789876
vt 0.270292 0.795864
vt 0.337357 0.809018
vt 0.343485 0.789876
vt 0.273006 0.814012
vt 0.283396 0.064288
vt 0.277415 0.135446
vt 0.297270 0.135241
vt 0.264035 0.053555
vt 0.277415 0.135446
vt 0.283396 0.064288
vt 0.277415 0.135446
vt 0.330331 0.218218
vt 0.297270 0.135241
vt 0.302467 0.216939
vt 0.330331 0.218218
vt 0.277415 0.135446
vt 0.251734 0.747292
vt 0.251440 0.733484
vt 0.250716 0.734006
vt 0.252372 0.745793
vt 0.251440 0.733484
vt 0.251734 0.747292
vt 0.248847 0.735457
vt 0.251734 0.747292
vt 0.250716 0.734006
vt 0.250119 0.750882
vt 0.251734 0.747292
vt 0.248847 0.735457
vt 0.207811 0.024513
vt 0.278265 0.032076
vt 0.208886 0.035020
vt 0.286094 0.022209
vt 0.278265 0.032076
vt 0.207811 0.024513
vt 0.052056 0.811125
vt 0.121406 0.788777
vt 0.044624 0.784878
vt 0.116643 0.813273
vt 0.121406 0.788777
vt 0.052056 0.811125
vt 0.341964 0.046401
vt 0.283396 0.064288
vt 0.271873 0.053725
vt 0.322933 0.050353
vt 0.283396 0.064288
vt 0.341964 0.046401
vt 0.278265 0.032076
vt 0.341964 0.046401
vt 0.271873 0.053725
vt 0.361295 0.034290
vt 0.341964 0.046401
vt 0.278265 0.032076
vt 0.283396 0.064288
vt 0.292576 0.135872
vt 0.271873 0.053725
vt 0.297270 0.135241
vt 0.292576 0.135872
vt 0.283396 0.064288
vt 0.214926 0.065450
vt 0.278265 0.032076
vt 0.271873 0.053725
vt 0.208886 0.035020
vt 0.278265 0.032076
vt 0.214926 0.065450
vt 0.390507 0.857226
vt 0.310651 0.844743
vt 0.326701 0.859244
vt 0.368882 0.843032
vt 0.310651 0.844743
vt 0.390507 0.857226
vt 0.316468 0.266080
vt 0.354769 0.290862
vt 0.347699 0.268075
vt 0.322277 0.288800
vt 0.354769 0.290862
vt 0.316468 0.266080
vt 0.330331 0.218218
vt 0.316468 0.266080
vt 0.347699 0.268075
vt 0.302467 0.216939
vt 0.316468 0.266080
vt 0.330331 0.218218
vt 0.251440 0.733484
vt 0.252078 0.721000
vt 0.250716 0.734006
vt 0.252464 0.721612
vt 0.252078 0.721000
vt 0.251440 0.733484
vt 0.252078 0.721000
vt 0.248847 0.735457
vt 0.250716 0.734006
vt 0.250555 0.720327
vt 0.248847 0.735457
vt 0.252078 0.721000
vt 0.371676 0.298492
vt 0.313518 0.317973
vt 0.316371 0.293290
vt 0.375755 0.321802
vt 0.313518 0.317973
vt 0.371676 0.298492
vt 0.259013 0.748131
vt 0.254574 0.756415
vt 0.259229 0.751763
vt 0.255293 0.752094
vt 0.254574 0.756415
vt 0.259013 0.748131
vt 0.354769 0.290862
vt 0.371676 0.298492
vt 0.369225 0.288907
vt 0.355687 0.300000
vt 0.371676 0.298492
vt 0.354769 0.290862
vt 0.358535 0.265814
vt 0.354769 0.290862
vt 0.369225 0.288907
vt 0.347699 0.268075
vt 0.354769 0.290862
vt 0.358535 0.265814
vt 0.371676 0.298492
vt 0.313565 0.282625
vt 0.369225 0.288907
vt 0.316371 0.293290
vt 0.313565 0.282625
vt 0.371676 0.298492
vt 0.259308 0.722813
vt 0.261627 0.743661
vt 0.259233 0.726029
vt 0.261043 0.739688
vt 0.261627 0.743661
vt 0.259308 0.722813
vt 0.214926 0.065450
vt 0.292576 0.135872
vt 0.234226 0.137186
vt 0.271873 0.053725
vt 0.292576 0.135872
vt 0.214926 0.065450
vt 0.267079 0.012076
vt 0.323790 0.020067
vt 0.322013 0.010751
vt 0.267451 0.022454
vt 0.323790 0.020067
vt 0.267079 0.012076
vt 0.292576 0.135872
vt 0.330331 0.218218
vt 0.334590 0.217330
vt 0.297270 0.135241
vt 0.330331 0.218218
vt 0.292576 0.135872
vt 0.330331 0.218218
vt 0.358535 0.265814
vt 0.334590 0.217330
vt 0.347699 0.268075
vt 0.358535 0.265814
vt 0.330331 0.218218
vt 0.267270 0.214095
vt 0.292576 0.135872
vt 0.334590 0.217330
vt 0.234226 0.137186
vt 0.292576 0.135872
vt 0.267270 0.214095
vt 0.260218 0.765475
vt 0.250014 0.767071
vt 0.247807 0.772931
vt 0.258532 0.761075
vt 0.250014 0.767071
vt 0.260218 0.765475
vt 0.358535 0.265814
vt 0.313565 0.282625
vt 0.297485 0.259538
vt 0.369225 0.288907
vt 0.313565 0.282625
vt 0.358535 0.265814
vt 0.267270 0.214095
vt 0.358535 0.265814
vt 0.297485 0.259538
vt 0.334590 0.217330
vt 0.358535 0.265814
vt 0.267270 0.214095
vt 0.428625 0.805583
vt 0.337302 0.816662
vt 0.402036 0.814555
vt 0.337357 0.809018
vt 0.337302 0.816662
vt 0.428625 0.805583
vt 0.267270 0.214095
vt 0.190901 0.252832
vt 0.176269 0.210706
vt 0.297485 0.259538
vt 0.190901 0.252832
vt 0.267270 0.214095
vn -0.90317760 0.06525598 -0.42428000
vn -0.95659740 0.12101890 -0.26509880
vn -0.88621410 0.04925251 -0.46065160
vn -0.96647340 0.08628555 -0.24183800
vn -0.95659740 0.12101890 -0.26509880
vn -0.90317760 0.06525598 -0.42428000
vn 0.30497150 0.03898042 -0.95156340
vn -0.00010296 0.05285864 -0.99860190
vn 0.30151210 0.05104288 -0.95209500
vn 0.00333688 0.05035013 -0.99872590
vn -0.00010296 0.05285864 -0.99860190
vn 0.30497150 0.03898042 -0.95156340
vn -0.90317760 0.06525598 -0.42428000
vn -0.99486270 -0.02029393 -0.09918606
vn -0.96647340 0.08628555 -0.24183800
vn -0.92177640 -0.02531085 -0.38689660
vn -0.99486270 -0.02029393 -0.09918606
vn -0.90317760 0.06525598 -0.42428000
vn -0.00010296 0.05285864 -0.99860190
vn -0.30014180 0.05663097 -0.95221220
vn -0.31008960 0.08489239 -0.94690960
vn 0.00333688 0.05035013 -0.99872590
vn -0.30014180 0.05663097 -0.95221220
vn -0.00010296 0.05285864 -0.99860190
vn 0.00591628 0.01463607 -0.99987520
vn -0.30014180 0.05663097 -0.95221220
vn 0.00333688 0.05035013 -0.99872590
vn -0.29212490 0.00702174 -0.95635440
vn -0.30014180 0.05663097 -0.95221220
vn 0.00591628 0.01463607 -0.99987520
vn 0.68968240 0.71808950 0.09319647
vn 0.92410250 0.36344410 -0.11808120
vn 0.55304880 0.80791090 -0.20351170
vn 0.91814630 0.37777370 0.11956040
vn 0.92410250 0.36344410 -0.11808120
vn 0.68968240 0.71808950 0.09319647
vn 0.93263380 0.21234440 -0.29172880
vn 0.92845860 0.08390751 -0.36183650
vn 0.85641430 0.05853142 -0.51296190
vn 0.96639330 0.16023440 -0.20102360
vn 0.92845860 0.08390751 -0.36183650
vn 0.93263380 0.21234440 -0.29172880
vn 0.00619854 -0.92851040 0.37125550
vn -0.16314380 -0.98563370 0.04371180
vn 0.04609817 -0.99808980 0.04113445
vn -0.17846180 -0.90641580 0.38283450
vn -0.16314380 -0.98563370 0.04371180
vn 0.00619854 -0.92851040 0.37125550
vn 0.30497150 0.03898042 -0.95156340
vn 0.00591628 0.01463607 -0.99987520
vn 0.00333688 0.05035013 -0.99872590
vn 0.30929350 0.02487814 -0.95064110
vn 0.00591628 0.01463607 -0.99987520
vn 0.30497150 0.03898042 -0.95156340
vn 0.97396080 0.02320844 -0.22552880
vn 0.92845860 0.08390751 -0.36183650
vn 0.96639330 0.16023440 -0.20102360
vn 0.97173610 -0.00797266 -0.23593890
vn 0.92845860 0.08390751 -0.36183650
vn 0.97396080 0.02320844 -0.22552880
vn 0.93263380 0.21234440 -0.29172880
vn 0.60031190 -0.13784830 -0.78779680
vn 0.91643230 -0.09001463 -0.38993670
vn 0.85641430 0.05853142 -0.51296190
vn 0.60031190 -0.13784830 -0.78779680
vn 0.93263380 0.21234440 -0.29172880
vn 0.60031190 -0.13784830 -0.78779680
vn -0.00010296 0.05285864 -0.99860190
vn -0.05319900 -0.23272040 -0.97108760
vn 0.30151210 0.05104288 -0.95209500
vn -0.00010296 0.05285864 -0.99860190
vn 0.60031190 -0.13784830 -0.78779680
vn 0.00591628 0.01463607 -0.99987520
vn -0.31776550 -0.00848261 -0.94813130
vn -0.29212490 0.00702174 -0.95635440
vn -0.00020750 0.00698825 -0.99997550
vn -0.31776550 -0.00848261 -0.94813130
vn 0.00591628 0.01463607 -0.99987520
vn -0.05071164 -0.94043800 0.33616190
vn 0.02011415 -0.99929270 0.03177235
vn -0.02308534 -0.99952880 0.02022939
vn -0.01006658 -0.93867060 0.34466830
vn 0.02011415 -0.99929270 0.03177235
vn -0.05071164 -0.94043800 0.33616190
vn 0.31877590 0.02707532 -0.94744330
vn 0.00591628 0.01463607 -0.99987520
vn 0.30929350 0.02487814 -0.95064110
vn -0.00020750 0.00698825 -0.99997550
vn 0.00591628 0.01463607 -0.99987520
vn 0.31877590 0.02707532 -0.94744330
vn 0.76334680 -0.49834270 -0.41104440
vn 0.60031190 -0.13784830 -0.78779680
vn 0.51831250 -0.53256360 -0.66912540
vn 0.91643230 -0.09001463 -0.38993670
vn 0.60031190 -0.13784830 -0.78779680
vn 0.76334680 -0.49834270 -0.41104440
vn 0.97694220 0.01250431 -0.21313830
vn 0.99697880 0.07394281 0.02380077
vn 0.98017140 0.00963612 -0.19791850
vn 0.99727890 0.07333831 0.00760670
vn 0.99697880 0.07394281 0.02380077
vn 0.97694220 0.01250431 -0.21313830
vn -0.01056271 0.16735460 0.98584030
vn 0.08523196 0.41739740 0.90471820
vn 0.00996881 0.37429220 0.92725740
vn 0.09404945 0.42346820 0.90101590
vn 0.08523196 0.41739740 0.90471820
vn -0.01056271 0.16735460 0.98584030
vn 0.43954590 -0.20884940 -0.87360260
vn 0.46108550 -0.27124790 -0.84488160
vn 0.48888450 -0.31462870 -0.81363420
vn 0.43357500 -0.18708190 -0.88148360
vn 0.46108550 -0.27124790 -0.84488160
vn 0.43954590 -0.20884940 -0.87360260
vn 0.97694220 0.01250431 -0.21313830
vn 0.99969560 0.02393237 0.00613362
vn 0.99727890 0.07333831 0.00760670
vn 0.97313560 -0.01647047 -0.22964600
vn 0.99969560 0.02393237 0.00613362
vn 0.97694220 0.01250431 -0.21313830
vn -0.82122850 -0.24465890 -0.51548690
vn -0.95659740 0.12101890 -0.26509880
vn -0.91963300 -0.22716110 -0.32042810
vn -0.88621410 0.04925251 -0.46065160
vn -0.95659740 0.12101890 -0.26509880
vn -0.82122850 -0.24465890 -0.51548690
vn -0.00010296 0.05285864 -0.99860190
vn -0.29736610 0.01344931 -0.95466880
vn -0.05319900 -0.23272040 -0.97108760
vn -0.30042720 0.01622168 -0.95366680
vn -0.29736610 0.01344931 -0.95466880
vn -0.00010296 0.05285864 -0.99860190
vn -0.38745110 -0.18907720 -0.90229240
vn -0.39003270 -0.20817000 -0.89696150
vn -0.38408880 -0.30141600 -0.87271090
vn -0.38915410 -0.19064420 -0.90122920
vn -0.39003270 -0.20817000 -0.89696150
vn -0.38745110 -0.18907720 -0.90229240
vn -0.82122850 -0.24465890 -0.51548690
vn -0.78722290 -0.54021660 -0.29740160
vn -0.40471780 -0.59221370 -0.69676890
vn -0.91963300 -0.22716110 -0.32042810
vn -0.78722290 -0.54021660 -0.29740160
vn -0.82122850 -0.24465890 -0.51548690
vn 0.43954590 -0.20884940 -0.87360260
vn 0.40209540 -0.13305510 -0.90587850
vn 0.43357500 -0.18708190 -0.88148360
vn 0.39583620 -0.14056390 -0.90749970
vn 0.40209540 -0.13305510 -0.90587850
vn 0.43954590 -0.20884940 -0.87360260
vn 0.00619854 -0.92851040 0.37125550
vn 0.02011415 -0.99929270 0.03177235
vn -0.01006658 -0.93867060 0.34466830
vn 0.04609817 -0.99808980 0.04113445
vn 0.02011415 -0.99929270 0.03177235
vn 0.00619854 -0.92851040 0.37125550
vn 0.97396080 0.02320844 -0.22552880
vn 0.97750370 -0.00038936 -0.21092180
vn 0.97173610 -0.00797266 -0.23593890
vn 0.99585350 -0.03039717 0.08575197
vn 0.97750370 -0.00038936 -0.21092180
vn 0.97396080 0.02320844 -0.22552880
vn -0.01308707 -0.27138980 0.96238070
vn -0.02846778 0.04052046 0.99877330
vn -0.00655015 0.04205297 0.99909430
vn -0.00931261 -0.27209860 0.96222450
vn -0.02846778 0.04052046 0.99877330
vn -0.01308707 -0.27138980 0.96238070
vn 0.31877590 0.02707532 -0.94744330
vn -0.00444474 0.05962420 -0.99821080
vn -0.00020750 0.00698825 -0.99997550
vn 0.32847590 0.03585977 -0.94383140
vn -0.00444474 0.05962420 -0.99821080
vn 0.31877590 0.02707532 -0.94744330
vn 0.60031190 -0.13784830 -0.78779680
vn 0.12054270 -0.37089770 -0.92081730
vn 0.51831250 -0.53256360 -0.66912540
vn -0.05319900 -0.23272040 -0.97108760
vn 0.12054270 -0.37089770 -0.92081730
vn 0.60031190 -0.13784830 -0.78779680
vn 0.99741320 -0.03618568 0.06212370
vn 0.97750370 -0.00038936 -0.21092180
vn 0.99585350 -0.03039717 0.08575197
vn 0.97699460 0.00579848 -0.21318890
vn 0.97750370 -0.00038936 -0.21092180
vn 0.99741320 -0.03618568 0.06212370
vn -0.40471780 -0.59221370 -0.69676890
vn -0.05319900 -0.23272040 -0.97108760
vn -0.21927780 -0.47913850 -0.84990810
vn 0.12054270 -0.37089770 -0.92081730
vn -0.05319900 -0.23272040 -0.97108760
vn -0.40471780 -0.59221370 -0.69676890
vn 0.97003610 -0.00987254 -0.24276280
vn 0.99969560 0.02393237 0.00613362
vn 0.97312580 -0.01354198 -0.22987870
vn 0.99996570 0.00803502 0.00236040
vn 0.99969560 0.02393237 0.00613362
vn 0.97003610 -0.00987254 -0.24276280
vn 0.00981978 0.35655450 0.93422320
vn -0.27402860 0.30093720 0.91342540
vn -0.00655015 0.04205297 0.99909430
vn -0.16854280 0.37104510 0.91319200
vn -0.27402860 0.30093720 0.91342540
vn 0.00981978 0.35655450 0.93422320
vn 0.38295810 -0.11357680 -0.91675720
vn 0.40209540 -0.13305510 -0.90587850
vn 0.39583620 -0.14056390 -0.90749970
vn 0.38036870 -0.11076550 -0.91817800
vn 0.40209540 -0.13305510 -0.90587850
vn 0.38295810 -0.11357680 -0.91675720
vn 0.97003610 -0.00987254 -0.24276280
vn 0.99996570 -0.00368048 0.00752370
vn 0.99996570 0.00803502 0.00236040
vn 0.96647910 -0.01442961 -0.25634220
vn 0.99996570 -0.00368048 0.00752370
vn 0.96651390 -0.01618574 -0.25610610
vn 0.19060630 -0.97833850 -0.08077377
vn 0.13763580 -0.93568920 -0.32487400
vn 0.00594744 -0.99683270 -0.07931165
vn 0.51831250 -0.53256360 -0.66912540
vn 0.13763580 -0.93568920 -0.32487400
vn 0.76334680 -0.49834270 -0.41104440
vn -0.00000081 -0.04087742 -0.99916420
vn 0.28687830 -0.29132230 -0.91259630
vn 0.31946970 -0.07342585 -0.94474740
vn 0.00000016 -0.28955760 -0.95716060
vn 0.28687830 -0.29132230 -0.91259630
vn -0.00000081 -0.04087742 -0.99916420
vn 0.99741320 -0.03618568 0.06212370
vn 0.97458730 0.01208752 -0.22368540
vn 0.97699460 0.00579848 -0.21318890
vn 0.99802890 -0.03915678 0.04905890
vn 0.97458730 0.01208752 -0.22368540
vn 0.99741320 -0.03618568 0.06212370
vn 0.96972420 -0.01483804 -0.24375430
vn 0.99996570 -0.00368048 0.00752370
vn 0.96647910 -0.01442961 -0.25634220
vn 0.99927470 -0.03108420 0.02203270
vn 0.99996570 -0.00368048 0.00752370
vn 0.96972420 -0.01483804 -0.24375430
vn 0.13763580 -0.93568920 -0.32487400
vn -0.20187310 -0.97069820 -0.13035890
vn 0.00594744 -0.99683270 -0.07931165
vn -0.40471780 -0.59221370 -0.69676890
vn -0.20187310 -0.97069820 -0.13035890
vn -0.30689320 -0.86715290 -0.39225430
vn -0.02846778 0.04052046 0.99877330
vn -0.03611754 0.35830200 0.93290700
vn -0.01243142 0.35253030 0.93571810
vn -0.05441344 0.03918480 0.99774960
vn -0.03611754 0.35830200 0.93290700
vn -0.02846778 0.04052046 0.99877330
vn 0.99807500 -0.04825117 0.03898365
vn 0.97458730 0.01208752 -0.22368540
vn 0.99802890 -0.03915678 0.04905890
vn 0.97181640 0.01697708 -0.23513060
vn 0.97458730 0.01208752 -0.22368540
vn 0.99807500 -0.04825117 0.03898365
vn 0.96972420 -0.01483804 -0.24375430
vn 0.99807500 -0.04825117 0.03898365
vn 0.99927470 -0.03108420 0.02203270
vn 0.97181640 0.01697708 -0.23513060
vn 0.99807500 -0.04825117 0.03898365
vn 0.96972420 -0.01483804 -0.24375430
vn -0.03530142 -0.99837140 0.04481887
vn -0.03935819 -0.92594580 0.37559990
vn -0.06164943 -0.93810930 0.34080830
vn -0.02785769 -0.99585660 0.08656467
vn -0.03935819 -0.92594580 0.37559990
vn -0.03530142 -0.99837140 0.04481887
vn 0.07687178 0.46920090 -0.87973930
vn -0.00121592 0.41690430 -0.90894960
vn 0.05921607 0.46240910 -0.88468710
vn 0.00000074 0.40344150 -0.91500540
vn -0.00121592 0.41690430 -0.90894960
vn 0.07687178 0.46920090 -0.87973930
vn 0.35999630 0.06041279 -0.93099580
vn 0.00103575 0.13433610 -0.99093530
vn 0.34713300 0.11542290 -0.93068590
vn 0.37135970 -0.02910626 -0.92803280
vn 0.00103575 0.13433610 -0.99093530
vn 0.35999630 0.06041279 -0.93099580
vn 0.82653670 -0.30396010 -0.47375680
vn 0.96629070 -0.23841480 -0.09716199
vn 0.81125360 -0.26461900 -0.52138690
vn 0.96071890 -0.24673280 -0.12705240
vn 0.96629070 -0.23841480 -0.09716199
vn 0.82653670 -0.30396010 -0.47375680
vn 0.38295810 -0.11357680 -0.91675720
vn 0.37760380 -0.10651480 -0.91982070
vn 0.38036870 -0.11076550 -0.91817800
vn 0.37135970 -0.02910626 -0.92803280
vn 0.37760380 -0.10651480 -0.91982070
vn 0.38295810 -0.11357680 -0.91675720
vn 0.00059552 0.06947527 -0.99758340
vn 0.33929200 -0.14876070 -0.92884400
vn 0.32516320 0.08048266 -0.94222680
vn -0.00039333 -0.48261450 -0.87583280
vn 0.33929200 -0.14876070 -0.92884400
vn 0.00059552 0.06947527 -0.99758340
vn -0.99233560 -0.12350630 0.00407371
vn -0.96118000 -0.14202830 -0.23656360
vn -0.96025140 -0.16577100 -0.22458290
vn -0.99193500 -0.12652170 0.00767022
vn -0.96118000 -0.14202830 -0.23656360
vn -0.99233560 -0.12350630 0.00407371
vn -0.00039333 -0.48261450 -0.87583280
vn -0.19065570 -0.57043730 -0.79890640
vn 0.33929200 -0.14876070 -0.92884400
vn -0.29955040 -0.64129450 -0.70640700
vn -0.19065570 -0.57043730 -0.79890640
vn -0.00039333 -0.48261450 -0.87583280
vn -0.38745110 -0.18907720 -0.90229240
vn -0.38315640 -0.15965550 -0.90978100
vn -0.38915410 -0.19064420 -0.90122920
vn -0.37980990 -0.15332190 -0.91227020
vn -0.38315640 -0.15965550 -0.90978100
vn -0.38745110 -0.18907720 -0.90229240
vn -0.37602900 -0.14282970 -0.91553380
vn -0.37004420 -0.02406153 -0.92870260
vn -0.37160250 -0.02916040 -0.92793390
vn -0.37980990 -0.15332190 -0.91227020
vn -0.37004420 -0.02406153 -0.92870260
vn -0.38315640 -0.15965550 -0.90978100
vn -0.99289020 -0.11730440 0.02025146
vn -0.96118000 -0.14202830 -0.23656360
vn -0.99193500 -0.12652170 0.00767022
vn -0.96316120 -0.11902750 -0.24115180
vn -0.96118000 -0.14202830 -0.23656360
vn -0.99289020 -0.11730440 0.02025146
vn -0.93252250 -0.31000760 -0.18519460
vn -0.96089140 -0.27530740 -0.02989244
vn -0.99683740 -0.07946838 -0.00007713
vn -0.74986770 -0.65636440 -0.08297155
vn -0.96089140 -0.27530740 -0.02989244
vn -0.93252250 -0.31000760 -0.18519460
vn -0.97005740 -0.08365394 -0.22801800
vn -0.99486270 -0.02029393 -0.09918606
vn -0.90842090 -0.09665313 -0.40673210
vn -0.99197110 -0.09662722 0.08159716
vn -0.99486270 -0.02029393 -0.09918606
vn -0.97005740 -0.08365394 -0.22801800
vn -0.93252250 -0.31000760 -0.18519460
vn -0.99233560 -0.12350630 0.00407371
vn -0.96025140 -0.16577100 -0.22458290
vn -0.99683740 -0.07946838 -0.00007713
vn -0.99233560 -0.12350630 0.00407371
vn -0.93252250 -0.31000760 -0.18519460
vn -0.97005740 -0.08365394 -0.22801800
vn -0.98760770 -0.08633891 0.13106540
vn -0.99197110 -0.09662722 0.08159716
vn -0.98983620 -0.10418660 -0.09680494
vn -0.98760770 -0.08633891 0.13106540
vn -0.97005740 -0.08365394 -0.22801800
vn -0.00444474 0.05962420 -0.99821080
vn -0.31776550 -0.00848261 -0.94813130
vn -0.00020750 0.00698825 -0.99997550
vn -0.33906690 0.04976759 -0.93944500
vn -0.31776550 -0.00848261 -0.94813130
vn -0.00444474 0.05962420 -0.99821080
vn 0.34975480 0.75037530 -0.56089990
vn 0.07687178 0.46920090 -0.87973930
vn 0.05921607 0.46240910 -0.88468710
vn 0.55304880 0.80791090 -0.20351170
vn 0.07687178 0.46920090 -0.87973930
vn 0.34975480 0.75037530 -0.56089990
vn 0.33093560 0.09708650 -0.93864580
vn -0.00444474 0.05962420 -0.99821080
vn 0.32464410 0.10102740 -0.94042520
vn -0.00304681 0.13991650 -0.99015850
vn -0.00444474 0.05962420 -0.99821080
vn 0.33093560 0.09708650 -0.93864580
vn 0.00103575 0.13433610 -0.99093530
vn 0.33423480 0.15508040 -0.92964360
vn 0.34713300 0.11542290 -0.93068590
vn -0.00304681 0.13991650 -0.99015850
vn 0.33423480 0.15508040 -0.92964360
vn 0.00103575 0.13433610 -0.99093530
vn -0.00444474 0.05962420 -0.99821080
vn -0.33749170 0.14507100 -0.93008270
vn -0.33906690 0.04976759 -0.93944500
vn -0.00304681 0.13991650 -0.99015850
vn -0.33749170 0.14507100 -0.93008270
vn -0.00444474 0.05962420 -0.99821080
vn -0.00000049 -0.01906249 -0.99981830
vn 0.07687178 0.46920090 -0.87973930
vn 0.10434920 0.01026735 -0.99448770
vn 0.00000074 0.40344150 -0.91500540
vn 0.07687178 0.46920090 -0.87973930
vn -0.00000049 -0.01906249 -0.99981830
vn -0.99289020 -0.11730440 0.02025146
vn -0.97011330 -0.02249741 -0.24161030
vn -0.96316120 -0.11902750 -0.24115180
vn -0.99855460 -0.04771947 0.02475649
vn -0.97011330 -0.02249741 -0.24161030
vn -0.99289020 -0.11730440 0.02025146
vn 0.55304880 0.80791090 -0.20351170
vn 0.49403730 0.86911020 0.02397387
vn 0.68968240 0.71808950 0.09319647
vn 0.34975480 0.75037530 -0.56089990
vn 0.49403730 0.86911020 0.02397387
vn 0.55304880 0.80791090 -0.20351170
vn -0.37004420 -0.02406153 -0.92870260
vn 0.00103575 0.13433610 -0.99093530
vn -0.37160250 -0.02916040 -0.92793390
vn -0.34358420 0.14920220 -0.92719410
vn 0.00103575 0.13433610 -0.99093530
vn -0.37004420 -0.02406153 -0.92870260
vn 0.00103575 0.13433610 -0.99093530
vn -0.33749170 0.14507100 -0.93008270
vn -0.00304681 0.13991650 -0.99015850
vn -0.34358420 0.14920220 -0.92719410
vn -0.33749170 0.14507100 -0.93008270
vn 0.00103575 0.13433610 -0.99093530
vn -0.99854770 -0.00085557 0.05388407
vn -0.97011330 -0.02249741 -0.24161030
vn -0.99855460 -0.04771947 0.02475649
vn -0.96316120 0.11517420 -0.24301620
vn -0.97011330 -0.02249741 -0.24161030
vn -0.99854770 -0.00085557 0.05388407
vn -0.29955040 -0.64129450 -0.70640700
vn -0.36577730 -0.38546700 -0.84712590
vn -0.19065570 -0.57043730 -0.79890640
vn -0.38408880 -0.30141600 -0.87271090
vn -0.36577730 -0.38546700 -0.84712590
vn -0.37287100 -0.39257030 -0.84074710
vn -0.99854770 -0.00085557 0.05388407
vn -0.98575270 0.03290698 -0.16495610
vn -0.96316120 0.11517420 -0.24301620
vn -0.99222180 -0.04010265 0.11785120
vn -0.98575270 0.03290698 -0.16495610
vn -0.99854770 -0.00085557 0.05388407
vn 0.33929200 -0.14876070 -0.92884400
vn 0.52050360 -0.27239770 -0.80924390
vn 0.56319020 -0.10714470 -0.81935170
vn 0.48888450 -0.31462870 -0.81363420
vn 0.52050360 -0.27239770 -0.80924390
vn 0.33929200 -0.14876070 -0.92884400
vn 0.33929200 -0.14876070 -0.92884400
vn 0.56198660 0.01090257 -0.82707460
vn 0.32516320 0.08048266 -0.94222680
vn 0.56319020 -0.10714470 -0.81935170
vn 0.56198660 0.01090257 -0.82707460
vn 0.33929200 -0.14876070 -0.92884400
vn 0.96629070 -0.23841480 -0.09716199
vn 0.83623760 -0.14887760 -0.52777090
vn 0.81125360 -0.26461900 -0.52138690
vn 0.98516970 -0.16225510 -0.05580481
vn 0.83623760 -0.14887760 -0.52777090
vn 0.96629070 -0.23841480 -0.09716199
vn -0.07057963 -0.27949380 0.95755010
vn -0.02846778 0.04052046 0.99877330
vn -0.07524802 -0.27889550 0.95736910
vn -0.05441344 0.03918480 0.99774960
vn -0.02846778 0.04052046 0.99877330
vn -0.07057963 -0.27949380 0.95755010
vn 0.98018060 0.02081741 -0.19701060
vn 0.99697880 0.07394281 0.02380077
vn 0.99855590 0.02174436 0.04913268
vn 0.98017140 0.00963612 -0.19791850
vn 0.99697880 0.07394281 0.02380077
vn 0.98018060 0.02081741 -0.19701060
vn 0.30549790 0.08946981 -0.94798010
vn -0.00000081 -0.04087742 -0.99916420
vn 0.31946970 -0.07342585 -0.94474740
vn -0.00000083 0.09689740 -0.99529440
vn -0.00000081 -0.04087742 -0.99916420
vn 0.30549790 0.08946981 -0.94798010
vn 0.98018060 0.02081741 -0.19701060
vn 0.99714860 0.04635271 0.05954972
vn 0.97992030 0.04393371 -0.19448950
vn 0.99855590 0.02174436 0.04913268
vn 0.99714860 0.04635271 0.05954972
vn 0.98018060 0.02081741 -0.19701060
vn 0.25610470 0.15178860 -0.95465730
vn 0.52694490 0.09409104 -0.84467520
vn 0.49614920 0.06047120 -0.86612880
vn 0.32516320 0.08048266 -0.94222680
vn 0.52694490 0.09409104 -0.84467520
vn 0.25610470 0.15178860 -0.95465730
vn 0.00059552 0.06947527 -0.99758340
vn 0.25610470 0.15178860 -0.95465730
vn 0.00032731 0.22881550 -0.97346970
vn 0.32516320 0.08048266 -0.94222680
vn 0.25610470 0.15178860 -0.95465730
vn 0.00059552 0.06947527 -0.99758340
vn 0.97414560 0.14093890 -0.17656870
vn 0.99714860 0.04635271 0.05954972
vn 0.98495210 0.14277060 0.09739625
vn 0.97992030 0.04393371 -0.19448950
vn 0.99714860 0.04635271 0.05954972
vn 0.97414560 0.14093890 -0.17656870
vn 0.25610470 0.15178860 -0.95465730
vn 0.42483540 0.12115200 -0.89712720
vn 0.16757260 0.16077290 -0.97266200
vn 0.49562120 0.04828130 -0.86719580
vn 0.42483540 0.12115200 -0.89712720
vn 0.25610470 0.15178860 -0.95465730
vn 0.97414560 0.14093890 -0.17656870
vn 0.99201260 0.10980360 0.06207962
vn 0.97345800 0.12883800 -0.18915690
vn 0.98495210 0.14277060 0.09739625
vn 0.99201260 0.10980360 0.06207962
vn 0.97414560 0.14093890 -0.17656870
vn 0.95153390 -0.20518590 -0.22908960
vn 0.99201260 0.10980360 0.06207962
vn 0.97796310 -0.20689400 -0.02798064
vn 0.97345800 0.12883800 -0.18915690
vn 0.99201260 0.10980360 0.06207962
vn 0.95153390 -0.20518590 -0.22908960
vn 0.42483540 0.12115200 -0.89712720
vn 0.11951620 0.10666890 -0.98708540
vn 0.16757260 0.16077290 -0.97266200
vn 0.33093270 0.09740038 -0.93861420
vn 0.11951620 0.10666890 -0.98708540
vn 0.33093270 0.09740038 -0.93861420
vn 0.11951620 0.10666890 -0.98708540
vn 0.33424950 0.04801092 -0.94126090
vn 0.09772781 0.01868739 -0.99503770
vn 0.35886180 0.03744543 -0.93263930
vn 0.33424950 0.04801092 -0.94126090
vn 0.11951620 0.10666890 -0.98708540
vn 0.95153390 -0.20518590 -0.22908960
vn 0.92984240 -0.36793130 -0.00445057
vn 0.88254060 -0.41534660 -0.22047530
vn 0.97796310 -0.20689400 -0.02798064
vn 0.92984240 -0.36793130 -0.00445057
vn 0.95153390 -0.20518590 -0.22908960
vn 0.25610470 0.15178860 -0.95465730
vn 0.00008260 0.19655210 -0.98049340
vn 0.00032731 0.22881550 -0.97346970
vn 0.16757260 0.16077290 -0.97266200
vn 0.00008260 0.19655210 -0.98049340
vn 0.25610470 0.15178860 -0.95465730
vn 0.00008260 0.19655210 -0.98049340
vn 0.11951620 0.10666890 -0.98708540
vn -0.00000024 0.14367520 -0.98962490
vn 0.16757260 0.16077290 -0.97266200
vn 0.11951620 0.10666890 -0.98708540
vn 0.00008260 0.19655210 -0.98049340
vn 0.50350360 -0.42962830 0.74960240
vn 0.00000091 -0.10496130 0.99447640
vn 0.59519360 -0.07838295 0.79975040
vn 0.00000081 -0.51053110 0.85985920
vn 0.00000091 -0.10496130 0.99447640
vn 0.50350360 -0.42962830 0.74960240
vn 0.00000134 -0.82916300 0.55900700
vn 0.50350360 -0.42962830 0.74960240
vn 0.31640360 -0.79824820 0.51253150
vn 0.00000081 -0.51053110 0.85985920
vn 0.50350360 -0.42962830 0.74960240
vn 0.00000134 -0.82916300 0.55900700
vn 0.98286220 -0.15538810 -0.09918533
vn 0.76334680 -0.49834270 -0.41104440
vn 0.83146420 -0.54425080 -0.11162220
vn 0.91643230 -0.09001463 -0.38993670
vn 0.76334680 -0.49834270 -0.41104440
vn 0.98286220 -0.15538810 -0.09918533
vn 0.90789430 -0.12996960 0.39854240
vn 0.96629070 -0.23841480 -0.09716199
vn 0.90780850 -0.29831030 0.29477920
vn 0.98516970 -0.16225510 -0.05580481
vn 0.96629070 -0.23841480 -0.09716199
vn 0.90789430 -0.12996960 0.39854240
vn 0.90789430 -0.12996960 0.39854240
vn 0.50350360 -0.42962830 0.74960240
vn 0.59519360 -0.07838295 0.79975040
vn 0.90780850 -0.29831030 0.29477920
vn 0.50350360 -0.42962830 0.74960240
vn 0.90789430 -0.12996960 0.39854240
vn 0.13565680 -0.97034120 0.20009260
vn -0.00523779 -0.98904620 0.14751950
vn -0.00431413 -0.97825850 0.20734900
vn 0.17325370 -0.97540150 0.13629720
vn -0.00523779 -0.98904620 0.14751950
vn 0.13565680 -0.97034120 0.20009260
vn 0.96192970 0.22438420 0.15602700
vn 0.96697010 0.25158580 0.04092680
vn 0.95727790 0.28039570 0.07070148
vn 0.97899870 0.14701240 0.14124530
vn 0.96697010 0.25158580 0.04092680
vn 0.96192970 0.22438420 0.15602700
vn 0.49237100 0.85459450 0.16504680
vn 0.83579170 0.54802170 -0.03355292
vn 0.69388180 0.71485040 0.08670758
vn 0.00387641 0.98864840 -0.15020170
vn 0.28504220 0.94216380 -0.17629380
vn 0.49237100 0.85459450 0.16504680
vn 0.07687178 0.46920090 -0.87973930
vn 0.35945910 0.07496345 -0.93014510
vn 0.10434920 0.01026735 -0.99448770
vn 0.30514390 0.36490150 -0.87962160
vn 0.35945910 0.07496345 -0.93014510
vn 0.07687178 0.46920090 -0.87973930
vn 0.12996340 -0.41940420 -0.89844850
vn 0.35945910 0.07496345 -0.93014510
vn 0.36089810 -0.31516740 -0.87773690
vn 0.10434920 0.01026735 -0.99448770
vn 0.35945910 0.07496345 -0.93014510
vn 0.12996340 -0.41940420 -0.89844850
vn 0.98142530 -0.05308132 -0.18435610
vn 0.98051580 -0.19277480 -0.03776943
vn 0.96436370 -0.16313550 -0.20830150
vn 0.98145130 -0.06563303 -0.18012690
vn 0.98051580 -0.19277480 -0.03776943
vn 0.92410250 0.36344410 -0.11808120
vn 0.55595340 0.14736060 0.81804730
vn 0.55736360 0.02876232 0.82977070
vn 0.53969330 -0.02265531 0.84155740
vn 0.55789660 0.23171680 0.79690630
vn 0.55736360 0.02876232 0.82977070
vn 0.55595340 0.14736060 0.81804730
vn 0.38578460 -0.92083810 0.05682354
vn 0.50828300 -0.85320900 0.11698090
vn 0.70222340 -0.71149620 0.02563288
vn 0.17325370 -0.97540150 0.13629720
vn 0.50828300 -0.85320900 0.11698090
vn 0.38578460 -0.92083810 0.05682354
vn 0.93263380 0.21234440 -0.29172880
vn 0.98286220 -0.15538810 -0.09918533
vn 0.93491040 0.34996510 -0.05889223
vn 0.91643230 -0.09001463 -0.38993670
vn 0.98286220 -0.15538810 -0.09918533
vn 0.93263380 0.21234440 -0.29172880
vn 0.83623760 -0.14887760 -0.52777090
vn 0.30549790 0.08946981 -0.94798010
vn 0.31946970 -0.07342585 -0.94474740
vn 0.57008700 0.07000270 -0.81859670
vn 0.30549790 0.08946981 -0.94798010
vn 0.83623760 -0.14887760 -0.52777090
vn -0.50603470 0.45178930 -0.73472150
vn -0.18989670 0.44249080 -0.87643700
vn -0.16341590 0.42415430 -0.89072390
vn -0.72102420 0.30121800 -0.62401310
vn -0.18989670 0.44249080 -0.87643700
vn -0.50603470 0.45178930 -0.73472150
vn 0.68968240 0.71808950 0.09319647
vn 0.43255300 0.79597040 0.42347260
vn 0.52830610 0.68311640 0.50422690
vn 0.49403730 0.86911020 0.02397387
vn 0.43255300 0.79597040 0.42347260
vn 0.68968240 0.71808950 0.09319647
vn 0.00209666 0.46881680 -0.88329360
vn -0.18989670 0.44249080 -0.87643700
vn -0.04090358 0.47045930 -0.88147360
vn -0.16341590 0.42415430 -0.89072390
vn -0.18989670 0.44249080 -0.87643700
vn 0.00209666 0.46881680 -0.88329360
vn -0.08593312 0.95524040 -0.28307610
vn -0.01977099 0.99967910 -0.01585908
vn -0.06702568 0.99761070 -0.01676857
vn -0.15624160 0.95991950 -0.23268870
vn -0.01977099 0.99967910 -0.01585908
vn -0.08593312 0.95524040 -0.28307610
vn 0.90789430 -0.12996960 0.39854240
vn 0.99913820 0.03620162 -0.02030924
vn 0.98516970 -0.16225510 -0.05580481
vn 0.87873420 0.05722171 0.47386900
vn 0.99913820 0.03620162 -0.02030924
vn 0.90789430 -0.12996960 0.39854240
vn -0.01977099 0.99967910 -0.01585908
vn 0.11054600 0.96541240 -0.23613430
vn 0.17873870 0.98372360 -0.01847352
vn 0.07993305 0.96363070 -0.25500460
vn 0.11054600 0.96541240 -0.23613430
vn -0.01977099 0.99967910 -0.01585908
vn 0.00209666 0.46881680 -0.88329360
vn 0.07902413 0.53167150 -0.84325650
vn 0.11253000 0.53419210 -0.83784060
vn -0.04090358 0.47045930 -0.88147360
vn 0.07902413 0.53167150 -0.84325650
vn 0.00209666 0.46881680 -0.88329360
vn -0.10566870 0.96741870 0.23007800
vn -0.01977099 0.99967910 -0.01585908
vn -0.04310115 0.97560580 0.21525860
vn -0.06702568 0.99761070 -0.01676857
vn -0.01977099 0.99967910 -0.01585908
vn -0.10566870 0.96741870 0.23007800
vn -0.08593312 0.95524040 -0.28307610
vn 0.05481990 0.99837030 -0.01586648
vn 0.04338189 0.93934500 -0.34021990
vn -0.06702568 0.99761070 -0.01676857
vn 0.05481990 0.99837030 -0.01586648
vn -0.08593312 0.95524040 -0.28307610
vn 0.05481990 0.99837030 -0.01586648
vn -0.10566870 0.96741870 0.23007800
vn -0.08979608 0.96109040 0.26123300
vn -0.06702568 0.99761070 -0.01676857
vn -0.10566870 0.96741870 0.23007800
vn 0.05481990 0.99837030 -0.01586648
vn 0.09881010 0.43851800 0.89327420
vn 0.08523196 0.41739740 0.90471820
vn 0.09404945 0.42346820 0.90101590
vn 0.09120567 0.44589220 0.89042780
vn 0.08523196 0.41739740 0.90471820
vn 0.09881010 0.43851800 0.89327420
vn -0.27402860 0.30093720 0.91342540
vn -0.39081270 0.42600870 0.81595510
vn -0.45923460 0.17197330 0.87150990
vn -0.16854280 0.37104510 0.91319200
vn -0.39081270 0.42600870 0.81595510
vn -0.27402860 0.30093720 0.91342540
vn 0.02952413 -0.33451100 0.94192930
vn 0.01961283 -0.31991540 0.94724320
vn 0.04118603 -0.33092800 0.94275690
vn 0.02980512 -0.34099420 0.93959290
vn 0.01961283 -0.31991540 0.94724320
vn 0.02952413 -0.33451100 0.94192930
vn -0.28474380 0.27083140 0.91954990
vn -0.33252470 0.49438920 0.80312350
vn -0.17722140 0.48631690 0.85562210
vn -0.45923460 0.17197330 0.87150990
vn -0.33252470 0.49438920 0.80312350
vn -0.28474380 0.27083140 0.91954990
vn 0.03941675 -0.99325580 0.10903830
vn -0.03935819 -0.92594580 0.37559990
vn -0.02785769 -0.99585660 0.08656467
vn 0.01869067 -0.91136180 0.41118180
vn -0.03935819 -0.92594580 0.37559990
vn 0.03941675 -0.99325580 0.10903830
vn 0.67103310 -0.43082030 -0.60341380
vn 0.34809960 -0.02905045 -0.93700730
vn 0.74695770 -0.11020880 -0.65567390
vn 0.43864430 -0.08411001 -0.89471620
vn 0.34809960 -0.02905045 -0.93700730
vn 0.67103310 -0.43082030 -0.60341380
vn 0.12707670 0.94256690 0.30889960
vn 0.19277300 0.98022170 0.04476817
vn 0.14014200 0.98935820 0.03912448
vn 0.17311500 0.93511280 0.30918500
vn 0.19277300 0.98022170 0.04476817
vn 0.12707670 0.94256690 0.30889960
vn -0.28474380 0.27083140 0.91954990
vn -0.01766005 0.53204970 0.84652940
vn -0.06033941 0.32015640 0.94544170
vn -0.17722140 0.48631690 0.85562210
vn -0.01766005 0.53204970 0.84652940
vn -0.28474380 0.27083140 0.91954990
vn 0.13929250 0.97078280 0.19539530
vn -0.01977099 0.99967910 -0.01585908
vn 0.17873870 0.98372360 -0.01847352
vn -0.04310115 0.97560580 0.21525860
vn -0.01977099 0.99967910 -0.01585908
vn 0.13929250 0.97078280 0.19539530
vn 0.49030120 0.10109720 0.86566980
vn 0.90789430 -0.12996960 0.39854240
vn 0.59519360 -0.07838295 0.79975040
vn 0.87873420 0.05722171 0.47386900
vn 0.90789430 -0.12996960 0.39854240
vn 0.49030120 0.10109720 0.86566980
vn 0.40317660 0.84493600 -0.35147080
vn 0.28284380 0.95913640 -0.00756394
vn 0.39797160 0.85149870 -0.34142130
vn 0.25622970 0.91305870 -0.31728580
vn 0.28284380 0.95913640 -0.00756394
vn 0.40317660 0.84493600 -0.35147080
vn -0.75127560 0.47598500 0.45719200
vn -0.51900270 0.19171870 0.83299510
vn -0.52327150 0.21472710 0.82466970
vn -0.45889470 0.54409460 0.70240860
vn -0.51900270 0.19171870 0.83299510
vn -0.75127560 0.47598500 0.45719200
vn 0.06889419 0.40854160 0.91013630
vn -0.01766005 0.53204970 0.84652940
vn 0.09120841 0.59369490 0.79950490
vn -0.06033941 0.32015640 0.94544170
vn -0.01766005 0.53204970 0.84652940
vn 0.06889419 0.40854160 0.91013630
vn 0.36000560 -0.10475000 -0.92705100
vn 0.47097990 0.11106250 -0.87512470
vn 0.43864430 -0.08411001 -0.89471620
vn 0.33724470 0.11819370 -0.93396810
vn 0.47097990 0.11106250 -0.87512470
vn 0.36000560 -0.10475000 -0.92705100
vn 0.12996340 -0.41940420 -0.89844850
vn 0.35892750 -0.51382740 -0.77919990
vn 0.19084630 -0.52055340 -0.83222710
vn 0.36089810 -0.31516740 -0.87773690
vn 0.35892750 -0.51382740 -0.77919990
vn 0.12996340 -0.41940420 -0.89844850
vn 0.00000070 0.11389400 0.99349300
vn 0.20771060 0.59086470 0.77957370
vn -0.00000152 0.60600240 0.79546280
vn 0.27749830 0.10622610 0.95483550
vn 0.20771060 0.59086470 0.77957370
vn 0.00000070 0.11389400 0.99349300
vn -0.00073424 -0.29224610 0.95634300
vn 0.00590877 -0.31205480 0.95004580
vn -0.03377855 -0.29386520 0.95525000
vn 0.01254917 -0.33171520 0.94329630
vn 0.00590877 -0.31205480 0.95004580
vn 0.02952413 -0.33451100 0.94192930
vn 0.96071890 -0.24673280 -0.12705240
vn 0.96436370 -0.16313550 -0.20830150
vn 0.98051580 -0.19277480 -0.03776943
vn 0.82653670 -0.30396010 -0.47375680
vn 0.96436370 -0.16313550 -0.20830150
vn 0.96071890 -0.24673280 -0.12705240
vn 0.19657050 0.98031720 -0.01841153
vn 0.18822210 0.96219610 -0.19685530
vn 0.17774700 0.96847190 -0.17455380
vn 0.17873870 0.98372360 -0.01847352
vn 0.18822210 0.96219610 -0.19685530
vn 0.19657050 0.98031720 -0.01841153
vn -0.70697610 0.68404190 0.17964640
vn -0.39632190 0.91782460 -0.02298977
vn -0.65000430 0.72815010 0.21746980
vn 0.00387641 0.98864840 -0.15020170
vn -0.39632190 0.91782460 -0.02298977
vn -0.70697610 0.68404190 0.17964640
vn 0.55380960 0.11038440 0.82529400
vn 0.20771060 0.59086470 0.77957370
vn 0.27749830 0.10622610 0.95483550
vn 0.52830610 0.68311640 0.50422690
vn 0.20771060 0.59086470 0.77957370
vn 0.55380960 0.11038440 0.82529400
vn 0.15613780 0.97796850 0.13856190
vn 0.19657050 0.98031720 -0.01841153
vn 0.17281480 0.97512250 0.13882350
vn 0.17873870 0.98372360 -0.01847352
vn 0.19657050 0.98031720 -0.01841153
vn 0.13929250 0.97078280 0.19539530
vn 0.12049330 -0.99264930 0.01141094
vn -0.00213221 -0.99876280 0.04969288
vn 0.12051000 -0.99243860 0.02332976
vn 0.00594744 -0.99683270 -0.07931165
vn -0.00213221 -0.99876280 0.04969288
vn 0.19060630 -0.97833850 -0.08077377
vn 0.38578460 -0.92083810 0.05682354
vn -0.00213221 -0.99876280 0.04969288
vn -0.00650393 -0.99694570 0.07783525
vn 0.12051000 -0.99243860 0.02332976
vn -0.00213221 -0.99876280 0.04969288
vn 0.38578460 -0.92083810 0.05682354
vn 0.06889419 0.40854160 0.91013630
vn 0.17052420 0.59075460 0.78862630
vn 0.16040020 0.60498180 0.77991650
vn 0.09120841 0.59369490 0.79950490
vn 0.17052420 0.59075460 0.78862630
vn 0.06889419 0.40854160 0.91013630
vn 0.28591260 0.94907280 0.13234630
vn 0.19657050 0.98031720 -0.01841153
vn 0.33976370 0.94029810 -0.02002621
vn 0.17281480 0.97512250 0.13882350
vn 0.19657050 0.98031720 -0.01841153
vn 0.28591260 0.94907280 0.13234630
vn -0.00000024 -0.53700700 -0.84357780
vn 0.28687830 -0.29132230 -0.91259630
vn 0.00000016 -0.28955760 -0.95716060
vn 0.19084630 -0.52055340 -0.83222710
vn 0.28687830 -0.29132230 -0.91259630
vn -0.00000024 -0.53700700 -0.84357780
vn 0.37393570 0.47018590 0.79943610
vn 0.17052420 0.59075460 0.78862630
vn 0.37449290 0.46104270 0.80448450
vn 0.16040020 0.60498180 0.77991650
vn 0.17052420 0.59075460 0.78862630
vn 0.37393570 0.47018590 0.79943610
vn 0.28687830 -0.29132230 -0.91259630
vn 0.82653670 -0.30396010 -0.47375680
vn 0.81125360 -0.26461900 -0.52138690
vn 0.19084630 -0.52055340 -0.83222710
vn 0.82653670 -0.30396010 -0.47375680
vn 0.28687830 -0.29132230 -0.91259630
vn 0.81544850 0.39974610 0.41862490
vn 0.49030120 0.10109720 0.86566980
vn 0.33803630 0.41849990 0.84296460
vn 0.87873420 0.05722171 0.47386900
vn 0.49030120 0.10109720 0.86566980
vn 0.81544850 0.39974610 0.41862490
vn 0.26120020 0.93340430 -0.24603050
vn 0.28284380 0.95913640 -0.00756394
vn 0.25622970 0.91305870 -0.31728580
vn 0.26535930 0.96383730 0.02453949
vn 0.28284380 0.95913640 -0.00756394
vn 0.26120020 0.93340430 -0.24603050
vn 0.19657050 0.98031720 -0.01841153
vn 0.20478530 0.96423610 -0.16826330
vn 0.33976370 0.94029810 -0.02002621
vn 0.17774700 0.96847190 -0.17455380
vn 0.20478530 0.96423610 -0.16826330
vn 0.19657050 0.98031720 -0.01841153
vn 0.19211200 0.53004010 -0.82592460
vn 0.07902413 0.53167150 -0.84325650
vn 0.18167710 0.54594210 -0.81788840
vn 0.11253000 0.53419210 -0.83784060
vn 0.07902413 0.53167150 -0.84325650
vn 0.19211200 0.53004010 -0.82592460
vn 0.22920550 0.92943400 0.28916690
vn 0.28284380 0.95913640 -0.00756394
vn 0.26535930 0.96383730 0.02453949
vn 0.18950270 0.93760280 0.29153070
vn 0.28284380 0.95913640 -0.00756394
vn 0.22920550 0.92943400 0.28916690
vn 0.19211200 0.53004010 -0.82592460
vn 0.39287060 0.40070690 -0.82770010
vn 0.39334530 0.39105510 -0.83207950
vn 0.18167710 0.54594210 -0.81788840
vn 0.39287060 0.40070690 -0.82770010
vn 0.19211200 0.53004010 -0.82592460
vn 0.44929430 0.88406020 0.12873550
vn 0.67367640 0.73868520 -0.02246527
vn 0.66062540 0.73859230 0.13437200
vn 0.33976370 0.94029810 -0.02002621
vn 0.67367640 0.73868520 -0.02246527
vn 0.28591260 0.94907280 0.13234630
vn -0.00523779 -0.98904620 0.14751950
vn -0.31939420 -0.92802340 0.19173360
vn -0.00431413 -0.97825850 0.20734900
vn -0.17802190 -0.97206560 0.15296500
vn -0.31939420 -0.92802340 0.19173360
vn -0.00523779 -0.98904620 0.14751950
vn 0.67367640 0.73868520 -0.02246527
vn 0.45543180 0.87361750 -0.17139140
vn 0.45451220 0.87424050 -0.17065440
vn 0.33976370 0.94029810 -0.02002621
vn 0.45543180 0.87361750 -0.17139140
vn 0.67367640 0.73868520 -0.02246527
vn 0.37393570 0.47018590 0.79943610
vn 0.48348410 0.37275600 0.79202060
vn 0.63202100 0.13909990 0.76236550
vn 0.37449290 0.46104270 0.80448450
vn 0.48348410 0.37275600 0.79202060
vn 0.37393570 0.47018590 0.79943610
vn 0.89961360 0.41873570 0.12391880
vn 0.67367640 0.73868520 -0.02246527
vn 0.93733870 0.34779320 -0.02088478
vn 0.66062540 0.73859230 0.13437200
vn 0.67367640 0.73868520 -0.02246527
vn 0.89961360 0.41873570 0.12391880
vn 0.82949730 -0.37415640 0.41465830
vn 0.87879860 -0.08397355 0.46974630
vn 0.92715740 -0.19943140 0.31718490
vn 0.63202100 0.13909990 0.76236550
vn 0.87879860 -0.08397355 0.46974630
vn 0.82949730 -0.37415640 0.41465830
vn 0.28687830 -0.29132230 -0.91259630
vn 0.83623760 -0.14887760 -0.52777090
vn 0.31946970 -0.07342585 -0.94474740
vn 0.81125360 -0.26461900 -0.52138690
vn 0.83623760 -0.14887760 -0.52777090
vn 0.28687830 -0.29132230 -0.91259630
vn 0.81495000 0.06979989 -0.57531270
vn 0.39287060 0.40070690 -0.82770010
vn 0.63354500 0.07289314 -0.77026490
vn 0.39334530 0.39105510 -0.83207950
vn 0.39287060 0.40070690 -0.82770010
vn 0.81495000 0.06979989 -0.57531270
vn 0.67103310 -0.43082030 -0.60341380
vn 0.36000560 -0.10475000 -0.92705100
vn 0.43864430 -0.08411001 -0.89471620
vn 0.47274860 -0.65549820 -0.58892340
vn 0.36000560 -0.10475000 -0.92705100
vn 0.67103310 -0.43082030 -0.60341380
vn 0.00000070 0.11389400 0.99349300
vn 0.30742060 -0.18048070 0.93430170
vn 0.27749830 0.10622610 0.95483550
vn 0.00000135 -0.14986990 0.98870580
vn 0.30742060 -0.18048070 0.93430170
vn 0.00000070 0.11389400 0.99349300
vn 0.67367640 0.73868520 -0.02246527
vn 0.83414720 0.52463390 -0.17016970
vn 0.93733870 0.34779320 -0.02088478
vn 0.82995490 0.52966670 -0.17500880
vn 0.83414720 0.52463390 -0.17016970
vn 0.67367640 0.73868520 -0.02246527
vn 0.79678780 0.49119070 0.35194080
vn 0.96697010 0.25158580 0.04092680
vn 0.97899870 0.14701240 0.14124530
vn 0.93074640 0.36385070 -0.03640319
vn 0.96697010 0.25158580 0.04092680
vn 0.79678780 0.49119070 0.35194080
vn 0.81544850 0.39974610 0.41862490
vn 0.99913820 0.03620162 -0.02030924
vn 0.87873420 0.05722171 0.47386900
vn 0.93902490 0.34360320 -0.01300213
vn 0.99913820 0.03620162 -0.02030924
vn 0.81544850 0.39974610 0.41862490
vn 0.55409100 -0.74998770 -0.36124970
vn 0.67103310 -0.43082030 -0.60341380
vn 0.52915930 -0.79375150 -0.29991460
vn 0.47274860 -0.65549820 -0.58892340
vn 0.67103310 -0.43082030 -0.60341380
vn 0.55409100 -0.74998770 -0.36124970
vn 0.81495000 0.06979989 -0.57531270
vn 0.81521420 -0.40146510 -0.41743540
vn 0.91559710 -0.22313510 -0.33450420
vn 0.63354500 0.07289314 -0.77026490
vn 0.81521420 -0.40146510 -0.41743540
vn 0.81495000 0.06979989 -0.57531270
vn 0.22920550 0.92943400 0.28916690
vn 0.19277300 0.98022170 0.04476817
vn 0.17311500 0.93511280 0.30918500
vn 0.26535930 0.96383730 0.02453949
vn 0.19277300 0.98022170 0.04476817
vn 0.22920550 0.92943400 0.28916690
vn 0.38578460 -0.92083810 0.05682354
vn 0.98286220 -0.15538810 -0.09918533
vn 0.83388900 -0.55174150 -0.01455323
vn 0.70222340 -0.71149620 0.02563288
vn 0.98286220 -0.15538810 -0.09918533
vn 0.38578460 -0.92083810 0.05682354
vn 0.87879860 -0.08397355 0.46974630
vn 0.96446810 -0.26395310 -0.01140541
vn 0.92715740 -0.19943140 0.31718490
vn 0.93733870 0.34779320 -0.02088478
vn 0.96446810 -0.26395310 -0.01140541
vn 0.89961360 0.41873570 0.12391880
vn 0.96446810 -0.26395310 -0.01140541
vn 0.81495000 0.06979989 -0.57531270
vn 0.91559710 -0.22313510 -0.33450420
vn 0.93733870 0.34779320 -0.02088478
vn 0.81495000 0.06979989 -0.57531270
vn 0.96446810 -0.26395310 -0.01140541
vn 0.05112682 0.11250370 0.99233510
vn 0.01183355 0.37248670 0.92796210
vn -0.00379140 0.06461367 0.99790330
vn -0.09975514 0.35606600 0.92912130
vn 0.01183355 0.37248670 0.92796210
vn 0.05112682 0.11250370 0.99233510
vn 0.82949730 -0.37415640 0.41465830
vn 0.96446810 -0.26395310 -0.01140541
vn 0.72593790 -0.68775940 -0.00134514
vn 0.92715740 -0.19943140 0.31718490
vn 0.96446810 -0.26395310 -0.01140541
vn 0.82949730 -0.37415640 0.41465830
vn 0.81521420 -0.40146510 -0.41743540
vn 0.96446810 -0.26395310 -0.01140541
vn 0.91559710 -0.22313510 -0.33450420
vn 0.72593790 -0.68775940 -0.00134514
vn 0.96446810 -0.26395310 -0.01140541
vn 0.81521420 -0.40146510 -0.41743540
vn 0.68968240 0.71808950 0.09319647
vn 0.91059830 0.35154640 0.21731510
vn 0.91814630 0.37777370 0.11956040
vn 0.52830610 0.68311640 0.50422690
vn 0.91059830 0.35154640 0.21731510
vn 0.68968240 0.71808950 0.09319647
vn 0.17475060 0.94079540 0.29045880
vn 0.28284380 0.95913640 -0.00756394
vn 0.18950270 0.93760280 0.29153070
vn 0.11508960 0.94201070 0.31523080
vn 0.28284380 0.95913640 -0.00756394
vn 0.17475060 0.94079540 0.29045880
vn 0.47274860 -0.65549820 -0.58892340
vn 0.35207610 -0.87193820 -0.34024470
vn 0.15225010 -0.96357970 -0.21985100
vn 0.55409100 -0.74998770 -0.36124970
vn 0.35207610 -0.87193820 -0.34024470
vn 0.47274860 -0.65549820 -0.58892340
vn 0.96697010 0.25158580 0.04092680
vn 0.94855060 0.31658520 -0.00517978
vn 0.93491040 0.34996510 -0.05889223
vn 0.93074640 0.36385070 -0.03640319
vn 0.94855060 0.31658520 -0.00517978
vn 0.96697010 0.25158580 0.04092680
vn -0.50603470 0.45178930 -0.73472150
vn -0.65432690 0.13304640 -0.74441610
vn -0.72102420 0.30121800 -0.62401310
vn -0.22714460 0.22378960 -0.94779970
vn -0.65432690 0.13304640 -0.74441610
vn -0.22714460 0.22378960 -0.94779970
vn 0.29088690 0.39890210 0.86963330
vn -0.00232364 0.60971580 0.79261660
vn 0.23639420 0.63973730 0.73133730
vn -0.00771406 0.36690560 0.93022610
vn -0.00232364 0.60971580 0.79261660
vn 0.29088690 0.39890210 0.86963330
vn -0.59980510 -0.16649350 -0.78263280
vn -0.65432690 0.13304640 -0.74441610
vn -0.48772990 -0.14856340 -0.86026100
vn -0.72102420 0.30121800 -0.62401310
vn -0.65432690 0.13304640 -0.74441610
vn -0.59980510 -0.16649350 -0.78263280
vn 0.36000560 -0.10475000 -0.92705100
vn 0.16191590 0.15873430 -0.97395420
vn 0.33724470 0.11819370 -0.93396810
vn 0.12881370 -0.12493150 -0.98376790
vn 0.16191590 0.15873430 -0.97395420
vn 0.36000560 -0.10475000 -0.92705100
vn 0.44235290 0.83776060 -0.32012670
vn 0.39797160 0.85149870 -0.34142130
vn 0.42113230 0.85682650 -0.29748270
vn 0.40317660 0.84493600 -0.35147080
vn 0.39797160 0.85149870 -0.34142130
vn 0.44235290 0.83776060 -0.32012670
vn -0.33921990 -0.28897380 -0.89522320
vn -0.59980510 -0.16649350 -0.78263280
vn -0.30099560 -0.27134610 -0.91420650
vn -0.41078510 -0.32118030 -0.85328730
vn -0.59980510 -0.16649350 -0.78263280
vn -0.33921990 -0.28897380 -0.89522320
vn -0.35993590 -0.89153840 -0.27496520
vn -0.16314380 -0.98563370 0.04371180
vn -0.38340640 -0.91883090 -0.09353901
vn -0.17989100 -0.93845430 -0.29486180
vn -0.16314380 -0.98563370 0.04371180
vn -0.35993590 -0.89153840 -0.27496520
vn 0.17475060 0.94079540 0.29045880
vn 0.40135880 0.89951400 0.17258500
vn 0.11508960 0.94201070 0.31523080
vn 0.47604840 0.84815150 0.23241610
vn 0.40135880 0.89951400 0.17258500
vn 0.17475060 0.94079540 0.29045880
vn 0.13495810 -0.37689880 -0.91636990
vn 0.36000560 -0.10475000 -0.92705100
vn 0.47274860 -0.65549820 -0.58892340
vn 0.12881370 -0.12493150 -0.98376790
vn 0.36000560 -0.10475000 -0.92705100
vn 0.13495810 -0.37689880 -0.91636990
vn -0.06331101 -0.37304270 -0.92565200
vn 0.01228036 -0.42266240 -0.90620450
vn -0.02427633 -0.38359050 -0.92318460
vn -0.30099560 -0.27134610 -0.91420650
vn 0.01228036 -0.42266240 -0.90620450
vn -0.33921990 -0.28897380 -0.89522320
vn -0.10815940 -0.95887840 -0.26240130
vn -0.35993590 -0.89153840 -0.27496520
vn -0.38340640 -0.91883090 -0.09353901
vn -0.13992600 -0.94297660 -0.30202060
vn -0.35993590 -0.89153840 -0.27496520
vn -0.10815940 -0.95887840 -0.26240130
vn 0.18440830 -0.95475880 -0.23330260
vn -0.10815940 -0.95887840 -0.26240130
vn 0.21652600 -0.94378530 -0.24977310
vn -0.13992600 -0.94297660 -0.30202060
vn -0.10815940 -0.95887840 -0.26240130
vn 0.18440830 -0.95475880 -0.23330260
vn 0.40135880 0.89951400 0.17258500
vn 0.43255300 0.79597040 0.42347260
vn 0.49403730 0.86911020 0.02397387
vn 0.47604840 0.84815150 0.23241610
vn 0.43255300 0.79597040 0.42347260
vn 0.40135880 0.89951400 0.17258500
vn 0.05921636 -0.55142030 -0.83212380
vn 0.01228036 -0.42266240 -0.90620450
vn 0.14428410 -0.55773480 -0.81738310
vn -0.02427633 -0.38359050 -0.92318460
vn 0.01228036 -0.42266240 -0.90620450
vn 0.05921636 -0.55142030 -0.83212380
vn -0.65793760 -0.43295200 0.61617460
vn -0.16314380 -0.98563370 0.04371180
vn -0.17846180 -0.90641580 0.38283450
vn -0.38340640 -0.91883090 -0.09353901
vn -0.16314380 -0.98563370 0.04371180
vn -0.65793760 -0.43295200 0.61617460
vn 0.01583938 0.17552870 -0.98434700
vn 0.34975480 0.75037530 -0.56089990
vn 0.05921607 0.46240910 -0.88468710
vn 0.06736907 0.26916840 -0.96073410
vn 0.34975480 0.75037530 -0.56089990
vn 0.01583938 0.17552870 -0.98434700
vn -0.10815940 -0.95887840 -0.26240130
vn -0.30970170 -0.93042060 -0.19596640
vn -0.11560510 -0.87794150 -0.46460160
vn -0.38340640 -0.91883090 -0.09353901
vn -0.30970170 -0.93042060 -0.19596640
vn -0.10815940 -0.95887840 -0.26240130
vn -0.75759710 -0.51210390 0.40471790
vn -0.65793760 -0.43295200 0.61617460
vn -0.73125060 -0.50639190 0.45699040
vn -0.85139940 -0.47757180 0.21689690
vn -0.65793760 -0.43295200 0.61617460
vn -0.75759710 -0.51210390 0.40471790
vn 0.42113230 0.85682650 -0.29748270
vn 0.34975480 0.75037530 -0.56089990
vn 0.44235290 0.83776060 -0.32012670
vn 0.49403730 0.86911020 0.02397387
vn 0.34975480 0.75037530 -0.56089990
vn 0.40135880 0.89951400 0.17258500
vn 0.26120020 0.93340430 -0.24603050
vn 0.19277300 0.98022170 0.04476817
vn 0.26535930 0.96383730 0.02453949
vn 0.19894210 0.96002300 -0.19692140
vn 0.19277300 0.98022170 0.04476817
vn 0.26120020 0.93340430 -0.24603050
vn -0.65793760 -0.43295200 0.61617460
vn -0.27402860 0.30093720 0.91342540
vn -0.45923460 0.17197330 0.87150990
vn -0.68024060 -0.28546930 0.67511500
vn -0.68024060 -0.28546930 0.67511510
vn -0.65793760 -0.43295200 0.61617460
vn -0.00685832 -0.29110870 0.95666550
vn 0.01961283 -0.31991540 0.94724320
vn 0.02980512 -0.34099420 0.93959290
vn -0.00379140 0.06461367 0.99790330
vn 0.01961283 -0.31991540 0.94724320
vn -0.00685832 -0.29110870 0.95666550
vn -0.65793760 -0.43295200 0.61617460
vn -0.28474380 0.27083140 0.91954990
vn -0.34297990 0.07592320 0.93626980
vn -0.45923460 0.17197330 0.87150990
vn -0.28474380 0.27083140 0.91954990
vn -0.65793760 -0.43295200 0.61617460
vn 0.09881010 0.43851800 0.89327420
vn 0.05618258 0.41726360 0.90704730
vn 0.09120567 0.44589220 0.89042780
vn -0.00379140 0.06461367 0.99790330
vn 0.05618258 0.41726360 0.90704730
vn 0.03278487 0.38808560 0.92104010
vn 0.11425360 -0.11157460 -0.98716630
vn 0.16191590 0.15873430 -0.97395420
vn 0.12881370 -0.12493150 -0.98376790
vn 0.16063020 0.20226300 -0.96606830
vn 0.16191590 0.15873430 -0.97395420
vn 0.11425360 -0.11157460 -0.98716630
vn -0.03764634 0.08623736 0.99556360
vn -0.28474380 0.27083140 0.91954990
vn -0.06033941 0.32015640 0.94544170
vn -0.34297990 0.07592320 0.93626980
vn -0.28474380 0.27083140 0.91954990
vn -0.03764634 0.08623736 0.99556360
vn -0.75759710 -0.51210390 0.40471790
vn -0.69203080 -0.54651580 0.47160830
vn -0.61795610 -0.64328380 0.45201390
vn -0.73125060 -0.50639190 0.45699040
vn -0.69203080 -0.54651580 0.47160830
vn -0.75759710 -0.51210390 0.40471790
vn -0.21732360 -0.07907742 0.97289170
vn -0.03764634 0.08623736 0.99556360
vn -0.02843812 0.09732169 0.99484710
vn -0.34297990 0.07592320 0.93626980
vn -0.03764634 0.08623736 0.99556360
vn -0.21732360 -0.07907742 0.97289170
vn 0.49237100 0.85459450 0.16504680
vn 0.79678780 0.49119070 0.35194080
vn 0.50168650 0.54938640 0.66819630
vn 0.69388180 0.71485040 0.08670758
vn 0.79678780 0.49119070 0.35194080
vn 0.49237100 0.85459450 0.16504680
vn -0.03764634 0.08623736 0.99556360
vn 0.06889419 0.40854160 0.91013630
vn 0.25744260 -0.02631113 0.96593580
vn -0.06033941 0.32015640 0.94544170
vn 0.06889419 0.40854160 0.91013630
vn -0.03764634 0.08623736 0.99556360
vn 0.21168890 -0.86345640 0.45785500
vn 0.43938450 -0.76276410 0.47448070
vn 0.45054150 -0.73121810 0.51218400
vn 0.22031830 -0.95225980 0.21133220
vn 0.43938450 -0.76276410 0.47448070
vn 0.21168890 -0.86345640 0.45785500
vn -0.19530100 -0.51743920 0.83313570
vn -0.08269462 -0.56563360 0.82050070
vn -0.08269462 -0.56563360 0.82050070
vn 0.25744260 -0.02631113 0.96593580
vn 0.48011360 -0.15436020 0.86351870
vn 0.48011360 -0.15436020 0.86351870
vn -0.03764634 0.08623736 0.99556360
vn 0.33595460 0.18243510 0.92404150
vn -0.02843812 0.09732169 0.99484710
vn 0.25744260 -0.02631113 0.96593580
vn 0.33595460 0.18243510 0.92404150
vn -0.03764634 0.08623736 0.99556360
vn 0.43518550 -0.90027280 -0.01111023
vn 0.53395630 -0.82801380 0.17112760
vn 0.42429150 -0.90208400 -0.07888086
vn 0.40697840 -0.85034210 0.33359830
vn 0.53395630 -0.82801380 0.17112760
vn 0.43518550 -0.90027280 -0.01111023
vn 0.87842760 0.27032910 0.39406500
vn 0.88719250 0.29975050 0.35076920
vn 0.77151780 0.43405610 0.46514070
vn 0.96338780 0.15210620 0.22078860
vn 0.88719250 0.29975050 0.35076920
vn 0.87842760 0.27032910 0.39406500
vn 0.16360510 0.95693930 -0.23979300
vn 0.19277300 0.98022170 0.04476817
vn 0.19894210 0.96002300 -0.19692140
vn 0.14014200 0.98935820 0.03912448
vn 0.19277300 0.98022170 0.04476817
vn 0.16360510 0.95693930 -0.23979300
vn -0.19530100 -0.51743920 0.83313570
vn -0.25052350 -0.49038790 0.83472070
vn -0.34046440 -0.42996220 0.83619220
vn -0.26118250 -0.46246900 0.84729400
vn -0.25052350 -0.49038790 0.83472070
vn -0.19530100 -0.51743920 0.83313570
vn -0.00000024 -0.53700700 -0.84357780
vn 0.12996340 -0.41940420 -0.89844850
vn 0.19084630 -0.52055340 -0.83222710
vn -0.00000069 -0.47033690 -0.88248690
vn 0.12996340 -0.41940420 -0.89844850
vn -0.00000024 -0.53700700 -0.84357780
vn 0.21168890 -0.86345640 0.45785500
vn 0.03941675 -0.99325580 0.10903830
vn 0.22031830 -0.95225980 0.21133220
vn 0.01869067 -0.91136180 0.41118180
vn 0.03941675 -0.99325580 0.10903830
vn 0.21168890 -0.86345640 0.45785500
vn -0.21732360 -0.07907742 0.97289170
vn -0.23513250 -0.44747130 0.86283430
vn -0.34632830 -0.65890200 0.66776170
vn -0.02843812 0.09732169 0.99484710
vn -0.23513250 -0.44747130 0.86283430
vn -0.21732360 -0.07907742 0.97289170
vn 0.49430360 -0.15209810 0.85588010
vn 0.33595460 0.18243510 0.92404150
vn 0.65689760 -0.01212394 0.75388250
vn -0.02843812 0.09732169 0.99484710
vn 0.33595460 0.18243510 0.92404150
vn 0.49430360 -0.15209810 0.85588010
vn -0.02846778 0.04052046 0.99877330
vn 0.00981978 0.35655450 0.93422320
vn -0.00655015 0.04205297 0.99909430
vn -0.01243142 0.35253030 0.93571810
vn 0.00981978 0.35655450 0.93422320
vn -0.02846778 0.04052046 0.99877330
vn -0.44651380 -0.61200050 0.65274920
vn -0.46848550 -0.32727560 0.82061730
vn -0.50115510 -0.31974770 0.80411800
vn -0.34046440 -0.42996220 0.83619220
vn -0.46848550 -0.32727560 0.82061730
vn -0.44651380 -0.61200050 0.65274920
vn -0.37996460 -0.90490540 0.19176550
vn -0.59698580 -0.80183640 0.02582194
vn -0.23666830 -0.97156520 -0.00708034
vn -0.42406100 -0.88864590 0.17458900
vn -0.59698580 -0.80183640 0.02582194
vn -0.42406100 -0.88864590 0.17458900
vn -0.59698580 -0.80183640 0.02582194
vn -0.71230830 -0.68054990 0.17166540
vn -0.69756730 -0.71616840 0.02242392
vn -0.75434940 -0.62843160 0.18981870
vn -0.71230830 -0.68054990 0.17166540
vn -0.59698580 -0.80183640 0.02582194
vn 0.07333925 0.39760440 0.91462130
vn 0.05112682 0.11250370 0.99233510
vn 0.20822510 0.16995530 0.96320180
vn -0.09975514 0.35606600 0.92912130
vn 0.05112682 0.11250370 0.99233510
vn 0.07333925 0.39760440 0.91462130
vn -0.44651380 -0.61200050 0.65274920
vn -0.29372680 -0.72496780 0.62301430
vn -0.34178810 -0.88974010 0.30256280
vn -0.25540100 -0.61513990 0.74590490
vn -0.29372680 -0.72496780 0.62301430
vn -0.44651380 -0.61200050 0.65274920
vn 0.03941675 -0.99325580 0.10903830
vn 0.15225010 -0.96357970 -0.21985100
vn 0.22031830 -0.95225980 0.21133220
vn 0.04091560 -0.98324660 -0.17762980
vn 0.15225010 -0.96357970 -0.21985100
vn 0.03941675 -0.99325580 0.10903830
vn 0.43518550 -0.90027280 -0.01111023
vn 0.22739630 -0.95484760 -0.19120170
vn 0.37559940 -0.89824880 -0.22819990
vn 0.42429150 -0.90208400 -0.07888086
vn 0.22739630 -0.95484760 -0.19120170
vn 0.43518550 -0.90027280 -0.01111023
vn -0.18430780 -0.97391440 -0.13237140
vn -0.59698580 -0.80183640 0.02582194
vn -0.60500350 -0.78431920 -0.13716630
vn -0.23666830 -0.97156520 -0.00708034
vn -0.59698580 -0.80183640 0.02582194
vn -0.18430780 -0.97391440 -0.13237140
vn 0.13495810 -0.37689880 -0.91636990
vn 0.11425360 -0.11157460 -0.98716630
vn 0.12881370 -0.12493150 -0.98376790
vn 0.08771224 -0.42343230 -0.90167180
vn 0.11425360 -0.11157460 -0.98716630
vn 0.08771225 -0.42343220 -0.90167180
vn 0.22739630 -0.95484760 -0.19120170
vn -0.18430780 -0.97391440 -0.13237140
vn 0.01711911 -0.98511030 -0.17107170
vn -0.23666830 -0.97156520 -0.00708034
vn -0.18430780 -0.97391440 -0.13237140
vn 0.22739630 -0.95484760 -0.19120170
vn 0.20629610 -0.07269593 0.97578540
vn -0.00855184 0.09833615 0.99511650
vn 0.27004360 0.11335980 0.95615170
vn -0.00553509 -0.10826160 0.99410700
vn -0.00855184 0.09833615 0.99511650
vn 0.20629610 -0.07269593 0.97578540
vn -0.37431760 -0.92227230 0.09644443
vn -0.31939420 -0.92802340 0.19173360
vn -0.17802190 -0.97206560 0.15296500
vn -0.67370990 -0.73224350 0.09967899
vn -0.31939420 -0.92802340 0.19173360
vn -0.37431760 -0.92227230 0.09644443
vn -0.35018320 -0.93646270 0.02025028
vn -0.04237385 -0.98219570 0.18302200
vn 0.00193286 -0.98599700 0.16675460
vn -0.34178810 -0.88974010 0.30256280
vn -0.04237385 -0.98219570 0.18302200
vn -0.35018320 -0.93646270 0.02025028
vn 0.03941675 -0.99325580 0.10903830
vn -0.01091674 -0.97621820 -0.21651590
vn 0.04091560 -0.98324660 -0.17762980
vn -0.02785769 -0.99585660 0.08656467
vn -0.01091674 -0.97621820 -0.21651590
vn 0.03941675 -0.99325580 0.10903830
vn -0.71230830 -0.68054990 0.17166540
vn -0.35018320 -0.93646270 0.02025028
vn -0.69756730 -0.71616840 0.02242392
vn -0.34178810 -0.88974010 0.30256280
vn -0.35018320 -0.93646270 0.02025028
vn -0.44651380 -0.61200050 0.65274920
vn -0.35018320 -0.93646270 0.02025028
vn -0.03809611 -0.98777940 -0.15113370
vn -0.33271920 -0.90606360 -0.26143330
vn 0.00542902 -0.99062690 -0.13649110
vn -0.03809611 -0.98777940 -0.15113370
vn -0.35018320 -0.93646270 0.02025028
vn -0.59698580 -0.80183640 0.02582194
vn -0.57169860 -0.72947320 -0.37553950
vn -0.60500350 -0.78431920 -0.13716630
vn -0.69756730 -0.71616840 0.02242392
vn -0.57169860 -0.72947320 -0.37553950
vn -0.59698580 -0.80183640 0.02582194
vn -0.57169860 -0.72947320 -0.37553950
vn -0.35018320 -0.93646270 0.02025028
vn -0.33271920 -0.90606360 -0.26143330
vn -0.69756730 -0.71616840 0.02242392
vn -0.35018320 -0.93646270 0.02025028
vn -0.57169860 -0.72947320 -0.37553950
vn -0.57169860 -0.72947320 -0.37553950
vn -0.27508260 -0.76584370 -0.58121740
vn -0.23431400 -0.66809440 -0.70622070
vn -0.33271920 -0.90606360 -0.26143330
vn -0.27508260 -0.76584370 -0.58121740
vn -0.57169860 -0.72947320 -0.37553950
vn 0.43255300 0.79597040 0.42347260
vn 0.20771060 0.59086470 0.77957370
vn 0.52830610 0.68311640 0.50422690
vn 0.23639420 0.63973730 0.73133730
vn 0.20771060 0.59086470 0.77957370
vn 0.43255300 0.79597040 0.42347260
vn -0.44069970 -0.40255250 -0.80233160
vn -0.46332330 -0.39725310 -0.79216280
vn -0.35940100 -0.48117290 -0.79956500
vn -0.48564890 -0.39169820 -0.78148470
vn -0.46332330 -0.39725310 -0.79216280
vn -0.57169860 -0.72947320 -0.37553950
vn -0.20323370 -0.60409770 -0.77056010
vn -0.26847890 -0.56476780 -0.78035720
vn -0.26340480 -0.57579420 -0.77400250
vn -0.35940100 -0.48117290 -0.79956500
vn -0.26847890 -0.56476780 -0.78035720
vn -0.20323370 -0.60409770 -0.77056010
vn 0.14927620 -0.55867110 -0.81584570
vn 0.05921636 -0.55142030 -0.83212380
vn 0.14428410 -0.55773480 -0.81738310
vn -0.06914837 -0.67202800 -0.73729090
vn 0.05921636 -0.55142030 -0.83212380
vn -0.20323370 -0.60409770 -0.77056010
vn 0.11425360 -0.11157460 -0.98716630
vn 0.14922830 0.23971350 -0.95930630
vn 0.16063020 0.20226300 -0.96606830
vn 0.11512280 -0.08590025 -0.98963030
vn 0.14922830 0.23971350 -0.95930630
vn 0.11425360 -0.11157460 -0.98716630
vn 0.38662410 0.17101030 0.90624360
vn 0.07333925 0.39760440 0.91462130
vn 0.20822510 0.16995530 0.96320180
vn 0.36238520 0.44945360 0.81649790
vn 0.07333925 0.39760440 0.91462130
vn 0.38662410 0.17101030 0.90624360
vn 0.22739630 -0.95484760 -0.19120170
vn 0.18440830 -0.95475880 -0.23330260
vn 0.21652600 -0.94378530 -0.24977310
vn 0.18575200 -0.97013190 -0.15601680
vn 0.18440830 -0.95475880 -0.23330260
vn 0.22739630 -0.95484760 -0.19120170
vn 0.07032154 -0.41125590 -0.90880340
vn 0.11425360 -0.11157460 -0.98716630
vn 0.05665466 -0.42519730 -0.90332600
vn 0.11512280 -0.08590025 -0.98963030
vn 0.11425360 -0.11157460 -0.98716630
vn 0.07032154 -0.41125590 -0.90880340
vn 0.22739630 -0.95484760 -0.19120170
vn 0.23516740 -0.93541340 -0.26400540
vn 0.37559940 -0.89824880 -0.22819990
vn 0.21652600 -0.94378530 -0.24977310
vn 0.23516740 -0.93541340 -0.26400540
vn 0.22739630 -0.95484760 -0.19120170
vn -0.03530142 -0.99837140 0.04481887
vn -0.05071164 -0.94043800 0.33616190
vn -0.02308534 -0.99952880 0.02022939
vn -0.06164943 -0.93810930 0.34080830
vn -0.05071164 -0.94043800 0.33616190
vn -0.03530142 -0.99837140 0.04481887
vn 0.23516740 -0.93541340 -0.26400540
vn -0.10815940 -0.95887840 -0.26240130
vn -0.11560510 -0.87794150 -0.46460160
vn 0.21652600 -0.94378530 -0.24977310
vn -0.10815940 -0.95887840 -0.26240130
vn 0.23516740 -0.93541340 -0.26400540
vn 0.30742060 -0.18048070 0.93430170
vn 0.55380960 0.11038440 0.82529400
vn 0.27749830 0.10622610 0.95483550
vn 0.57823650 -0.18570390 0.79445370
vn 0.55380960 0.11038440 0.82529400
vn 0.30742060 -0.18048070 0.93430170
vn 0.32272570 -0.32490130 -0.88898160
vn 0.19106480 -0.46379780 -0.86509340
vn 0.13110830 -0.41289910 -0.90129130
vn 0.55019630 -0.27353640 -0.78896300
vn 0.19106480 -0.46379780 -0.86509340
vn 0.32272570 -0.32490130 -0.88898160
vn 0.79678780 0.49119070 0.35194080
vn 0.83579170 0.54802170 -0.03355292
vn 0.93074640 0.36385070 -0.03640319
vn 0.69388180 0.71485040 0.08670758
vn 0.83579170 0.54802170 -0.03355292
vn 0.79678780 0.49119070 0.35194080
vn 0.87772660 -0.09601253 -0.46944450
vn 0.82853610 -0.09109982 -0.55247560
vn 0.87706150 -0.04196367 -0.47854210
vn 0.55019630 -0.27353640 -0.78896300
vn 0.82853610 -0.09109982 -0.55247560
vn 0.77160880 -0.08533642 -0.63034750
vn 0.91059830 0.35154640 0.21731510
vn 0.98051580 -0.19277480 -0.03776943
vn 0.91814630 0.37777370 0.11956040
vn 0.94543450 -0.31682130 0.07601235
vn 0.98051580 -0.19277480 -0.03776943
vn 0.98655680 -0.11177860 0.11921120
vn 0.19106480 -0.46379780 -0.86509340
vn -0.26059490 -0.72621100 -0.63616730
vn 0.13110830 -0.41289910 -0.90129130
vn -0.11560510 -0.87794150 -0.46460160
vn -0.26059490 -0.72621100 -0.63616730
vn 0.01883744 -0.56820230 -0.82267370
vn -0.70697610 0.68404190 0.17964640
vn -0.75127560 0.47598500 0.45719200
vn -0.94277730 0.31272390 0.11565340
vn -0.65000430 0.72815010 0.21746980
vn -0.75127560 0.47598500 0.45719200
vn -0.70697610 0.68404190 0.17964640
vn -0.26059490 -0.72621100 -0.63616730
vn -0.46450280 -0.80277100 -0.37389320
vn -0.45680810 -0.81591170 -0.35442180
vn -0.11560510 -0.87794150 -0.46460160
vn -0.46450280 -0.80277100 -0.37389320
vn -0.26059490 -0.72621100 -0.63616730
vn 0.32272570 -0.32490130 -0.88898160
vn 0.31638900 -0.48276080 -0.81660340
vn 0.67155800 -0.27450530 -0.68822770
vn 0.13110830 -0.41289910 -0.90129130
vn 0.31638900 -0.48276080 -0.81660340
vn 0.32272570 -0.32490130 -0.88898160
vn -0.95005270 0.15996870 0.26797620
vn -0.97121190 0.17520010 0.16141200
vn -0.95686630 0.13244960 0.25858320
vn -0.96395490 0.20121610 0.17408150
vn -0.97121190 0.17520010 0.16141200
vn -0.95005270 0.15996870 0.26797620
vn 0.94105080 -0.33775090 0.01864889
vn 0.98051580 -0.19277480 -0.03776943
vn 0.94543450 -0.31682130 0.07601235
vn 0.96071890 -0.24673280 -0.12705240
vn 0.98051580 -0.19277480 -0.03776943
vn 0.94105080 -0.33775090 0.01864889
vn 0.31638900 -0.48276080 -0.81660340
vn -0.26059490 -0.72621100 -0.63616730
vn -0.23433340 -0.80043690 -0.55171480
vn 0.13110830 -0.41289910 -0.90129130
vn -0.26059490 -0.72621100 -0.63616730
vn 0.31638900 -0.48276080 -0.81660340
vn 0.77626990 -0.30126350 -0.55375620
vn 0.86049540 -0.01298706 -0.50929300
vn 0.67155800 -0.27450530 -0.68822770
vn 0.87706150 -0.04196367 -0.47854210
vn 0.86049540 -0.01298706 -0.50929300
vn 0.77626990 -0.30126350 -0.55375620
vn 0.96629070 -0.23841480 -0.09716199
vn 0.94105080 -0.33775090 0.01864889
vn 0.90780850 -0.29831030 0.29477920
vn 0.96071890 -0.24673280 -0.12705240
vn 0.94105080 -0.33775090 0.01864889
vn 0.96629070 -0.23841480 -0.09716199
vn 0.00000134 -0.82916300 0.55900700
vn 0.16126060 -0.92443080 0.34557630
vn 0.00307328 -0.93698480 0.34935670
vn 0.31640360 -0.79824820 0.51253150
vn 0.16126060 -0.92443080 0.34557630
vn 0.00000134 -0.82916300 0.55900700
vn -0.00685832 -0.29110870 0.95666550
vn 0.05112682 0.11250370 0.99233510
vn -0.00379140 0.06461367 0.99790330
vn 0.23169030 -0.16118190 0.95934350
vn 0.05112682 0.11250370 0.99233510
vn 0.06980351 -0.16233910 0.98426310
vn 0.33595460 0.18243510 0.92404150
vn 0.84142520 0.19492900 0.50399070
vn 0.65689760 -0.01212394 0.75388250
vn 0.85412760 0.21059190 0.47551790
vn 0.84142520 0.19492900 0.50399070
vn 0.87842760 0.27032910 0.39406500
vn 0.41368540 -0.79718630 0.43972580
vn 0.56577370 -0.69223130 0.44801340
vn 0.41368540 -0.79718610 0.43972570
vn 0.31640360 -0.79824820 0.51253150
vn 0.56577370 -0.69223130 0.44801340
vn 0.16126060 -0.92443080 0.34557630
vn 0.16360510 0.95693930 -0.23979300
vn 0.10045000 0.99491940 0.00671104
vn 0.14014200 0.98935820 0.03912448
vn 0.13326080 0.94496490 -0.29880280
vn 0.10045000 0.99491940 0.00671104
vn 0.16360510 0.95693930 -0.23979300
vn 0.77626990 -0.30126350 -0.55375620
vn 0.31638900 -0.48276080 -0.81660340
vn 0.60078220 -0.62309840 -0.50080930
vn 0.67155800 -0.27450530 -0.68822770
vn 0.31638900 -0.48276080 -0.81660340
vn 0.77626990 -0.30126350 -0.55375620
vn 0.11769980 -0.05590412 -0.99147470
vn 0.14922830 0.23971350 -0.95930630
vn 0.11512280 -0.08590025 -0.98963030
vn 0.14394020 0.27254870 -0.95131420
vn 0.14922830 0.23971350 -0.95930630
vn 0.11769980 -0.05590412 -0.99147470
vn 0.40973180 -0.07723486 0.90893050
vn 0.05112682 0.11250370 0.99233510
vn 0.23169030 -0.16118190 0.95934350
vn 0.20822510 0.16995530 0.96320180
vn 0.05112682 0.11250370 0.99233510
vn 0.40973180 -0.07723486 0.90893050
vn -0.50894300 -0.03940253 0.85989840
vn -0.51900270 0.19171870 0.83299510
vn -0.50894300 -0.03940252 0.85989860
vn -0.52327150 0.21472710 0.82466970
vn -0.51900270 0.19171870 0.83299510
vn -0.53843860 0.05103454 0.84111830
vn 0.49430360 -0.15209810 0.85588010
vn 0.65249870 -0.40778300 0.63871670
vn 0.63618390 -0.50096790 0.58677240
vn 0.65689760 -0.01212394 0.75388250
vn 0.65249870 -0.40778300 0.63871670
vn 0.49430360 -0.15209810 0.85588010
vn 0.04608718 0.95312650 0.29904160
vn 0.10045000 0.99491940 0.00671104
vn 0.07944582 0.99673560 -0.01436809
vn 0.04620289 0.95267550 0.30045800
vn 0.10045000 0.99491940 0.00671104
vn 0.04608718 0.95312650 0.29904160
vn -0.26059490 -0.72621100 -0.63616730
vn -0.26656490 -0.87469260 -0.40479210
vn -0.23433340 -0.80043690 -0.55171480
vn -0.45680810 -0.81591170 -0.35442180
vn -0.26656490 -0.87469260 -0.40479210
vn -0.26059490 -0.72621100 -0.63616730
vn 0.10596810 0.94192560 -0.31866400
vn 0.10045000 0.99491940 0.00671104
vn 0.13326080 0.94496490 -0.29880280
vn 0.07944582 0.99673560 -0.01436809
vn 0.10045000 0.99491940 0.00671104
vn 0.10596810 0.94192560 -0.31866400
vn 0.00404709 -0.09254000 0.99570070
vn 0.22016650 -0.01428180 0.97535770
vn 0.00265146 -0.02720335 0.99962630
vn 0.10199070 -0.08653130 0.99101470
vn 0.22016650 -0.01428180 0.97535770
vn 0.00404709 -0.09254000 0.99570070
vn -0.35327650 -0.79503720 0.49306430
vn -0.51990900 -0.72974210 0.44404030
vn -0.34632830 -0.65890200 0.66776170
vn -0.61795610 -0.64328380 0.45201390
vn -0.51990900 -0.72974210 0.44404030
vn -0.35327650 -0.79503720 0.49306430
vn 0.20629610 -0.07269593 0.97578540
vn 0.00404709 -0.09254000 0.99570070
vn -0.00553509 -0.10826160 0.99410700
vn 0.10199070 -0.08653130 0.99101470
vn 0.00404709 -0.09254000 0.99570070
vn 0.20629610 -0.07269593 0.97578540
vn -0.03530142 -0.99837140 0.04481887
vn -0.01091674 -0.97621820 -0.21651590
vn -0.02785769 -0.99585660 0.08656467
vn -0.00125621 -0.96246910 -0.27138860
vn -0.01091674 -0.97621820 -0.21651590
vn -0.03530142 -0.99837140 0.04481887
vn 0.43938450 -0.76276410 0.47448070
vn 0.77816920 -0.54205520 0.31722040
vn 0.45054150 -0.73121810 0.51218400
vn 0.48802390 -0.76859640 0.41363300
vn 0.77816920 -0.54205520 0.31722040
vn 0.48802390 -0.76859640 0.41363300
vn -0.00523779 -0.98904620 0.14751950
vn -0.37431760 -0.92227230 0.09644443
vn -0.17802190 -0.97206560 0.15296500
vn -0.00650393 -0.99694570 0.07783525
vn -0.37431760 -0.92227230 0.09644443
vn -0.00523779 -0.98904620 0.14751950
vn 0.38662410 0.17101030 0.90624360
vn 0.20629610 -0.07269593 0.97578540
vn 0.27004360 0.11335980 0.95615170
vn 0.42175110 0.00278860 0.90670730
vn 0.20629610 -0.07269593 0.97578540
vn 0.38662410 0.17101030 0.90624360
vn 0.40973180 -0.07723486 0.90893050
vn 0.38662410 0.17101030 0.90624360
vn 0.20822510 0.16995530 0.96320180
vn 0.42175110 0.00278860 0.90670730
vn 0.38662410 0.17101030 0.90624360
vn 0.40973180 -0.07723486 0.90893050
vn 0.20629610 -0.07269593 0.97578540
vn 0.23799250 -0.11651150 0.96425340
vn 0.10199070 -0.08653130 0.99101470
vn 0.42175110 0.00278860 0.90670730
vn 0.23799250 -0.11651150 0.96425340
vn 0.20629610 -0.07269593 0.97578540
vn 0.92984240 -0.36793130 -0.00445057
vn 0.77816920 -0.54205520 0.31722040
vn 0.95480470 -0.27449590 0.11401790
vn 0.91042070 -0.34164150 0.23327010
vn 0.77816920 -0.54205520 0.31722040
vn 0.92984240 -0.36793130 -0.00445057
vn -0.00000003 0.99938250 -0.03513602
vn 0.32525140 0.89333350 -0.31010760
vn 0.23059910 0.97245190 -0.03407672
vn -0.00000024 0.96606370 -0.25830420
vn 0.32525140 0.89333350 -0.31010760
vn -0.00000003 0.99938250 -0.03513602
vn -0.06283496 -0.91686330 -0.39422630
vn -0.26656490 -0.87469260 -0.40479210
vn -0.06283496 -0.91686330 -0.39422630
vn -0.23433340 -0.80043690 -0.55171480
vn -0.26656490 -0.87469260 -0.40479210
vn -0.12887150 -0.87856920 -0.45990140
vn 0.07032154 -0.41125590 -0.90880340
vn 0.11769980 -0.05590412 -0.99147470
vn 0.11512280 -0.08590025 -0.98963030
vn 0.06872550 -0.36974280 -0.92658910
vn 0.11769980 -0.05590412 -0.99147470
vn 0.06872543 -0.36974290 -0.92658910
vn -0.23513250 -0.44747130 0.86283430
vn -0.35327650 -0.79503720 0.49306430
vn -0.34632830 -0.65890200 0.66776170
vn -0.13059270 -0.86524660 0.48404000
vn -0.35327650 -0.79503720 0.49306430
vn -0.13059270 -0.86524660 0.48404000
vn 0.34809960 -0.02905045 -0.93700730
vn 0.37912850 0.09172462 -0.92078690
vn 0.46444650 0.05100233 -0.88413140
vn 0.43864430 -0.08411001 -0.89471620
vn 0.37912850 0.09172462 -0.92078690
vn 0.34809960 -0.02905045 -0.93700730
vn 0.00000075 0.43628800 0.89980710
vn 0.20241960 0.62819580 0.75126320
vn 0.33803630 0.41849990 0.84296460
vn 0.00000069 0.62924020 0.77721100
vn 0.20241960 0.62819580 0.75126320
vn 0.00000075 0.43628800 0.89980710
vn -0.95659740 0.12101890 -0.26509880
vn -0.99571220 -0.08740873 -0.03030107
vn -0.91963300 -0.22716110 -0.32042810
vn -0.97947200 0.20102350 0.01502089
vn -0.99571220 -0.08740873 -0.03030107
vn -0.95659740 0.12101890 -0.26509880
vn -0.00020961 0.01544569 -0.99988070
vn 0.11951620 0.10666890 -0.98708540
vn 0.09772781 0.01868739 -0.99503770
vn -0.00000024 0.14367520 -0.98962490
vn 0.11951620 0.10666890 -0.98708540
vn -0.00020961 0.01544569 -0.99988070
vn -0.03530142 -0.99837140 0.04481887
vn 0.00714841 -0.95761950 -0.28794760
vn -0.00125621 -0.96246910 -0.27138860
vn -0.02308534 -0.99952880 0.02022939
vn 0.00714841 -0.95761950 -0.28794760
vn -0.03530142 -0.99837140 0.04481887
vn 0.22016650 -0.01428180 0.97535770
vn -0.00039559 0.06248965 0.99804540
vn 0.00265146 -0.02720335 0.99962630
vn 0.23210740 0.08865032 0.96864190
vn -0.00039559 0.06248965 0.99804540
vn 0.22016650 -0.01428180 0.97535770
vn -0.00039559 0.06248965 0.99804540
vn 0.22946280 0.08337422 0.96974010
vn -0.00353839 0.08078966 0.99672490
vn 0.23210740 0.08865032 0.96864190
vn 0.22946280 0.08337422 0.96974010
vn -0.00039559 0.06248965 0.99804540
vn 0.29088690 0.39890210 0.86963330
vn -0.00855184 0.09833615 0.99511650
vn -0.00771406 0.36690560 0.93022610
vn 0.27004360 0.11335980 0.95615170
vn -0.00855184 0.09833615 0.99511650
vn 0.29088690 0.39890210 0.86963330
vn 0.11769980 -0.05590412 -0.99147470
vn 0.13577660 0.28089920 -0.95008470
vn 0.14394020 0.27254870 -0.95131420
vn 0.12467860 -0.03575039 -0.99155310
vn 0.13577660 0.28089920 -0.95008470
vn 0.11769980 -0.05590412 -0.99147470
vn 0.92984240 -0.36793130 -0.00445057
vn 0.95550060 -0.19818790 0.21849530
vn 0.91042070 -0.34164150 0.23327010
vn 0.97796310 -0.20689400 -0.02798064
vn 0.95550060 -0.19818790 0.21849530
vn 0.92984240 -0.36793130 -0.00445057
vn -0.20187310 -0.97069820 -0.13035890
vn -0.00213221 -0.99876280 0.04969288
vn 0.00594744 -0.99683270 -0.07931165
vn -0.12896980 -0.99081990 0.04054421
vn -0.00213221 -0.99876280 0.04969288
vn -0.20187310 -0.97069820 -0.13035890
vn 0.23799250 -0.11651150 0.96425340
vn 0.22016650 -0.01428180 0.97535770
vn 0.10199070 -0.08653130 0.99101470
vn 0.50367560 -0.06054237 0.86176880
vn 0.22016650 -0.01428180 0.97535770
vn 0.23799250 -0.11651150 0.96425340
vn 0.22016650 -0.01428180 0.97535770
vn 0.45871580 0.11887960 0.88059480
vn 0.23210740 0.08865032 0.96864190
vn 0.50367560 -0.06054237 0.86176880
vn 0.45871580 0.11887960 0.88059480
vn 0.22016650 -0.01428180 0.97535770
vn 0.99201260 0.10980360 0.06207962
vn 0.95550060 -0.19818790 0.21849530
vn 0.97796310 -0.20689400 -0.02798064
vn 0.94534580 0.06395249 0.31973650
vn 0.95550060 -0.19818790 0.21849530
vn 0.99201260 0.10980360 0.06207962
vn 0.32525140 0.89333350 -0.31010760
vn 0.69399940 0.71952840 -0.02537120
vn 0.23059910 0.97245190 -0.03407672
vn 0.65638170 0.68252530 -0.32143790
vn 0.69399940 0.71952840 -0.02537120
vn 0.32525140 0.89333350 -0.31010760
vn 0.33808180 0.90768540 0.24861200
vn -0.00000003 0.99938250 -0.03513602
vn 0.23059910 0.97245190 -0.03407672
vn 0.00381462 0.98200180 0.18883310
vn -0.00000003 0.99938250 -0.03513602
vn 0.33808180 0.90768540 0.24861200
vn -0.00020961 0.01544569 -0.99988070
vn 0.01903498 -0.08679139 -0.99604460
vn -0.00066818 -0.08276494 -0.99656890
vn 0.09772781 0.01868739 -0.99503770
vn 0.01903498 -0.08679139 -0.99604460
vn -0.00020961 0.01544569 -0.99988070
vn 0.33808180 0.90768540 0.24861200
vn 0.69399940 0.71952840 -0.02537120
vn 0.67350500 0.68627370 0.27462590
vn 0.23059910 0.97245190 -0.03407672
vn 0.69399940 0.71952840 -0.02537120
vn 0.33808180 0.90768540 0.24861200
vn 0.01903498 -0.08679139 -0.99604460
vn 0.23607070 -0.09805585 -0.96677590
vn 0.11561930 -0.15955470 -0.98039510
vn 0.09772781 0.01868739 -0.99503770
vn 0.23607070 -0.09805585 -0.96677590
vn 0.01903498 -0.08679139 -0.99604460
vn 0.99201260 0.10980360 0.06207962
vn 0.92638300 0.14143450 0.34901420
vn 0.94534580 0.06395249 0.31973650
vn 0.98495210 0.14277060 0.09739625
vn 0.92638300 0.14143450 0.34901420
vn 0.99201260 0.10980360 0.06207962
vn -0.00213221 -0.99876280 0.04969288
vn -0.37431760 -0.92227230 0.09644443
vn -0.00650393 -0.99694570 0.07783525
vn -0.12896980 -0.99081990 0.04054421
vn -0.37431760 -0.92227230 0.09644443
vn -0.00213221 -0.99876280 0.04969288
vn 0.45871580 0.11887960 0.88059480
vn 0.22946280 0.08337422 0.96974010
vn 0.23210740 0.08865032 0.96864190
vn 0.44285740 0.08439460 0.89261130
vn 0.22946280 0.08337422 0.96974010
vn 0.45871580 0.11887960 0.88059480
vn 0.99714860 0.04635271 0.05954972
vn 0.92638300 0.14143450 0.34901420
vn 0.98495210 0.14277060 0.09739625
vn 0.94948380 0.05649142 0.30869020
vn 0.92638300 0.14143450 0.34901420
vn 0.99714860 0.04635271 0.05954972
vn 0.09702770 -0.35692580 -0.92908010
vn 0.11769980 -0.05590412 -0.99147470
vn 0.08827913 -0.36827090 -0.92551800
vn 0.12467860 -0.03575039 -0.99155310
vn 0.11769980 -0.05590412 -0.99147470
vn 0.09702770 -0.35692580 -0.92908010
vn -0.99571220 -0.08740873 -0.03030107
vn -0.78722290 -0.54021660 -0.29740160
vn -0.91963300 -0.22716110 -0.32042810
vn -0.79819010 -0.60237210 0.00646228
vn -0.78722290 -0.54021660 -0.29740160
vn -0.99571220 -0.08740873 -0.03030107
vn 0.22946280 0.08337422 0.96974010
vn -0.00465877 0.19528760 0.98073500
vn -0.00353839 0.08078966 0.99672490
vn 0.20904810 0.30325500 0.92969660
vn -0.00465877 0.19528760 0.98073500
vn 0.22946280 0.08337422 0.96974010
vn 0.42168210 0.27002280 0.86560510
vn 0.22946280 0.08337422 0.96974010
vn 0.44285740 0.08439460 0.89261130
vn 0.20904810 0.30325500 0.92969660
vn 0.22946280 0.08337422 0.96974010
vn 0.42168210 0.27002280 0.86560510
vn -0.99571220 -0.08740873 -0.03030107
vn -0.97121190 0.17520010 0.16141200
vn -0.96395490 0.20121610 0.17408150
vn -0.97947200 0.20102350 0.01502089
vn -0.97121190 0.17520010 0.16141200
vn -0.99571220 -0.08740873 -0.03030107
vn -0.01056271 0.16735460 0.98584030
vn -0.03611754 0.35830200 0.93290700
vn -0.05441344 0.03918480 0.99774960
vn 0.00996881 0.37429220 0.92725740
vn -0.03611754 0.35830200 0.93290700
vn -0.01056271 0.16735460 0.98584030
vn 0.20241960 0.62819580 0.75126320
vn 0.81544850 0.39974610 0.41862490
vn 0.33803630 0.41849990 0.84296460
vn 0.67350500 0.68627370 0.27462590
vn 0.81544850 0.39974610 0.41862490
vn 0.33808180 0.90768540 0.24861200
vn 0.49030120 0.10109720 0.86566980
vn 0.00000091 -0.10496130 0.99447640
vn 0.29989430 0.15565680 0.94118770
vn 0.59519360 -0.07838295 0.79975040
vn 0.00000091 -0.10496130 0.99447640
vn 0.49030120 0.10109720 0.86566980
vn 0.01903498 -0.08679139 -0.99604460
vn 0.04447453 -0.11553530 -0.99230720
vn -0.04385347 -0.05330916 -0.99761470
vn 0.11561930 -0.15955470 -0.98039510
vn 0.04447453 -0.11553530 -0.99230720
vn 0.01903498 -0.08679139 -0.99604460
vn 0.23783960 0.40388050 0.88335320
vn -0.00465877 0.19528760 0.98073500
vn 0.20904810 0.30325500 0.92969660
vn -0.00173867 0.15198270 0.98838160
vn -0.00465877 0.19528760 0.98073500
vn 0.23783960 0.40388050 0.88335320
vn 0.10596810 0.94192560 -0.31866400
vn 0.11300350 0.99358560 -0.00421799
vn 0.07944582 0.99673560 -0.01436809
vn 0.13737880 0.93901940 -0.31522920
vn 0.11300350 0.99358560 -0.00421799
vn 0.10596810 0.94192560 -0.31866400
vn 0.05481990 0.99837030 -0.01586648
vn 0.11008130 0.94323770 0.31334530
vn 0.15278110 0.98822080 0.00884572
vn 0.10795350 0.94519100 0.30815690
vn 0.11008130 0.94323770 0.31334530
vn 0.05481990 0.99837030 -0.01586648
vn 0.99714860 0.04635271 0.05954972
vn 0.95844780 0.05625902 0.27966730
vn 0.94948380 0.05649142 0.30869020
vn 0.99855590 0.02174436 0.04913268
vn 0.95844780 0.05625902 0.27966730
vn 0.99714860 0.04635271 0.05954972
vn 0.78729780 0.40261140 -0.46697550
vn 0.69399940 0.71952840 -0.02537120
vn 0.65638170 0.68252530 -0.32143790
vn 0.93902490 0.34360320 -0.01300213
vn 0.69399940 0.71952840 -0.02537120
vn 0.78729780 0.40261140 -0.46697550
vn 0.42168210 0.27002280 0.86560510
vn 0.23783960 0.40388050 0.88335320
vn 0.20904810 0.30325500 0.92969660
vn 0.40676910 0.39692260 0.82279510
vn 0.23783960 0.40388050 0.88335320
vn 0.42168210 0.27002280 0.86560510
vn 0.99697880 0.07394281 0.02380077
vn 0.95844780 0.05625902 0.27966730
vn 0.99855590 0.02174436 0.04913268
vn 0.95761250 0.16519330 0.23598890
vn 0.95844780 0.05625902 0.27966730
vn 0.99697880 0.07394281 0.02380077
vn 0.16473870 -0.03369683 -0.98576180
vn 0.13577660 0.28089920 -0.95008470
vn 0.12467860 -0.03575039 -0.99155310
vn 0.17187930 0.28666780 -0.94248580
vn 0.13577660 0.28089920 -0.95008470
vn 0.16473870 -0.03369683 -0.98576180
vn -0.00523779 -0.98904620 0.14751950
vn 0.38578460 -0.92083810 0.05682354
vn -0.00650393 -0.99694570 0.07783525
vn 0.17325370 -0.97540150 0.13629720
vn 0.38578460 -0.92083810 0.05682354
vn -0.00523779 -0.98904620 0.14751950
vn -0.11549090 -0.59713130 0.79378600
vn -0.11549080 -0.59713120 0.79378620
vn -0.11549080 -0.59713110 0.79378600
vn -0.47320320 0.08611938 0.87673410
vn -0.45758100 0.05931456 0.88718750
vn -0.46319380 0.23418930 0.85475560
vn 0.42266940 0.17209220 0.88979500
vn 0.23783960 0.40388050 0.88335320
vn 0.40676910 0.39692260 0.82279510
vn 0.42843490 0.15562090 0.89007070
vn 0.23783960 0.40388050 0.88335320
vn 0.42266940 0.17209220 0.88979500
vn 0.95800810 -0.27420840 -0.08384699
vn 0.92984240 -0.36793130 -0.00445057
vn 0.95800800 -0.27420840 -0.08384692
vn 0.88254060 -0.41534660 -0.22047530
vn 0.92984240 -0.36793130 -0.00445057
vn 0.67103310 -0.43082030 -0.60341380
vn -0.97121190 0.17520010 0.16141200
vn -0.97987710 0.19190200 0.05491892
vn -0.94277730 0.31272390 0.11565340
vn -0.97947200 0.20102350 0.01502089
vn -0.97987710 0.19190200 0.05491892
vn -0.97121190 0.17520010 0.16141200
vn -0.63718590 -0.76841600 0.05942375
vn -0.63718580 -0.76841600 0.05942374
vn -0.63718580 -0.76841600 0.05942375
vn -0.99683740 -0.07946838 -0.00007713
vn -0.96089140 -0.27530740 -0.02989244
vn -0.97773840 0.02944035 0.20775270
vn 0.12996340 -0.41940420 -0.89844850
vn -0.00000049 -0.01906249 -0.99981830
vn 0.10434920 0.01026735 -0.99448770
vn -0.00000069 -0.47033690 -0.88248690
vn -0.00000049 -0.01906249 -0.99981830
vn 0.12996340 -0.41940420 -0.89844850
vn -0.42879280 -0.04780804 0.90213720
vn -0.45758100 0.05931456 0.88718750
vn -0.47320320 0.08611938 0.87673410
vn -0.42428610 -0.02708156 0.90512340
vn -0.45758100 0.05931456 0.88718750
vn -0.42879280 -0.04780804 0.90213720
vn -0.97773840 0.02944035 0.20775270
vn -0.99233560 -0.12350630 0.00407371
vn -0.99683740 -0.07946838 -0.00007713
vn -0.96983950 -0.07411483 0.23220640
vn -0.99233560 -0.12350630 0.00407371
vn -0.96983890 -0.07411483 0.23220660
vn 0.17818840 0.93712230 -0.30008540
vn 0.11300350 0.99358560 -0.00421799
vn 0.13737880 0.93901940 -0.31522920
vn 0.15278110 0.98822080 0.00884572
vn 0.11300350 0.99358560 -0.00421799
vn 0.17818840 0.93712230 -0.30008540
vn 0.81544850 0.39974610 0.41862490
vn 0.69399940 0.71952840 -0.02537120
vn 0.93902490 0.34360320 -0.01300213
vn 0.67350500 0.68627370 0.27462590
vn 0.69399940 0.71952840 -0.02537120
vn 0.81544850 0.39974610 0.41862490
vn 0.99697880 0.07394281 0.02380077
vn 0.96532730 0.11689160 0.23341210
vn 0.95761250 0.16519330 0.23598890
vn 0.99727890 0.07333831 0.00760670
vn 0.96532730 0.11689160 0.23341210
vn 0.99697880 0.07394281 0.02380077
vn -0.00000079 0.37689380 -0.92625650
vn 0.16289470 0.58345760 -0.79563960
vn -0.00000079 0.56994960 -0.82167970
vn 0.27930760 0.39471110 -0.87532310
vn 0.16289470 0.58345760 -0.79563960
vn -0.00000079 0.37689380 -0.92625650
vn 0.42266940 0.17209220 0.88979500
vn 0.40705930 0.00796148 0.91336710
vn 0.42843490 0.15562090 0.89007070
vn 0.40391830 0.01916404 0.91459440
vn 0.40705930 0.00796148 0.91336710
vn 0.42266940 0.17209220 0.88979500
vn 0.99969560 0.02393237 0.00613362
vn 0.96532730 0.11689160 0.23341210
vn 0.99727890 0.07333831 0.00760670
vn 0.96881540 0.04464893 0.24373060
vn 0.96532730 0.11689160 0.23341210
vn 0.99969560 0.02393237 0.00613362
vn -0.00308276 -0.06929600 -0.99759130
vn 0.01903498 -0.08679139 -0.99604460
vn -0.04385347 -0.05330916 -0.99761470
vn -0.00066818 -0.08276494 -0.99656890
vn 0.01903498 -0.08679139 -0.99604460
vn -0.00308276 -0.06929600 -0.99759130
vn 0.32525140 0.89333350 -0.31010760
vn 0.78729780 0.40261140 -0.46697550
vn 0.65638170 0.68252530 -0.32143790
vn 0.27930760 0.39471110 -0.87532310
vn 0.78729780 0.40261140 -0.46697550
vn 0.16289470 0.58345760 -0.79563960
vn -0.42879280 -0.04780804 0.90213720
vn -0.39652340 -0.06618748 0.91563570
vn -0.42428610 -0.02708156 0.90512340
vn -0.39288190 -0.07158636 0.91679850
vn -0.39652340 -0.06618748 0.91563570
vn -0.42879280 -0.04780804 0.90213720
vn 0.38948570 -0.01237285 0.92094950
vn 0.40705930 0.00796148 0.91336710
vn 0.40391830 0.01916404 0.91459440
vn 0.38744410 -0.01555528 0.92176200
vn 0.40705930 0.00796148 0.91336710
vn 0.38948570 -0.01237285 0.92094950
vn 0.17818840 0.93712230 -0.30008540
vn 0.05481990 0.99837030 -0.01586648
vn 0.15278110 0.98822080 0.00884572
vn 0.04338189 0.93934500 -0.34021990
vn 0.05481990 0.99837030 -0.01586648
vn 0.17818840 0.93712230 -0.30008540
vn 0.55595340 0.14736060 0.81804730
vn 0.79678780 0.49119070 0.35194080
vn 0.55789660 0.23171680 0.79690630
vn 0.50168650 0.54938640 0.66819630
vn 0.79678780 0.49119070 0.35194080
vn 0.54497390 0.36202280 0.75626980
vn -0.96035000 -0.11047030 0.25597960
vn -0.99233560 -0.12350630 0.00407371
vn -0.96545920 -0.11510770 0.23375270
vn -0.99193500 -0.12652170 0.00767022
vn -0.99233560 -0.12350630 0.00407371
vn -0.96035000 -0.11047030 0.25597960
vn 0.04559243 0.95242690 0.30133770
vn 0.11300350 0.99358560 -0.00421799
vn 0.07753269 0.94879620 0.30622610
vn 0.07944582 0.99673560 -0.01436809
vn 0.11300350 0.99358560 -0.00421799
vn 0.04608718 0.95312650 0.29904160
vn -0.96035000 -0.11047030 0.25597960
vn -0.99289020 -0.11730440 0.02025146
vn -0.99193500 -0.12652170 0.00767022
vn -0.95316640 -0.11828180 0.27836040
vn -0.99289020 -0.11730440 0.02025146
vn -0.96035000 -0.11047030 0.25597960
vn -0.00308276 -0.06929600 -0.99759130
vn 0.01583938 0.17552870 -0.98434700
vn -0.00202483 0.12087720 -0.99266530
vn -0.04385347 -0.05330916 -0.99761470
vn 0.01583938 0.17552870 -0.98434700
vn -0.00308276 -0.06929600 -0.99759130
vn -0.38251540 -0.04969594 0.92261180
vn -0.39652340 -0.06618748 0.91563570
vn -0.39288190 -0.07158636 0.91679850
vn -0.37803630 -0.04795394 0.92454810
vn -0.39652340 -0.06618748 0.91563570
vn -0.38251540 -0.04969594 0.92261180
vn 0.02011415 -0.99929270 0.03177235
vn 0.00714841 -0.95761950 -0.28794760
vn -0.02308534 -0.99952880 0.02022939
vn 0.04842656 -0.95725720 -0.28515550
vn 0.00714841 -0.95761950 -0.28794760
vn 0.02011415 -0.99929270 0.03177235
vn 0.99969560 0.02393237 0.00613362
vn 0.96692170 0.02104222 0.25420660
vn 0.96881540 0.04464893 0.24373060
vn 0.99996570 0.00803502 0.00236040
vn 0.96692170 0.02104222 0.25420660
vn 0.99969560 0.02393237 0.00613362
vn 0.30549790 0.08946981 -0.94798010
vn -0.00000079 0.37689380 -0.92625650
vn -0.00000083 0.09689740 -0.99529440
vn 0.27930760 0.39471110 -0.87532310
vn -0.00000079 0.37689380 -0.92625650
vn 0.30549790 0.08946981 -0.94798010
vn 0.38948570 -0.01237285 0.92094950
vn 0.38261530 -0.00404207 0.92389890
vn 0.38744410 -0.01555528 0.92176200
vn 0.37962440 -0.00416313 0.92513140
vn 0.38261530 -0.00404207 0.92389890
vn 0.38948570 -0.01237285 0.92094950
vn 0.99996570 -0.00368048 0.00752370
vn 0.96692170 0.02104222 0.25420660
vn 0.99996570 0.00803502 0.00236040
vn 0.96409590 0.00364935 0.26553190
vn 0.96692170 0.02104222 0.25420660
vn 0.99996570 -0.00368048 0.00752370
vn 0.09702770 -0.35692580 -0.92908010
vn 0.16473870 -0.03369683 -0.98576180
vn 0.12467860 -0.03575039 -0.99155310
vn 0.10838460 -0.35158350 -0.92986140
vn 0.16473870 -0.03369683 -0.98576180
vn 0.10838460 -0.35158350 -0.92986140
vn -0.37431760 -0.92227230 0.09644443
vn -0.74477640 -0.66542050 0.05024941
vn -0.67370990 -0.73224350 0.09967899
vn -0.79819010 -0.60237210 0.00646228
vn -0.74477640 -0.66542050 0.05024941
vn -0.37431760 -0.92227230 0.09644443
vn -0.38251540 -0.04969594 0.92261180
vn -0.38092930 -0.06069906 0.92260980
vn -0.37803630 -0.04795394 0.92454810
vn -0.38084630 -0.03269969 0.92406010
vn -0.38092930 -0.06069906 0.92260980
vn -0.38251540 -0.04969594 0.92261180
vn -0.75127560 0.47598500 0.45719200
vn -0.48381600 0.72055800 0.49670840
vn -0.45889470 0.54409460 0.70240860
vn -0.65000430 0.72815010 0.21746980
vn -0.48381600 0.72055800 0.49670840
vn -0.75127560 0.47598500 0.45719200
vn 0.38250910 -0.04296886 0.92295210
vn 0.38261530 -0.00404207 0.92389890
vn 0.37962440 -0.00416313 0.92513140
vn 0.38072760 -0.03268164 0.92410960
vn 0.38261530 -0.00404207 0.92389890
vn 0.38250910 -0.04296886 0.92295210
vn -0.97121190 0.17520010 0.16141200
vn -0.75127560 0.47598500 0.45719200
vn -0.95686630 0.13244960 0.25858320
vn -0.94277730 0.31272390 0.11565340
vn -0.75127560 0.47598500 0.45719200
vn -0.97121190 0.17520010 0.16141200
vn 0.94855060 0.31658520 -0.00517978
vn 0.93263380 0.21234440 -0.29172880
vn 0.93491040 0.34996510 -0.05889223
vn 0.96639330 0.16023440 -0.20102360
vn 0.93263380 0.21234440 -0.29172880
vn 0.94855060 0.31658520 -0.00517978
vn 0.00000075 0.43628800 0.89980710
vn 0.49030120 0.10109720 0.86566980
vn 0.29989430 0.15565680 0.94118770
vn 0.33803630 0.41849990 0.84296460
vn 0.49030120 0.10109720 0.86566980
vn 0.00000075 0.43628800 0.89980710
vn 0.83579170 0.54802170 -0.03355292
vn 0.94855060 0.31658520 -0.00517978
vn 0.93074640 0.36385070 -0.03640319
vn 0.90130760 0.38765030 0.19332210
vn 0.94855060 0.31658520 -0.00517978
vn 0.83579170 0.54802170 -0.03355292
vn 0.22754730 0.87098780 0.43543470
vn 0.40763730 0.84763880 0.33961920
vn 0.16185270 0.83357980 0.52815660
vn 0.90130760 0.38765030 0.19332210
vn 0.40763730 0.84763880 0.33961920
vn 0.22754730 0.87098780 0.43543470
vn 0.94855060 0.31658520 -0.00517978
vn 0.97396080 0.02320844 -0.22552880
vn 0.96639330 0.16023440 -0.20102360
vn 0.90130760 0.38765030 0.19332210
vn 0.93587730 0.09644869 0.33886970
vn 0.94855060 0.31658520 -0.00517978
vn 0.02011415 -0.99929270 0.03177235
vn 0.10151400 -0.95783530 -0.26878830
vn 0.04842656 -0.95725720 -0.28515550
vn 0.04609817 -0.99808980 0.04113445
vn 0.10151400 -0.95783530 -0.26878830
vn 0.02011415 -0.99929270 0.03177235
vn 0.01583938 0.17552870 -0.98434700
vn 0.34809960 -0.02905045 -0.93700730
vn 0.06736907 0.26916840 -0.96073410
vn -0.04385347 -0.05330916 -0.99761470
vn 0.34809960 -0.02905045 -0.93700730
vn 0.01583938 0.17552870 -0.98434700
vn 0.99996570 -0.00368048 0.00752370
vn 0.95659700 -0.04590105 0.28777860
vn 0.96409590 0.00364935 0.26553190
vn 0.99927470 -0.03108420 0.02203270
vn 0.95659700 -0.04590105 0.28777860
vn 0.99996570 -0.00368048 0.00752370
vn 0.78729780 0.40261140 -0.46697550
vn 0.99913820 0.03620162 -0.02030924
vn 0.93902490 0.34360320 -0.01300213
vn 0.97151420 0.17020790 -0.16489230
vn 0.99913820 0.03620162 -0.02030924
vn 0.78729780 0.40261140 -0.46697550
vn 0.38250910 -0.04296886 0.92295210
vn 0.38598110 -0.13563500 0.91248120
vn 0.38072760 -0.03268164 0.92410960
vn 0.38722980 -0.11022170 0.91537120
vn 0.38598110 -0.13563500 0.91248120
vn 0.38250910 -0.04296886 0.92295210
vn 0.38662410 0.17101030 0.90624360
vn 0.29088690 0.39890210 0.86963330
vn 0.36238520 0.44945360 0.81649790
vn 0.27004360 0.11335980 0.95615170
vn 0.29088690 0.39890210 0.86963330
vn 0.38662410 0.17101030 0.90624360
vn 0.99807500 -0.04825117 0.03898365
vn 0.95659700 -0.04590105 0.28777860
vn 0.99927470 -0.03108420 0.02203270
vn 0.94401100 -0.10798300 0.31174360
vn 0.95659700 -0.04590105 0.28777860
vn 0.99807500 -0.04825117 0.03898365
vn 0.30549790 0.08946981 -0.94798010
vn 0.78729780 0.40261140 -0.46697550
vn 0.27930760 0.39471110 -0.87532310
vn 0.57008700 0.07000270 -0.81859670
vn 0.78729780 0.40261140 -0.46697550
vn 0.30549790 0.08946981 -0.94798010
vn 0.94635180 -0.04644858 0.31978450
vn 0.93587730 0.09644869 0.33886970
vn 0.90130760 0.38765030 0.19332210
vn 0.99585350 -0.03039717 0.08575197
vn 0.93587730 0.09644869 0.33886970
vn 0.94635180 -0.04644858 0.31978450
vn 0.99807500 -0.04825117 0.03898365
vn 0.94446560 -0.08678656 0.31694540
vn 0.94401100 -0.10798300 0.31174360
vn 0.99802890 -0.03915678 0.04905890
vn 0.94446560 -0.08678656 0.31694540
vn 0.99807500 -0.04825117 0.03898365
vn -0.01167810 -0.27811530 0.96047690
vn -0.01667499 -0.27500240 0.96129930
vn -0.01167810 -0.27811530 0.96047690
vn -0.00655015 0.04205297 0.99909430
vn -0.01667499 -0.27500240 0.96129930
vn -0.01308707 -0.27138980 0.96238070
vn 0.99913820 0.03620162 -0.02030924
vn 0.83623760 -0.14887760 -0.52777090
vn 0.98516970 -0.16225510 -0.05580481
vn 0.97797130 -0.12677030 -0.16583580
vn 0.83623760 -0.14887760 -0.52777090
vn 0.99913820 0.03620162 -0.02030924
vn 0.94635180 -0.04644858 0.31978450
vn 0.99741320 -0.03618568 0.06212370
vn 0.99585350 -0.03039717 0.08575197
vn 0.94304020 -0.07632414 0.32380740
vn 0.99741320 -0.03618568 0.06212370
vn 0.94635180 -0.04644858 0.31978450
vn 0.99741320 -0.03618568 0.06212370
vn 0.94446560 -0.08678656 0.31694540
vn 0.99802890 -0.03915678 0.04905890
vn 0.94304020 -0.07632414 0.32380740
vn 0.94446560 -0.08678656 0.31694540
vn 0.99741320 -0.03618568 0.06212370
vn -0.16314380 -0.98563370 0.04371180
vn 0.10151400 -0.95783530 -0.26878830
vn 0.04609817 -0.99808980 0.04113445
vn -0.17989100 -0.93845430 -0.29486180
vn 0.10151400 -0.95783530 -0.26878830
vn -0.16314380 -0.98563370 0.04371180
vn 0.43255300 0.79597040 0.42347260
vn 0.29088690 0.39890210 0.86963330
vn 0.23639420 0.63973730 0.73133730
vn 0.36238520 0.44945360 0.81649790
vn 0.29088690 0.39890210 0.86963330
vn 0.43255300 0.79597040 0.42347260
vn 0.38777010 -0.06819926 0.91922970
vn 0.38639580 -0.10325070 0.91653570
vn 0.38961850 -0.06854538 0.91842220
vn 0.38460530 -0.12058050 0.91517170
vn 0.38639580 -0.10325070 0.91653570
vn 0.38777010 -0.06819926 0.91922970
vn 0.41593880 -0.16308820 0.89464930
vn 0.40370730 -0.17002180 0.89895120
vn 0.41518480 -0.16866280 0.89396560
vn 0.38460530 -0.12058050 0.91517170
vn 0.40370730 -0.17002180 0.89895120
vn 0.38639580 -0.10325070 0.91653570
vn 0.22366670 0.29896130 -0.92768310
vn 0.22211330 0.08680254 -0.97114970
vn 0.23252640 0.30696730 -0.92287770
vn 0.20518750 -0.03156264 -0.97821400
vn 0.22211330 0.08680254 -0.97114970
vn 0.22366670 0.29896130 -0.92768310
vn 0.16473870 -0.03369683 -0.98576180
vn 0.20371440 0.28937140 -0.93528890
vn 0.17187930 0.28666780 -0.94248580
vn 0.20518750 -0.03156264 -0.97821400
vn 0.20371440 0.28937140 -0.93528890
vn 0.16473870 -0.03369683 -0.98576180
vn -0.95659740 0.12101890 -0.26509880
vn -0.97987710 0.19190200 0.05491892
vn -0.97947200 0.20102350 0.01502089
vn -0.96647340 0.08628555 -0.24183800
vn -0.97987710 0.19190200 0.05491892
vn -0.95659740 0.12101890 -0.26509880
vn -0.00121592 0.41690430 -0.90894960
vn 0.01583938 0.17552870 -0.98434700
vn 0.05921607 0.46240910 -0.88468710
vn -0.00202483 0.12087720 -0.99266530
vn 0.01583938 0.17552870 -0.98434700
vn -0.00121592 0.41690430 -0.90894960
vn -0.70697610 0.68404190 0.17964640
vn 0.22754730 0.87098780 0.43543470
vn -0.14235470 0.81194430 0.56611160
vn -0.93737440 0.27421300 0.21479710
vn -0.64479060 0.71972640 0.25737180
vn -0.70697610 0.68404190 0.17964640
vn -0.97987710 0.19190200 0.05491892
vn -0.70697610 0.68404190 0.17964640
vn -0.94277730 0.31272390 0.11565340
vn -0.93737440 0.27421300 0.21479710
vn -0.70697610 0.68404190 0.17964640
vn -0.97987710 0.19190200 0.05491892
vn -0.38589210 -0.08570145 0.91855450
vn -0.38924370 -0.13154910 0.91169300
vn -0.38559940 -0.13264920 0.91308130
vn -0.38513160 -0.08552482 0.91889030
vn -0.38924370 -0.13154910 0.91169300
vn -0.38513160 -0.08552485 0.91889020
vn -0.99486270 -0.02029393 -0.09918606
vn -0.97987710 0.19190200 0.05491892
vn -0.96647340 0.08628555 -0.24183800
vn -0.93737440 0.27421300 0.21479710
vn -0.97987710 0.19190200 0.05491892
vn -0.99486270 -0.02029393 -0.09918606
vn 0.50350360 -0.42962830 0.74960240
vn 0.56577370 -0.69223130 0.44801340
vn 0.31640360 -0.79824820 0.51253150
vn 0.90780850 -0.29831030 0.29477920
vn 0.56577370 -0.69223130 0.44801340
vn 0.50350360 -0.42962830 0.74960240
vn 0.38894380 -0.17932250 0.90364060
vn 0.38598110 -0.13563500 0.91248120
vn 0.37521290 -0.19175490 0.90688780
vn 0.40230560 -0.16827240 0.89990820
vn 0.38598110 -0.13563500 0.91248120
vn 0.38894380 -0.17932250 0.90364060
vn 0.40370730 -0.17002180 0.89895120
vn 0.40825640 -0.17197950 0.89652110
vn 0.41518480 -0.16866280 0.89396560
vn 0.40230560 -0.16827240 0.89990820
vn 0.40825640 -0.17197950 0.89652110
vn 0.40370730 -0.17002180 0.89895120
vn 0.17234410 -0.33798140 -0.92523880
vn 0.17720300 -0.34619450 -0.92127590
vn 0.17234410 -0.33798140 -0.92523890
vn 0.20518750 -0.03156264 -0.97821400
vn 0.17720300 -0.34619450 -0.92127590
vn 0.22211330 0.08680254 -0.97114970
vn 0.17320470 -0.34907630 -0.92094880
vn 0.16473870 -0.03369683 -0.98576180
vn 0.17320470 -0.34907620 -0.92094870
vn 0.20518750 -0.03156264 -0.97821400
vn 0.16473870 -0.03369683 -0.98576180
vn 0.17720300 -0.34619450 -0.92127590
vn -0.95655330 -0.06643637 0.28388990
vn -0.99289020 -0.11730440 0.02025146
vn -0.95518210 -0.10442920 0.27698910
vn -0.99855460 -0.04771947 0.02475649
vn -0.99289020 -0.11730440 0.02025146
vn -0.95655330 -0.06643637 0.28388990
vn 0.11008130 0.94323770 0.31334530
vn 0.11300350 0.99358560 -0.00421799
vn 0.15278110 0.98822080 0.00884572
vn 0.07753269 0.94879620 0.30622610
vn 0.11300350 0.99358560 -0.00421799
vn 0.10939090 0.94416270 0.31079090
vn -0.38174700 -0.08769518 0.92009730
vn -0.38092930 -0.06069906 0.92260980
vn -0.37755550 -0.07296367 0.92310800
vn -0.37944230 -0.15096760 0.91281570
vn -0.38092930 -0.06069906 0.92260980
vn -0.38174700 -0.08769518 0.92009730
vn -0.38645680 -0.18904600 0.90272530
vn -0.37981850 -0.19242500 0.90482640
vn -0.38747360 -0.18566420 0.90299140
vn -0.37944230 -0.15096760 0.91281570
vn -0.37981850 -0.19242500 0.90482640
vn -0.38645680 -0.18904600 0.90272530
vn -0.95655330 -0.06643637 0.28388990
vn -0.99854770 -0.00085557 0.05388407
vn -0.99855460 -0.04771947 0.02475649
vn -0.94054220 -0.09801984 0.32522880
vn -0.99854770 -0.00085557 0.05388407
vn -0.94054230 -0.09801985 0.32522880
vn -0.07057963 -0.27949380 0.95755010
vn -0.01056271 0.16735460 0.98584030
vn -0.05441344 0.03918480 0.99774960
vn -0.03377855 -0.29386520 0.95525000
vn -0.01056271 0.16735460 0.98584030
vn -0.06678592 -0.29516240 0.95311030
vn -0.99486270 -0.02029393 -0.09918606
vn -0.94353420 -0.09696312 0.31676940
vn -0.93737440 0.27421300 0.21479710
vn -0.99197110 -0.09662722 0.08159716
vn -0.94353420 -0.09696312 0.31676940
vn -0.99486270 -0.02029393 -0.09918606
vn 0.98286220 -0.15538810 -0.09918533
vn 0.96697010 0.25158580 0.04092680
vn 0.93491040 0.34996510 -0.05889223
vn 0.95727790 0.28039570 0.07070148
vn 0.96697010 0.25158580 0.04092680
vn 0.98286220 -0.15538810 -0.09918533
vn -0.38924370 -0.13154910 0.91169300
vn -0.39418570 -0.18074480 0.90108220
vn -0.38559940 -0.13264920 0.91308130
vn -0.39903890 -0.18145900 0.89879960
vn -0.39418570 -0.18074480 0.90108220
vn -0.38924370 -0.13154910 0.91169300
vn -0.38785290 -0.18348220 0.90327440
vn -0.38645680 -0.18904600 0.90272530
vn -0.38785290 -0.18348210 0.90327450
vn -0.39903890 -0.18145900 0.89879960
vn -0.38645680 -0.18904600 0.90272530
vn -0.39418570 -0.18074480 0.90108220
vn -0.98760770 -0.08633891 0.13106540
vn -0.94353420 -0.09696312 0.31676940
vn -0.99197110 -0.09662722 0.08159716
vn -0.90391530 -0.11803610 0.41110350
vn -0.94353420 -0.09696312 0.31676940
vn -0.98760770 -0.08633891 0.13106540
vn 0.08740955 0.95015240 0.29928260
vn 0.10045000 0.99491940 0.00671104
vn 0.08740946 0.95015250 0.29928260
vn 0.14014200 0.98935820 0.03912448
vn 0.10045000 0.99491940 0.00671104
vn 0.12707670 0.94256690 0.30889960
vn -0.93104700 -0.09484476 0.35235970
vn -0.99854770 -0.00085557 0.05388407
vn -0.93535580 -0.12642670 0.33034380
vn -0.99222180 -0.04010265 0.11785120
vn -0.99854770 -0.00085557 0.05388407
vn -0.93104700 -0.09484476 0.35235970
vn -0.98760770 -0.08633891 0.13106540
vn -0.91122820 -0.11281070 0.39615450
vn -0.90391530 -0.11803610 0.41110350
vn -0.99222180 -0.04010265 0.11785120
vn -0.91122820 -0.11281070 0.39615450
vn -0.98760770 -0.08633891 0.13106540
vn -0.00232364 0.60971580 0.79261660
vn 0.20771060 0.59086470 0.77957370
vn 0.23639420 0.63973730 0.73133730
vn -0.00000152 0.60600240 0.79546280
vn 0.20771060 0.59086470 0.77957370
vn -0.00232364 0.60971580 0.79261660
vn -0.98760770 -0.08633891 0.13106540
vn -0.98575270 0.03290698 -0.16495610
vn -0.99222180 -0.04010265 0.11785120
vn -0.99381870 -0.00933593 -0.11062980
vn -0.98575270 0.03290698 -0.16495610
vn -0.98760770 -0.08633891 0.13106540
vn 0.90378150 0.06558408 -0.42294090
vn 0.95674070 0.12198460 -0.26413690
vn 0.96662880 0.08698061 -0.24096570
vn 0.88691750 0.04938724 -0.45928120
vn 0.95674070 0.12198460 -0.26413690
vn 0.90378150 0.06558408 -0.42294090
vn -0.30599950 0.03832834 -0.95125990
vn 0.00009448 0.05240436 -0.99862600
vn -0.00335262 0.04986297 -0.99875050
vn -0.30245360 0.05231823 -0.95172730
vn 0.00009448 0.05240436 -0.99862600
vn -0.30599950 0.03832834 -0.95125990
vn 0.90378150 0.06558408 -0.42294090
vn 0.99489150 -0.02039636 -0.09887517
vn 0.91619960 -0.06186452 -0.39591960
vn 0.96662880 0.08698061 -0.24096570
vn 0.99489150 -0.02039636 -0.09887517
vn 0.90378150 0.06558408 -0.42294090
vn 0.00009448 0.05240436 -0.99862600
vn 0.30767920 0.08951186 -0.94727050
vn -0.00335262 0.04986297 -0.99875050
vn 0.30646330 0.05020188 -0.95055780
vn 0.30767920 0.08951186 -0.94727050
vn 0.00009448 0.05240436 -0.99862600
vn -0.00594765 0.01369414 -0.99988850
vn 0.29426870 0.02305861 -0.95544460
vn 0.29308260 0.00609426 -0.95606770
vn -0.00335262 0.04986297 -0.99875050
vn 0.29426870 0.02305861 -0.95544460
vn -0.00594765 0.01369414 -0.99988850
vn -0.68965580 0.71808650 0.09341694
vn -0.82978980 0.55250880 -0.07863121
vn -0.81407860 0.57288250 0.09529766
vn -0.63538710 0.77038590 -0.05280959
vn -0.82978980 0.55250880 -0.07863121
vn -0.68965580 0.71808650 0.09341694
vn -0.93267070 0.21367700 -0.29063530
vn -0.89962820 0.13824730 -0.41419560
vn -0.96640080 0.16123950 -0.20018180
vn -0.85725900 0.05836866 -0.51156740
vn -0.89962820 0.13824730 -0.41419560
vn -0.93267070 0.21367700 -0.29063530
vn 0.01058492 -0.88900240 0.45778110
vn 0.21599710 -0.86720220 0.44867190
vn 0.17597970 -0.86310370 0.47337510
vn 0.03041718 -0.90213920 0.43037240
vn 0.21599710 -0.86720220 0.44867190
vn 0.01058492 -0.88900240 0.45778110
vn -0.30599950 0.03832834 -0.95125990
vn -0.00594765 0.01369414 -0.99988850
vn -0.31032900 0.02405132 -0.95032510
vn -0.00335262 0.04986297 -0.99875050
vn -0.00594765 0.01369414 -0.99988850
vn -0.30599950 0.03832834 -0.95125990
vn -0.99847900 0.05269675 -0.01625225
vn -0.95179890 0.02988758 -0.30526520
vn -0.97139540 -0.01408616 -0.23705240
vn -0.96640080 0.16123950 -0.20018180
vn -0.95179890 0.02988758 -0.30526520
vn -0.99847900 0.05269675 -0.01625225
vn -0.93267070 0.21367700 -0.29063530
vn -0.74996550 -0.17421450 -0.63812370
vn -0.85725900 0.05836866 -0.51156740
vn -0.91675160 -0.09128540 -0.38888890
vn -0.74996550 -0.17421450 -0.63812370
vn -0.93267070 0.21367700 -0.29063530
vn -0.30506470 -0.07205741 -0.94960170
vn 0.00009448 0.05240436 -0.99862600
vn -0.30261070 0.04876331 -0.95186610
vn 0.05312092 -0.23613930 -0.97026620
vn 0.00009448 0.05240436 -0.99862600
vn -0.30506470 -0.07205741 -0.94960170
vn -0.00594765 0.01369414 -0.99988850
vn 0.30577190 -0.01645738 -0.95196260
vn 0.00020256 0.00615441 -0.99998100
vn 0.29308260 0.00609426 -0.95606770
vn 0.30577190 -0.01645738 -0.95196260
vn -0.00594765 0.01369414 -0.99988850
vn 0.06057274 -0.90594040 0.41905060
vn 0.02539629 -0.90325120 0.42836040
vn 0.02446894 -0.90337330 0.42815690
vn 0.06001244 -0.90761920 0.41548340
vn 0.02539629 -0.90325120 0.42836040
vn 0.06057274 -0.90594040 0.41905060
vn -0.31983610 0.02645884 -0.94710350
vn -0.00594765 0.01369414 -0.99988850
vn 0.00020256 0.00615441 -0.99998100
vn -0.31032900 0.02405132 -0.95032510
vn -0.00594765 0.01369414 -0.99988850
vn -0.31983610 0.02645884 -0.94710350
vn -0.83136110 -0.41176970 -0.37320980
vn -0.74996550 -0.17421450 -0.63812370
vn -0.91675160 -0.09128540 -0.38888890
vn -0.51759920 -0.53666790 -0.66639260
vn -0.74996550 -0.17421450 -0.63812370
vn -0.83136110 -0.41176970 -0.37320980
vn -0.98297890 0.01866614 -0.18276930
vn -0.99528100 0.07742451 0.05849544
vn -0.99599480 0.07655893 0.04619784
vn -0.98483490 0.01800919 -0.17255820
vn -0.99528100 0.07742451 0.05849544
vn -0.98297890 0.01866614 -0.18276930
vn 0.02316443 0.03735595 0.99903390
vn -0.04915560 0.34090530 0.93881180
vn -0.02934335 0.04427163 0.99858890
vn 0.00854362 0.30131370 0.95348720
vn -0.04915560 0.34090530 0.93881180
vn 0.02316443 0.03735595 0.99903390
vn -0.45757450 -0.20547000 -0.86510560
vn -0.50421480 -0.26729900 -0.82116910
vn -0.45635580 -0.18470240 -0.87041630
vn -0.50356630 -0.29137190 -0.81334080
vn -0.50421480 -0.26729900 -0.82116910
vn -0.45757450 -0.20547000 -0.86510560
vn -0.98297890 0.01866614 -0.18276930
vn -0.99874750 0.02971067 0.04027591
vn -0.98064820 -0.01166240 -0.19543330
vn -0.99599480 0.07655893 0.04619784
vn -0.99874750 0.02971067 0.04027591
vn -0.98297890 0.01866614 -0.18276930
vn 0.82146670 -0.24696470 -0.51400570
vn 0.95674070 0.12198460 -0.26413690
vn 0.88691750 0.04938724 -0.45928120
vn 0.91947670 -0.22898200 -0.31957970
vn 0.95674070 0.12198460 -0.26413690
vn 0.82146670 -0.24696470 -0.51400570
vn 0.00009448 0.05240436 -0.99862600
vn 0.28028880 -0.15770140 -0.94687310
vn 0.30646330 0.05020188 -0.95055780
vn 0.05312092 -0.23613930 -0.97026620
vn 0.28028880 -0.15770140 -0.94687310
vn 0.00009448 0.05240436 -0.99862600
vn 0.37367190 -0.18797070 -0.90831520
vn 0.36434570 -0.29741260 -0.88249530
vn 0.36993940 -0.20757720 -0.90556990
vn 0.37467130 -0.20541000 -0.90411730
vn 0.36434570 -0.29741260 -0.88249530
vn 0.37367190 -0.18797070 -0.90831520
vn 0.82146670 -0.24696470 -0.51400570
vn 0.52983280 -0.81648930 -0.22939770
vn 0.91947670 -0.22898200 -0.31957970
vn 0.40364210 -0.59627210 -0.69392600
vn 0.52983280 -0.81648930 -0.22939770
vn 0.82146670 -0.24696470 -0.51400570
vn -0.45757450 -0.20547000 -0.86510560
vn -0.41523040 -0.13199700 -0.90008930
vn -0.41018700 -0.14203820 -0.90087280
vn -0.45635580 -0.18470240 -0.87041630
vn -0.41523040 -0.13199700 -0.90008930
vn -0.45757450 -0.20547000 -0.86510560
vn 0.01058492 -0.88900240 0.45778110
vn 0.02539629 -0.90325120 0.42836040
vn 0.03041718 -0.90213920 0.43037240
vn 0.02446894 -0.90337330 0.42815690
vn 0.02539629 -0.90325120 0.42836040
vn 0.01058492 -0.88900240 0.45778110
vn -0.99847900 0.05269675 -0.01625225
vn -0.97651640 0.00012769 -0.21544640
vn -0.99587150 -0.03065621 0.08544886
vn -0.97241100 -0.00291831 -0.23325890
vn -0.97651640 0.00012769 -0.21544640
vn -0.99847900 0.05269675 -0.01625225
vn 0.03025272 -0.21324270 0.97653150
vn 0.03960387 0.03409367 0.99863400
vn 0.05160876 -0.21666150 0.97488220
vn 0.02383451 0.03539070 0.99909010
vn 0.03960387 0.03409367 0.99863400
vn 0.03025272 -0.21324270 0.97653150
vn -0.31983610 0.02645884 -0.94710350
vn -0.04774178 0.05477264 -0.99735690
vn -0.32774370 0.06963789 -0.94219680
vn 0.00020256 0.00615441 -0.99998100
vn -0.04774178 0.05477264 -0.99735690
vn -0.31983610 0.02645884 -0.94710350
vn -0.30506470 -0.07205741 -0.94960170
vn -0.19750000 -0.50180380 -0.84213240
vn 0.05312092 -0.23613930 -0.97026620
vn -0.51759920 -0.53666790 -0.66639260
vn -0.19750000 -0.50180380 -0.84213240
vn -0.74996550 -0.17421450 -0.63812370
vn -0.99744020 -0.03537600 0.06215341
vn -0.97877480 -0.00153406 -0.20493640
vn -0.97713820 0.00645966 -0.21251040
vn -0.99587150 -0.03065621 0.08544886
vn -0.97877480 -0.00153406 -0.20493640
vn -0.99744020 -0.03537600 0.06215341
vn 0.40364210 -0.59627210 -0.69392600
vn 0.05312092 -0.23613930 -0.97026620
vn -0.19750000 -0.50180380 -0.84213240
vn 0.28028880 -0.15770140 -0.94687310
vn 0.05312092 -0.23613930 -0.97026620
vn 0.40364210 -0.59627210 -0.69392600
vn -0.97489370 -0.00686797 -0.22256770
vn -0.99874750 0.02971067 0.04027591
vn -0.99972430 0.01191462 0.02026785
vn -0.98064820 -0.01166240 -0.19543330
vn -0.99874750 0.02971067 0.04027591
vn -0.97489370 -0.00686797 -0.22256770
vn 0.00908748 0.28632150 0.95809130
vn 0.22847700 0.06449220 0.97141160
vn 0.14246820 0.29833190 0.94377020
vn 0.02383451 0.03539070 0.99909010
vn 0.22847700 0.06449220 0.97141160
vn 0.00908748 0.28632150 0.95809130
vn -0.38699180 -0.10999630 -0.91549900
vn -0.41523040 -0.13199700 -0.90008930
vn -0.38096630 -0.11444270 -0.91747900
vn -0.41018700 -0.14203820 -0.90087280
vn -0.41523040 -0.13199700 -0.90008930
vn -0.38699180 -0.10999630 -0.91549900
vn -0.96669890 -0.01939861 -0.25518280
vn -0.99992600 0.00047295 0.01221757
vn -0.96659260 -0.01364379 -0.25595700
vn -0.99972430 0.01191462 0.02026785
vn -0.99992600 0.00047295 0.01221757
vn -0.97489370 -0.00686797 -0.22256770
vn -0.26198380 -0.93847990 -0.22499070
vn -0.19750000 -0.50180380 -0.84213240
vn -0.51759920 -0.53666790 -0.66639260
vn -0.00608157 -0.99682000 -0.07945968
vn -0.00518778 -0.97496390 -0.22230450
vn -0.26198380 -0.93847990 -0.22499070
vn -0.00000081 -0.04087742 -0.99916420
vn -0.28687910 -0.29132260 -0.91259600
vn 0.00000016 -0.28955760 -0.95716060
vn -0.31947120 -0.07342534 -0.94474700
vn -0.28687910 -0.29132260 -0.91259600
vn -0.00000081 -0.04087742 -0.99916420
vn -0.99744020 -0.03537600 0.06215341
vn -0.97457530 0.01730821 -0.22339390
vn -0.99822410 -0.03353284 0.04925068
vn -0.97713820 0.00645966 -0.21251040
vn -0.97457530 0.01730821 -0.22339390
vn -0.99744020 -0.03537600 0.06215341
vn -0.96983780 -0.00741669 -0.24364100
vn -0.99992600 0.00047295 0.01221757
vn -0.99947260 -0.02408218 0.02181708
vn -0.96659260 -0.01364379 -0.25595700
vn -0.99992600 0.00047295 0.01221757
vn -0.96983780 -0.00741669 -0.24364100
vn 0.30462060 -0.86934070 -0.38917080
vn 0.52983280 -0.81648930 -0.22939770
vn 0.40364210 -0.59627210 -0.69392600
vn -0.00608157 -0.99682000 -0.07945968
vn 0.52983280 -0.81648930 -0.22939770
vn -0.00518778 -0.97496390 -0.22230450
vn 0.03960387 0.03409367 0.99863400
vn 0.04305055 0.28729320 0.95687520
vn 0.05829044 0.03291384 0.99775740
vn 0.02558497 0.28265120 0.95888200
vn 0.04305055 0.28729320 0.95687520
vn 0.03960387 0.03409367 0.99863400
vn -0.99853540 -0.03820784 0.03832135
vn -0.97457530 0.01730821 -0.22339390
vn -0.97171470 0.02653744 -0.23466500
vn -0.99822410 -0.03353284 0.04925068
vn -0.97457530 0.01730821 -0.22339390
vn -0.99853540 -0.03820784 0.03832135
vn -0.96983780 -0.00741669 -0.24364100
vn -0.99853540 -0.03820784 0.03832135
vn -0.97171470 0.02653744 -0.23466500
vn -0.99947260 -0.02408218 0.02181708
vn -0.99853540 -0.03820784 0.03832135
vn -0.96983780 -0.00741669 -0.24364100
vn 0.06667450 -0.90000420 0.43075170
vn 0.05208278 -0.88646920 0.45984790
vn 0.04423783 -0.88741800 0.45883860
vn 0.07057801 -0.90263780 0.42457510
vn 0.05208278 -0.88646920 0.45984790
vn 0.06667450 -0.90000420 0.43075170
vn -0.07783754 0.46757770 -0.88051830
vn -0.00121592 0.41690430 -0.90894960
vn 0.00000074 0.40344150 -0.91500540
vn -0.06248524 0.46161890 -0.88487500
vn -0.00121592 0.41690430 -0.90894960
vn -0.07783754 0.46757770 -0.88051830
vn -0.37138230 -0.01002130 -0.92842610
vn -0.35000630 0.12203580 -0.92876430
vn -0.37112490 -0.01332071 -0.92848750
vn -0.35934130 0.08399423 -0.92941860
vn -0.35000630 0.12203580 -0.92876430
vn -0.37138230 -0.01002130 -0.92842610
vn -0.94555920 -0.22879170 -0.23145720
vn -0.96629110 -0.23841440 -0.09715976
vn -0.96071890 -0.24673330 -0.12705010
vn -0.81125500 -0.26461820 -0.52138510
vn -0.96629110 -0.23841440 -0.09715976
vn -0.94555920 -0.22879170 -0.23145720
vn -0.38699180 -0.10999630 -0.91549900
vn -0.37138230 -0.01002130 -0.92842610
vn -0.37112490 -0.01332071 -0.92848750
vn -0.38081520 -0.09738067 -0.91950910
vn -0.37138230 -0.01002130 -0.92842610
vn -0.38699180 -0.10999630 -0.91549900
vn 0.00059552 0.06947527 -0.99758340
vn -0.34334070 -0.14655400 -0.92770620
vn -0.00039333 -0.48261450 -0.87583280
vn -0.32678460 0.08274461 -0.94146970
vn -0.34334070 -0.14655400 -0.92770620
vn 0.00059552 0.06947527 -0.99758340
vn 0.99217000 -0.12401610 -0.01479676
vn 0.95721390 -0.14523000 -0.25030190
vn 0.99161700 -0.12777440 -0.01926072
vn 0.95708130 -0.17205630 -0.23322200
vn 0.95721390 -0.14523000 -0.25030190
vn 0.99217000 -0.12401610 -0.01479676
vn -0.00039333 -0.48261450 -0.87583280
vn 0.18603200 -0.57008230 -0.80024870
vn 0.29194130 -0.64185310 -0.70908030
vn -0.34334070 -0.14655400 -0.92770620
vn 0.18603200 -0.57008230 -0.80024870
vn -0.00039333 -0.48261450 -0.87583280
vn 0.37367190 -0.18797070 -0.90831520
vn 0.37627690 -0.15698620 -0.91311070
vn 0.37874150 -0.15159980 -0.91300200
vn 0.37130900 -0.16774040 -0.91323220
vn 0.37627690 -0.15698620 -0.91311070
vn 0.37367190 -0.18797070 -0.90831520
vn 0.37627690 -0.15698620 -0.91311070
vn 0.36978460 -0.00933366 -0.92907080
vn 0.37874150 -0.15159980 -0.91300200
vn 0.37547620 -0.13539270 -0.91688970
vn 0.36978460 -0.00933366 -0.92907080
vn 0.37547620 -0.13539270 -0.91688970
vn 0.99331840 -0.11482780 0.01160204
vn 0.95771790 -0.13654970 -0.25324250
vn 0.96167450 -0.12919310 -0.24185260
vn 0.99161700 -0.12777440 -0.01926072
vn 0.95771790 -0.13654970 -0.25324250
vn 0.99331840 -0.11482780 0.01160204
vn 0.93028770 -0.31405290 -0.18956710
vn 0.91009280 -0.41422920 -0.01205809
vn 0.74295590 -0.66415900 -0.08312294
vn 0.99669050 -0.08077615 -0.00912872
vn 0.91009280 -0.41422920 -0.01205809
vn 0.93028770 -0.31405290 -0.18956710
vn 0.97018210 -0.08431219 -0.22724360
vn 0.99489150 -0.02039636 -0.09887517
vn 0.99195180 -0.09704094 0.08133925
vn 0.91619960 -0.06186452 -0.39591960
vn 0.99489150 -0.02039636 -0.09887517
vn 0.97018210 -0.08431219 -0.22724360
vn 0.93028770 -0.31405290 -0.18956710
vn 0.99217000 -0.12401610 -0.01479676
vn 0.99669050 -0.08077615 -0.00912872
vn 0.95708130 -0.17205630 -0.23322200
vn 0.99217000 -0.12401610 -0.01479676
vn 0.93028770 -0.31405290 -0.18956710
vn 0.97018210 -0.08431219 -0.22724360
vn 0.98769180 -0.08545899 0.13100770
vn 0.99303660 -0.05637859 -0.10344660
vn 0.99195180 -0.09704094 0.08133925
vn 0.98769180 -0.08545899 0.13100770
vn 0.97018210 -0.08431219 -0.22724360
vn -0.04774178 0.05477264 -0.99735690
vn 0.33176200 -0.00231559 -0.94336040
vn 0.34013480 0.05046462 -0.93902170
vn 0.00020256 0.00615441 -0.99998100
vn 0.33176200 -0.00231559 -0.94336040
vn -0.04774178 0.05477264 -0.99735690
vn -0.18168640 0.55729540 -0.81019260
vn -0.07783754 0.46757770 -0.88051830
vn -0.26692240 0.58011560 -0.76955720
vn -0.06248524 0.46161890 -0.88487500
vn -0.07783754 0.46757770 -0.88051830
vn -0.18168640 0.55729540 -0.81019260
vn -0.33547010 0.13137990 -0.93284480
vn -0.04774178 0.05477264 -0.99735690
vn -0.33592410 0.12503270 -0.93355340
vn -0.32774370 0.06963789 -0.94219680
vn -0.04774178 0.05477264 -0.99735690
vn -0.33547010 0.13137990 -0.93284480
vn -0.35000630 0.12203580 -0.92876430
vn -0.33547010 0.13137990 -0.93284480
vn -0.33592410 0.12503270 -0.93355340
vn -0.34401400 0.17160140 -0.92315100
vn -0.33547010 0.13137990 -0.93284480
vn -0.35000630 0.12203580 -0.92876430
vn 0.34760070 0.09342267 -0.93297710
vn 0.33908510 0.15059840 -0.92862350
vn 0.34054950 0.14689550 -0.92868080
vn 0.34013480 0.05046462 -0.93902170
vn 0.33908510 0.15059840 -0.92862350
vn -0.04774178 0.05477264 -0.99735690
vn -0.00000049 -0.01906249 -0.99981830
vn -0.07783754 0.46757770 -0.88051830
vn 0.00000074 0.40344150 -0.91500540
vn -0.10435040 0.01027139 -0.99448750
vn -0.07783754 0.46757770 -0.88051830
vn -0.00000049 -0.01906249 -0.99981830
vn 0.99331840 -0.11482780 0.01160204
vn 0.96619090 -0.10232820 -0.23665460
vn 0.99890950 -0.03986556 0.02433374
vn 0.96436510 -0.09270425 -0.24780490
vn 0.96619090 -0.10232820 -0.23665460
vn 0.99331840 -0.11482780 0.01160204
vn -0.63538710 0.77038590 -0.05280959
vn -0.47930710 0.87732700 0.02371033
vn -0.52446850 0.84042950 -0.13642170
vn -0.68965580 0.71808650 0.09341694
vn -0.47930710 0.87732700 0.02371033
vn -0.63538710 0.77038590 -0.05280959
vn 0.36978460 -0.00933366 -0.92907080
vn 0.35072810 0.14618500 -0.92499720
vn 0.34634360 0.16354920 -0.92374120
vn 0.35914950 0.11135080 -0.92661370
vn 0.35072810 0.14618500 -0.92499720
vn 0.36978460 -0.00933366 -0.92907080
vn 0.35072810 0.14618500 -0.92499720
vn 0.33908510 0.15059840 -0.92862350
vn 0.34634360 0.16354920 -0.92374120
vn 0.34054950 0.14689550 -0.92868080
vn 0.33908510 0.15059840 -0.92862350
vn 0.33250130 0.19993830 -0.92166580
vn 0.99850450 0.01000688 0.05376103
vn 0.96584650 0.07612301 -0.24768380
vn 0.96410390 0.11533100 -0.23917350
vn 0.99890950 -0.03986556 0.02433374
vn 0.96584650 0.07612301 -0.24768380
vn 0.99850450 0.01000688 0.05376103
vn 0.35686940 -0.38951420 -0.84907180
vn 0.36434570 -0.29741260 -0.88249530
vn 0.35686950 -0.38951430 -0.84907180
vn 0.18603200 -0.57008230 -0.80024870
vn 0.36434570 -0.29741260 -0.88249530
vn 0.29194130 -0.64185310 -0.70908030
vn 0.99850450 0.01000688 0.05376103
vn 0.97494950 0.09362922 -0.20176340
vn 0.99244160 -0.03363533 0.11802460
vn 0.95946480 0.13995390 -0.24462570
vn 0.97494950 0.09362922 -0.20176340
vn 0.99850450 0.01000688 0.05376103
vn -0.34334070 -0.14655400 -0.92770620
vn -0.50421480 -0.26729900 -0.82116910
vn -0.49912740 -0.31986050 -0.80533290
vn -0.56909680 -0.10648030 -0.81534700
vn -0.50421480 -0.26729900 -0.82116910
vn -0.34334070 -0.14655400 -0.92770620
vn -0.34334070 -0.14655400 -0.92770620
vn -0.54959280 0.05501585 -0.83361920
vn -0.56909680 -0.10648030 -0.81534700
vn -0.32678460 0.08274461 -0.94146970
vn -0.54959280 0.05501585 -0.83361920
vn -0.34334070 -0.14655400 -0.92770620
vn -0.96629110 -0.23841440 -0.09715976
vn -0.83623870 -0.14887700 -0.52776940
vn -0.98516980 -0.16225460 -0.05580311
vn -0.81125500 -0.26461820 -0.52138510
vn -0.83623870 -0.14887700 -0.52776940
vn -0.96629110 -0.23841440 -0.09715976
vn 0.07228617 -0.21983560 0.97285550
vn 0.03960387 0.03409367 0.99863400
vn 0.05829044 0.03291384 0.99775740
vn 0.05160876 -0.21666150 0.97488220
vn 0.03960387 0.03409367 0.99863400
vn 0.07228617 -0.21983560 0.97285550
vn -0.98398770 0.02366533 -0.17665920
vn -0.99528100 0.07742451 0.05849544
vn -0.98478960 0.02180371 -0.17237970
vn -0.99660780 0.02297000 0.07902908
vn -0.99528100 0.07742451 0.05849544
vn -0.98398770 0.02366533 -0.17665920
vn -0.30549950 0.08946991 -0.94797960
vn -0.00000081 -0.04087742 -0.99916420
vn -0.00000083 0.09689740 -0.99529440
vn -0.31947120 -0.07342534 -0.94474700
vn -0.00000081 -0.04087742 -0.99916420
vn -0.30549950 0.08946991 -0.94797960
vn -0.98398770 0.02366533 -0.17665920
vn -0.99601630 0.04401942 0.07754781
vn -0.99660780 0.02297000 0.07902908
vn -0.98257730 0.05304970 -0.17812230
vn -0.99601630 0.04401942 0.07754781
vn -0.98398770 0.02366533 -0.17665920
vn -0.25747280 0.15278750 -0.95412980
vn -0.54959280 0.05501585 -0.83361920
vn -0.32678460 0.08274461 -0.94146970
vn -0.50004000 0.05460951 -0.86427880
vn -0.54959280 0.05501585 -0.83361920
vn -0.25747280 0.15278750 -0.95412980
vn 0.00059552 0.06947527 -0.99758340
vn -0.25747280 0.15278750 -0.95412980
vn -0.32678460 0.08274461 -0.94146970
vn 0.00032731 0.22881550 -0.97346970
vn -0.25747280 0.15278750 -0.95412980
vn 0.00059552 0.06947527 -0.99758340
vn -0.97755210 0.10871050 -0.18048260
vn -0.99601630 0.04401942 0.07754781
vn -0.98257730 0.05304970 -0.17812230
vn -0.98994260 0.10907120 0.09009617
vn -0.99601630 0.04401942 0.07754781
vn -0.97755210 0.10871050 -0.18048260
vn -0.25747280 0.15278750 -0.95412980
vn -0.42630560 0.12206620 -0.89630540
vn -0.50004000 0.05460951 -0.86427880
vn -0.16758330 0.16165980 -0.97251320
vn -0.42630560 0.12206620 -0.89630540
vn -0.25747280 0.15278750 -0.95412980
vn -0.97755210 0.10871050 -0.18048260
vn -0.99554940 0.07727146 0.05394738
vn -0.98994260 0.10907120 0.09009617
vn -0.97593950 0.09488084 -0.19631470
vn -0.99554940 0.07727146 0.05394738
vn -0.97755210 0.10871050 -0.18048260
vn -0.96195050 -0.15626620 -0.22412550
vn -0.99554940 0.07727146 0.05394738
vn -0.97593950 0.09488084 -0.19631470
vn -0.98841870 -0.14998580 -0.02308290
vn -0.99554940 0.07727146 0.05394738
vn -0.96195050 -0.15626620 -0.22412550
vn -0.29706610 0.06798033 -0.95243390
vn -0.10270730 0.10265940 -0.98939990
vn -0.30320860 0.05284422 -0.95145770
vn -0.16758330 0.16165980 -0.97251320
vn -0.10270730 0.10265940 -0.98939990
vn -0.42630560 0.12206620 -0.89630540
vn -0.10270730 0.10265940 -0.98939990
vn -0.24989900 -0.01998725 -0.96806560
vn -0.30320860 0.05284422 -0.95145770
vn -0.07287926 0.01971330 -0.99714610
vn -0.24989900 -0.01998725 -0.96806560
vn -0.10270730 0.10265940 -0.98939990
vn -0.96195050 -0.15626620 -0.22412550
vn -0.94504410 -0.32684230 0.00811212
vn -0.98841870 -0.14998580 -0.02308290
vn -0.91383150 -0.34707410 -0.21083510
vn -0.94504410 -0.32684230 0.00811212
vn -0.96195050 -0.15626620 -0.22412550
vn -0.25747280 0.15278750 -0.95412980
vn 0.00008260 0.19655210 -0.98049340
vn -0.16758330 0.16165980 -0.97251320
vn 0.00032731 0.22881550 -0.97346970
vn 0.00008260 0.19655210 -0.98049340
vn -0.25747280 0.15278750 -0.95412980
vn 0.00008260 0.19655210 -0.98049340
vn -0.10270730 0.10265940 -0.98939990
vn -0.16758330 0.16165980 -0.97251320
vn -0.00000024 0.14367520 -0.98962490
vn -0.10270730 0.10265940 -0.98939990
vn 0.00008260 0.19655210 -0.98049340
vn -0.50350310 -0.42962820 0.74960270
vn 0.00000091 -0.10496130 0.99447640
vn 0.00000081 -0.51053110 0.85985920
vn -0.59519230 -0.07838272 0.79975140
vn 0.00000091 -0.10496130 0.99447640
vn -0.50350310 -0.42962820 0.74960270
vn 0.00000134 -0.82916300 0.55900700
vn -0.50350310 -0.42962820 0.74960270
vn 0.00000081 -0.51053110 0.85985920
vn -0.31640680 -0.79824510 0.51253440
vn -0.50350310 -0.42962820 0.74960270
vn 0.00000134 -0.82916300 0.55900700
vn -0.82956970 -0.55000930 -0.09646215
vn -0.83136110 -0.41176970 -0.37320980
vn -0.91675160 -0.09128540 -0.38888890
vn -0.83131690 -0.55217150 -0.06340306
vn -0.83136110 -0.41176970 -0.37320980
vn -0.82956970 -0.55000930 -0.09646215
vn -0.90789360 -0.12996940 0.39854370
vn -0.96629110 -0.23841440 -0.09715976
vn -0.98516980 -0.16225460 -0.05580311
vn -0.90780830 -0.29831020 0.29478030
vn -0.96629110 -0.23841440 -0.09715976
vn -0.90789360 -0.12996940 0.39854370
vn -0.90789360 -0.12996940 0.39854370
vn -0.50350310 -0.42962820 0.74960270
vn -0.90780830 -0.29831020 0.29478030
vn -0.59519230 -0.07838272 0.79975140
vn -0.50350310 -0.42962820 0.74960270
vn -0.90789360 -0.12996940 0.39854370
vn -0.32435330 -0.93240860 0.15940550
vn 0.00501151 -0.98947090 0.14464840
vn -0.17205990 -0.97598840 0.13357800
vn 0.00410474 -0.97899690 0.20383630
vn 0.00501151 -0.98947090 0.14464840
vn -0.32435330 -0.93240860 0.15940550
vn -0.96154400 0.22629050 0.15565030
vn -0.96645400 0.25354120 0.04104575
vn -0.97886110 0.14827970 0.14087440
vn -0.94519300 0.27895020 0.16970050
vn -0.96645400 0.25354120 0.04104575
vn -0.96154400 0.22629050 0.15565030
vn -0.48905210 0.85656520 0.16469620
vn -0.74660850 0.66447940 -0.03230895
vn -0.00374132 0.98908710 -0.14728790
vn -0.69088760 0.71773370 0.08679586
vn -0.74660850 0.66447940 -0.03230895
vn -0.48905210 0.85656520 0.16469620
vn -0.07783754 0.46757770 -0.88051830
vn -0.35946170 0.07496679 -0.93014360
vn -0.26692240 0.58011560 -0.76955720
vn -0.10435040 0.01027139 -0.99448750
vn -0.35946170 0.07496679 -0.93014360
vn -0.07783754 0.46757770 -0.88051830
vn -0.12996380 -0.41940410 -0.89844840
vn -0.35946170 0.07496679 -0.93014360
vn -0.10435040 0.01027139 -0.99448750
vn -0.36089910 -0.31516870 -0.87773600
vn -0.35946170 0.07496679 -0.93014360
vn -0.12996380 -0.41940410 -0.89844840
vn -0.98145160 -0.06563301 -0.18012480
vn -0.98047800 -0.19300920 -0.03755371
vn -0.99767030 -0.06645266 -0.01542954
vn -0.98142550 -0.05308012 -0.18435430
vn -0.98047800 -0.19300920 -0.03755371
vn -0.98142550 -0.05308012 -0.18435450
vn -0.55702250 0.14960690 0.81691130
vn -0.55870350 0.02990487 0.82882850
vn -0.57455490 0.08179371 0.81436900
vn -0.54109040 -0.02207826 0.84067480
vn -0.55870350 0.02990487 0.82882850
vn -0.55702250 0.14960690 0.81691130
vn -0.47789100 -0.87659290 0.05662279
vn -0.32435330 -0.93240860 0.15940550
vn -0.17205990 -0.97598840 0.13357800
vn -0.69907590 -0.71462560 0.02458001
vn -0.32435330 -0.93240860 0.15940550
vn -0.47789100 -0.87659290 0.05662279
vn -0.93267070 0.21367700 -0.29063530
vn -0.96187520 0.25354810 -0.10252280
vn -0.91675160 -0.09128540 -0.38888890
vn -0.93399570 0.35250710 -0.05824240
vn -0.96187520 0.25354810 -0.10252280
vn -0.93267070 0.21367700 -0.29063530
vn -0.83623870 -0.14887700 -0.52776940
vn -0.30549950 0.08946991 -0.94797960
vn -0.57008870 0.07000281 -0.81859540
vn -0.31947120 -0.07342534 -0.94474700
vn -0.30549950 0.08946991 -0.94797960
vn -0.83623870 -0.14887700 -0.52776940
vn 0.41833070 0.40157900 -0.81469950
vn 0.16834600 0.05803115 -0.98401900
vn 0.57335000 0.13603880 -0.80793830
vn 0.10572270 0.34616620 -0.93219790
vn 0.16834600 0.05803115 -0.98401900
vn 0.41833070 0.40157900 -0.81469950
vn -0.68965580 0.71808650 0.09341694
vn -0.43303360 0.79293450 0.42864530
vn -0.47930710 0.87732700 0.02371033
vn -0.52929370 0.68186630 0.50488270
vn -0.43303360 0.79293450 0.42864530
vn -0.68965580 0.71808650 0.09341694
vn -0.02275312 0.38125470 -0.92419090
vn 0.16834600 0.05803115 -0.98401900
vn 0.10572270 0.34616620 -0.93219790
vn 0.01009531 0.38292350 -0.92372580
vn 0.16834600 0.05803115 -0.98401900
vn -0.02275312 0.38125470 -0.92419090
vn 0.06373373 0.93306630 -0.35401470
vn 0.01010614 0.99972280 -0.02128166
vn 0.02193616 0.95037440 -0.31033550
vn 0.05406014 0.99831580 -0.02107151
vn 0.01010614 0.99972280 -0.02128166
vn 0.06373373 0.93306630 -0.35401470
vn -0.90789360 -0.12996940 0.39854370
vn -0.99913820 0.03620185 -0.02030752
vn -0.98818220 0.05182348 0.14425740
vn -0.98516980 -0.16225460 -0.05580311
vn -0.99913820 0.03620185 -0.02030752
vn -0.90789360 -0.12996940 0.39854370
vn 0.01010614 0.99972280 -0.02128166
vn -0.14913040 0.94855170 -0.27930410
vn 0.02193616 0.95037440 -0.31033550
vn -0.17385240 0.98432950 -0.02952387
vn -0.14913040 0.94855170 -0.27930410
vn 0.01010614 0.99972280 -0.02128166
vn -0.02275312 0.38125470 -0.92419090
vn -0.08147441 0.43816370 -0.89519610
vn 0.01009531 0.38292350 -0.92372580
vn -0.09958336 0.44316650 -0.89089180
vn -0.08147441 0.43816370 -0.89519610
vn -0.02275312 0.38125470 -0.92419090
vn 0.09450798 0.95192050 0.29140410
vn 0.01010614 0.99972280 -0.02128166
vn 0.05406014 0.99831580 -0.02107151
vn 0.14314880 0.95371570 0.26445370
vn 0.01010614 0.99972280 -0.02128166
vn 0.09450798 0.95192050 0.29140410
vn 0.06373373 0.93306630 -0.35401470
vn -0.08749984 0.91631950 -0.39077240
vn 0.05406014 0.99831580 -0.02107151
vn -0.05475339 0.90430740 -0.42335680
vn -0.08749984 0.91631950 -0.39077240
vn 0.06373373 0.93306630 -0.35401470
vn -0.02208501 0.93715630 0.34821160
vn 0.09450798 0.95192050 0.29140410
vn 0.05406014 0.99831580 -0.02107151
vn -0.00840392 0.93452360 0.35580320
vn 0.09450798 0.95192050 0.29140410
vn -0.02208501 0.93715630 0.34821160
vn -0.02866307 0.05253847 0.99820760
vn -0.04915560 0.34090530 0.93881180
vn -0.06318375 0.36722320 0.92798470
vn -0.02934335 0.04427163 0.99858890
vn -0.04915560 0.34090530 0.93881180
vn -0.02866307 0.05253847 0.99820760
vn 0.22847700 0.06449220 0.97141160
vn 0.29401560 0.38487590 0.87488670
vn 0.14246820 0.29833190 0.94377020
vn 0.36299180 0.14449880 0.92052070
vn 0.29401560 0.38487590 0.87488670
vn 0.22847700 0.06449220 0.97141160
vn -0.00185491 -0.26458500 0.96436090
vn -0.02866307 0.05253847 0.99820760
vn -0.00794832 -0.26973380 0.96290240
vn -0.02934335 0.04427163 0.99858890
vn -0.02866307 0.05253847 0.99820760
vn -0.00185491 -0.26458500 0.96436090
vn 0.23060580 0.22007830 0.94783320
vn 0.29401560 0.38487590 0.87488670
vn 0.36299180 0.14449880 0.92052070
vn 0.15063520 0.39987970 0.90410540
vn 0.29401560 0.38487590 0.87488670
vn 0.23060580 0.22007830 0.94783320
vn -0.00559351 -0.87239440 0.48877060
vn 0.05208278 -0.88646920 0.45984790
vn 0.04689265 -0.86685080 0.49635800
vn 0.04423783 -0.88741800 0.45883860
vn 0.05208278 -0.88646920 0.45984790
vn -0.00559351 -0.87239440 0.48877060
vn -0.71626660 -0.40828960 -0.56591670
vn -0.30267520 -0.02810650 -0.95267930
vn -0.44958780 -0.05285442 -0.89167150
vn -0.84570960 -0.25550790 -0.46849860
vn -0.30267520 -0.02810650 -0.95267930
vn -0.71626660 -0.40828960 -0.56591670
vn -0.11431670 0.91800400 0.37973750
vn -0.18483390 0.98156080 0.04873523
vn -0.15521670 0.91205080 0.37956710
vn -0.13662430 0.98967060 0.04342949
vn -0.18483390 0.98156080 0.04873523
vn -0.11431670 0.91800400 0.37973750
vn 0.23060580 0.22007830 0.94783320
vn 0.02705092 0.44123620 0.89698400
vn 0.15063520 0.39987970 0.90410540
vn 0.06115114 0.26079200 0.96345710
vn 0.02705092 0.44123620 0.89698400
vn 0.23060580 0.22007830 0.94783320
vn -0.13066440 0.96137510 0.24225140
vn 0.01010614 0.99972280 -0.02128166
vn -0.06924269 0.95882840 0.27541660
vn -0.17385240 0.98432950 -0.02952387
vn 0.01010614 0.99972280 -0.02128166
vn -0.13066440 0.96137510 0.24225140
vn -0.49029970 0.10109740 0.86567060
vn -0.90789360 -0.12996940 0.39854370
vn -0.66338610 0.05571881 0.74619990
vn -0.59519230 -0.07838272 0.79975140
vn -0.90789360 -0.12996940 0.39854370
vn -0.49029970 0.10109740 0.86567060
vn -0.37872510 0.82512620 -0.41920710
vn -0.25811850 0.96600610 -0.01439441
vn -0.24634510 0.88938720 -0.38510380
vn -0.36944040 0.83777870 -0.40204610
vn -0.25811850 0.96600610 -0.01439441
vn -0.37872510 0.82512620 -0.41920710
vn 0.75007120 0.47961260 0.45537450
vn 0.51998020 0.19459410 0.83171760
vn 0.49759970 0.37324210 0.78299760
vn 0.52417530 0.21784460 0.82327660
vn 0.51998020 0.19459410 0.83171760
vn 0.75007120 0.47961260 0.45537450
vn -0.08507992 0.27675860 0.95716650
vn 0.02705092 0.44123620 0.89698400
vn 0.06115114 0.26079200 0.96345710
vn -0.05846143 0.50230830 0.86271100
vn 0.02705092 0.44123620 0.89698400
vn -0.08507992 0.27675860 0.95716650
vn -0.34671120 -0.07783496 -0.93473710
vn -0.41817200 0.11887860 -0.90055580
vn -0.41325350 0.11077140 -0.90385390
vn -0.44958780 -0.05285442 -0.89167150
vn -0.41817200 0.11887860 -0.90055580
vn -0.34671120 -0.07783496 -0.93473710
vn -0.12996380 -0.41940410 -0.89844840
vn -0.44392740 -0.44518740 -0.77764830
vn -0.36089910 -0.31516870 -0.87773600
vn -0.19084520 -0.52055460 -0.83222650
vn -0.44392740 -0.44518740 -0.77764830
vn -0.12996380 -0.41940410 -0.89844840
vn 0.00000070 0.11389400 0.99349300
vn -0.20835590 0.59044750 0.77971770
vn -0.27749850 0.10622090 0.95483600
vn -0.00000152 0.60600240 0.79546280
vn -0.20835590 0.59044750 0.77971770
vn 0.00000070 0.11389400 0.99349300
vn -0.00185491 -0.26458500 0.96436090
vn 0.02316443 0.03735595 0.99903390
vn -0.02934335 0.04427163 0.99858890
vn 0.02020987 -0.23026710 0.97291800
vn 0.02316443 0.03735595 0.99903390
vn 0.02020985 -0.23026710 0.97291800
vn -0.96071890 -0.24673330 -0.12705010
vn -0.95113780 -0.21739360 -0.21926430
vn -0.94555920 -0.22879170 -0.23145720
vn -0.98047800 -0.19300920 -0.03755371
vn -0.95113780 -0.21739360 -0.21926430
vn -0.96071890 -0.24673330 -0.12705010
vn -0.19037920 0.98124450 -0.03026408
vn -0.14913040 0.94855170 -0.27930410
vn -0.17385240 0.98432950 -0.02952387
vn -0.17472120 0.95778060 -0.22831960
vn -0.14913040 0.94855170 -0.27930410
vn -0.19037920 0.98124450 -0.03026408
vn 0.65352820 0.75283430 0.07837427
vn 0.45575190 0.85539900 0.24613730
vn -0.00374132 0.98908710 -0.14728790
vn 0.64705810 0.73105840 0.21649550
vn 0.45575190 0.85539900 0.24613730
vn 0.65352820 0.75283430 0.07837427
vn -0.55410130 0.11096580 0.82502020
vn -0.20835590 0.59044750 0.77971770
vn -0.52929370 0.68186630 0.50488270
vn -0.27749850 0.10622090 0.95483600
vn -0.20835590 0.59044750 0.77971770
vn -0.55410130 0.11096580 0.82502020
vn -0.13066440 0.96137510 0.24225140
vn -0.19037920 0.98124450 -0.03026408
vn -0.17385240 0.98432950 -0.02952387
vn -0.14827760 0.97410980 0.17065950
vn -0.19037920 0.98124450 -0.03026408
vn -0.14827760 0.97410980 0.17065950
vn -0.26198380 -0.93847990 -0.22499070
vn 0.00192681 -0.99884930 0.04792808
vn -0.00608157 -0.99682000 -0.07945968
vn -0.11964940 -0.99257510 0.02189322
vn 0.00192681 -0.99884930 0.04792808
vn -0.11962920 -0.99276750 0.01012085
vn -0.09747855 -0.99410860 0.04740087
vn 0.00192681 -0.99884930 0.04792808
vn -0.11964940 -0.99257510 0.02189322
vn 0.00625806 -0.99710890 0.07573232
vn 0.00192681 -0.99884930 0.04792808
vn -0.09747855 -0.99410860 0.04740087
vn -0.08507992 0.27675860 0.95716650
vn -0.12167560 0.50377360 0.85522430
vn -0.05846143 0.50230830 0.86271100
vn -0.11407570 0.51721490 0.84821990
vn -0.12167560 0.50377360 0.85522430
vn -0.08507992 0.27675860 0.95716650
vn -0.26956770 0.94962130 0.15985490
vn -0.19037920 0.98124450 -0.03026408
vn -0.17904560 0.96895660 0.17048940
vn -0.32446230 0.94520330 -0.03627356
vn -0.19037920 0.98124450 -0.03026408
vn -0.26956770 0.94962130 0.15985490
vn -0.00000024 -0.53700700 -0.84357780
vn -0.28687910 -0.29132260 -0.91259600
vn -0.19084520 -0.52055460 -0.83222650
vn 0.00000016 -0.28955760 -0.95716060
vn -0.28687910 -0.29132260 -0.91259600
vn -0.00000024 -0.53700700 -0.84357780
vn -0.28363450 0.40467320 0.86936330
vn -0.12167560 0.50377360 0.85522430
vn -0.11407570 0.51721490 0.84821990
vn -0.28317080 0.39623050 0.87339400
vn -0.12167560 0.50377360 0.85522430
vn -0.28363450 0.40467320 0.86936330
vn -0.28687910 -0.29132260 -0.91259600
vn -0.44392740 -0.44518740 -0.77764830
vn -0.19084520 -0.52055460 -0.83222650
vn -0.81125500 -0.26461820 -0.52138510
vn -0.44392740 -0.44518740 -0.77764830
vn -0.28687910 -0.29132260 -0.91259600
vn -0.81544770 0.39974630 0.41862630
vn -0.49029970 0.10109740 0.86567060
vn -0.66338610 0.05571881 0.74619990
vn -0.33803480 0.41849990 0.84296520
vn -0.49029970 0.10109740 0.86567060
vn -0.81544770 0.39974630 0.41862630
vn -0.24589510 0.91695590 -0.31420940
vn -0.25811850 0.96600610 -0.01439441
vn -0.24557920 0.96910790 0.02282335
vn -0.24634510 0.88938720 -0.38510380
vn -0.25811850 0.96600610 -0.01439441
vn -0.24589510 0.91695590 -0.31420940
vn -0.19037920 0.98124450 -0.03026408
vn -0.31783620 0.92006060 -0.22906200
vn -0.17472120 0.95778060 -0.22831960
vn -0.32446230 0.94520330 -0.03627356
vn -0.31783620 0.92006060 -0.22906200
vn -0.19037920 0.98124450 -0.03026408
vn -0.16770420 0.43860230 -0.88289570
vn -0.08147441 0.43816370 -0.89519610
vn -0.11412330 0.43756890 -0.89191420
vn -0.15989370 0.45327760 -0.87691210
vn -0.08147441 0.43816370 -0.89519610
vn -0.16770420 0.43860230 -0.88289570
vn -0.20272610 0.91290030 0.35428160
vn -0.25811850 0.96600610 -0.01439441
vn -0.16715100 0.92250600 0.34791300
vn -0.24557920 0.96910790 0.02282335
vn -0.25811850 0.96600610 -0.01439441
vn -0.20272610 0.91290030 0.35428160
vn -0.16770420 0.43860230 -0.88289570
vn -0.32068220 0.33121760 -0.88738910
vn -0.15989370 0.45327760 -0.87691210
vn -0.32037640 0.32282370 -0.89058720
vn -0.32068220 0.33121760 -0.88738910
vn -0.16770420 0.43860230 -0.88289570
vn -0.26956770 0.94962130 0.15985490
vn -0.65052700 0.75792060 -0.04869983
vn -0.32446230 0.94520330 -0.03627356
vn -0.42339200 0.89307680 0.15216350
vn -0.65052700 0.75792060 -0.04869983
vn -0.42339200 0.89307680 0.15216350
vn 0.00501151 -0.98947090 0.14464840
vn 0.31727560 -0.92938630 0.18862170
vn 0.17646040 -0.97279610 0.15010130
vn 0.00410474 -0.97899690 0.20383630
vn 0.31727560 -0.92938630 0.18862170
vn 0.00501151 -0.98947090 0.14464840
vn -0.65052700 0.75792060 -0.04869983
vn -0.31783620 0.92006060 -0.22906200
vn -0.32446230 0.94520330 -0.03627356
vn -0.63342290 0.73182560 -0.25141090
vn -0.31783620 0.92006060 -0.22906200
vn -0.65052700 0.75792060 -0.04869983
vn -0.28363450 0.40467320 0.86936330
vn -0.55479970 0.10132620 0.82579140
vn -0.28317080 0.39623050 0.87339400
vn -0.50830760 0.11965730 0.85282280
vn -0.55479970 0.10132620 0.82579140
vn -0.28363450 0.40467320 0.86936330
vn -0.88413260 0.44540800 0.14114430
vn -0.65052700 0.75792060 -0.04869983
vn -0.80477450 0.57401650 0.15114050
vn -0.92694810 0.37117260 -0.05476019
vn -0.65052700 0.75792060 -0.04869983
vn -0.88413260 0.44540800 0.14114430
vn -0.77098310 -0.38704850 0.50574640
vn -0.55479970 0.10132620 0.82579140
vn -0.50830760 0.11965730 0.85282280
vn -0.89565870 -0.20415970 0.39511410
vn -0.55479970 0.10132620 0.82579140
vn -0.77098310 -0.38704850 0.50574640
vn -0.28687910 -0.29132260 -0.91259600
vn -0.83623870 -0.14887700 -0.52776940
vn -0.81125500 -0.26461820 -0.52138510
vn -0.31947120 -0.07342534 -0.94474700
vn -0.83623870 -0.14887700 -0.52776940
vn -0.28687910 -0.29132260 -0.91259600
vn -0.55743250 0.04120506 -0.82919990
vn -0.32068220 0.33121760 -0.88738910
vn -0.32037640 0.32282370 -0.89058720
vn -0.51829830 0.05681017 -0.85331170
vn -0.32068220 0.33121760 -0.88738910
vn -0.55743250 0.04120506 -0.82919990
vn -0.71626660 -0.40828960 -0.56591670
vn -0.34671120 -0.07783496 -0.93473710
vn -0.38121720 -0.27268920 -0.88335380
vn -0.44958780 -0.05285442 -0.89167150
vn -0.34671120 -0.07783496 -0.93473710
vn -0.71626660 -0.40828960 -0.56591670
vn 0.00000070 0.11389400 0.99349300
vn -0.30784040 -0.17990100 0.93427500
vn 0.00000135 -0.14986990 0.98870580
vn -0.27749850 0.10622090 0.95483600
vn -0.30784040 -0.17990100 0.93427500
vn 0.00000070 0.11389400 0.99349300
vn -0.65052700 0.75792060 -0.04869983
vn -0.90656820 0.32623830 -0.26777450
vn -0.63342290 0.73182560 -0.25141090
vn -0.92694810 0.37117260 -0.05476019
vn -0.90656820 0.32623830 -0.26777450
vn -0.65052700 0.75792060 -0.04869983
vn -0.89018330 0.44393200 0.10246600
vn -0.96645400 0.25354120 0.04104575
vn -0.92977030 0.36639400 -0.03583199
vn -0.97886110 0.14827970 0.14087440
vn -0.96645400 0.25354120 0.04104575
vn -0.89018330 0.44393200 0.10246600
vn -0.81544770 0.39974630 0.41862630
vn -0.99913820 0.03620185 -0.02030752
vn -0.93902490 0.34360340 -0.01300043
vn -0.98818220 0.05182348 0.14425740
vn -0.99913820 0.03620185 -0.02030752
vn -0.81544770 0.39974630 0.41862630
vn -0.50063630 -0.77518990 -0.38528430
vn -0.71626660 -0.40828960 -0.56591670
vn -0.41333020 -0.82516110 -0.38505500
vn -0.49348630 -0.81057130 -0.31534960
vn -0.71626660 -0.40828960 -0.56591670
vn -0.50063630 -0.77518990 -0.38528430
vn -0.55743250 0.04120506 -0.82919990
vn -0.74726250 -0.40200220 -0.52914460
vn -0.51829830 0.05681017 -0.85331170
vn -0.86494590 -0.22078900 -0.45069000
vn -0.74726250 -0.40200220 -0.52914460
vn -0.55743250 0.04120506 -0.82919990
vn -0.20272610 0.91290030 0.35428160
vn -0.18483390 0.98156080 0.04873523
vn -0.24557920 0.96910790 0.02282335
vn -0.15521670 0.91205080 0.37956710
vn -0.18483390 0.98156080 0.04873523
vn -0.20272610 0.91290030 0.35428160
vn -0.47789100 -0.87659290 0.05662279
vn -0.82956970 -0.55000930 -0.09646215
vn -0.69907590 -0.71462560 0.02458001
vn -0.83131690 -0.55217150 -0.06340306
vn -0.82956970 -0.55000930 -0.09646215
vn -0.47789100 -0.87659290 0.05662279
vn -0.88413260 0.44540800 0.14114430
vn -0.99340890 0.10259030 -0.05113179
vn -0.92694810 0.37117260 -0.05476019
vn -0.89565870 -0.20415970 0.39511410
vn -0.99340890 0.10259030 -0.05113179
vn -0.97517940 0.04749777 0.21626290
vn -0.99340890 0.10259030 -0.05113179
vn -0.90656820 0.32623830 -0.26777450
vn -0.92694810 0.37117260 -0.05476019
vn -0.86494590 -0.22078900 -0.45069000
vn -0.90656820 0.32623830 -0.26777450
vn -0.99340890 0.10259030 -0.05113179
vn -0.08636710 0.11489380 0.98961630
vn -0.03563379 0.34056050 0.93954740
vn -0.03302327 0.33070150 0.94315770
vn -0.01259905 0.06279437 0.99794720
vn -0.03563379 0.34056050 0.93954740
vn -0.08636710 0.11489380 0.98961630
vn -0.77098310 -0.38704850 0.50574640
vn -0.78560610 -0.61826500 -0.02391948
vn -0.89565870 -0.20415970 0.39511410
vn -0.69781180 -0.71601100 -0.01969226
vn -0.78560610 -0.61826500 -0.02391948
vn -0.77098310 -0.38704850 0.50574640
vn -0.74726250 -0.40200220 -0.52914460
vn -0.78560610 -0.61826500 -0.02391948
vn -0.69781180 -0.71601100 -0.01969226
vn -0.86494590 -0.22078900 -0.45069000
vn -0.78560610 -0.61826500 -0.02391948
vn -0.74726250 -0.40200220 -0.52914460
vn -0.68965580 0.71808650 0.09341694
vn -0.91059790 0.35154700 0.21731580
vn -0.52929370 0.68186630 0.50488270
vn -0.81407860 0.57288250 0.09529766
vn -0.91059790 0.35154700 0.21731580
vn -0.68965580 0.71808650 0.09341694
vn -0.14790340 0.92906050 0.33907430
vn -0.25811850 0.96600610 -0.01439441
vn -0.13138960 0.92219330 0.36372630
vn -0.16715100 0.92250600 0.34791300
vn -0.25811850 0.96600610 -0.01439441
vn -0.14790340 0.92906050 0.33907430
vn -0.41333020 -0.82516110 -0.38505500
vn -0.21825150 -0.90825770 -0.35697970
vn -0.50063630 -0.77518990 -0.38528430
vn -0.12134620 -0.95397250 -0.27424800
vn -0.21825150 -0.90825770 -0.35697970
vn -0.41333020 -0.82516110 -0.38505500
vn -0.96645400 0.25354120 0.04104575
vn -0.94777200 0.31891440 -0.00479440
vn -0.92977030 0.36639400 -0.03583199
vn -0.93399570 0.35250710 -0.05824240
vn -0.94777200 0.31891440 -0.00479440
vn -0.96645400 0.25354120 0.04104575
vn 0.14866570 0.17782450 -0.97276850
vn -0.09754616 0.09637216 -0.99055470
vn -0.02208009 0.21442620 -0.97649130
vn 0.57335000 0.13603880 -0.80793830
vn 0.67584890 0.09846472 -0.73043410
vn 0.41833070 0.40157900 -0.81469950
vn -0.31222720 0.38781500 0.86724500
vn -0.00232364 0.60971580 0.79261660
vn -0.00771406 0.36690560 0.93022610
vn -0.24270610 0.63149460 0.73641580
vn -0.00232364 0.60971580 0.79261660
vn -0.31222720 0.38781500 0.86724500
vn 0.48804400 -0.14447100 -0.86078000
vn 0.67584890 0.09846472 -0.73043410
vn 0.57335000 0.13603880 -0.80793830
vn 0.36498080 -0.12854540 -0.92209870
vn 0.67584890 0.09846472 -0.73043410
vn 0.48804400 -0.14447100 -0.86078000
vn -0.34671120 -0.07783496 -0.93473710
vn -0.18625960 0.12522440 -0.97448790
vn -0.13407710 -0.09665517 -0.98624620
vn -0.19059440 0.11965740 -0.97434930
vn -0.18625960 0.12522440 -0.97448790
vn -0.34671120 -0.07783496 -0.93473710
vn -0.43275110 0.81967150 -0.37532030
vn -0.36944040 0.83777870 -0.40204610
vn -0.37872510 0.82512620 -0.41920710
vn -0.39860590 0.91614600 0.04230712
vn -0.36944040 0.83777870 -0.40204610
vn -0.43275110 0.81967150 -0.37532030
vn 0.16834600 0.05803115 -0.98401900
vn 0.48804400 -0.14447100 -0.86078000
vn 0.57335000 0.13603880 -0.80793830
vn 0.21827570 -0.22140070 -0.95044120
vn 0.48804400 -0.14447100 -0.86078000
vn 0.16834600 0.05803115 -0.98401900
vn 0.26441440 -0.89917500 -0.34866880
vn 0.14210590 -0.92705710 -0.34694640
vn 0.16415600 -0.91725940 -0.36288910
vn 0.31327370 -0.90751210 -0.27978940
vn 0.14210590 -0.92705710 -0.34694640
vn 0.26441440 -0.89917500 -0.34866880
vn -0.14790340 0.92906050 0.33907430
vn -0.39860590 0.91614600 0.04230712
vn -0.45164570 0.77944130 0.43415190
vn -0.03395346 0.92936160 0.36760700
vn -0.39860590 0.91614600 0.04230712
vn -0.14790340 0.92906050 0.33907430
vn -0.13794720 -0.30785300 -0.94138070
vn -0.34671120 -0.07783496 -0.93473710
vn -0.13407710 -0.09665517 -0.98624620
vn -0.38121720 -0.27268920 -0.88335380
vn -0.34671120 -0.07783496 -0.93473710
vn -0.13794720 -0.30785300 -0.94138070
vn 0.16834600 0.05803115 -0.98401900
vn -0.02561828 -0.34367770 -0.93873890
vn 0.21827570 -0.22140070 -0.95044120
vn 0.03097538 -0.30123990 -0.95304600
vn -0.02561828 -0.34367770 -0.93873890
vn 0.16834600 0.05803115 -0.98401900
vn 0.10159510 -0.94035360 -0.32467590
vn 0.39345910 -0.86065890 -0.32319780
vn 0.35530540 -0.86157620 -0.36255370
vn 0.31327370 -0.90751210 -0.27978940
vn 0.39345910 -0.86065890 -0.32319780
vn 0.10159510 -0.94035360 -0.32467590
vn -0.12480620 -0.93223350 -0.33965430
vn 0.10159510 -0.94035360 -0.32467590
vn -0.10722310 -0.92645810 -0.36080410
vn -0.19604220 -0.92723220 -0.31907460
vn 0.10159510 -0.94035360 -0.32467590
vn -0.12480620 -0.93223350 -0.33965430
vn -0.39860590 0.91614600 0.04230712
vn -0.43303360 0.79293450 0.42864530
vn -0.45164570 0.77944130 0.43415190
vn -0.47930710 0.87732700 0.02371033
vn -0.43303360 0.79293450 0.42864530
vn -0.39860590 0.91614600 0.04230712
vn -0.07419123 -0.39250040 -0.91675550
vn -0.02561828 -0.34367770 -0.93873890
vn -0.02693758 -0.31735680 -0.94792440
vn -0.12467030 -0.46517300 -0.87639770
vn -0.02561828 -0.34367770 -0.93873890
vn -0.07419123 -0.39250040 -0.91675550
vn 0.59958590 -0.67035720 0.43717140
vn 0.21599710 -0.86720220 0.44867190
vn 0.43837080 -0.79986770 0.40993100
vn 0.17597970 -0.86310370 0.47337510
vn 0.21599710 -0.86720220 0.44867190
vn 0.59958590 -0.67035720 0.43717140
vn -0.05074388 0.17491830 -0.98327450
vn -0.18168640 0.55729540 -0.81019260
vn -0.12376430 0.41937530 -0.89933720
vn -0.06248524 0.46161890 -0.88487500
vn -0.18168640 0.55729540 -0.81019260
vn -0.05074388 0.17491830 -0.98327450
vn 0.10159510 -0.94035360 -0.32467590
vn 0.35700500 -0.86558550 -0.35115500
vn 0.31327370 -0.90751210 -0.27978940
vn -0.00350597 -0.94549100 -0.32563070
vn 0.35700500 -0.86558550 -0.35115500
vn 0.10159510 -0.94035360 -0.32467590
vn 0.69476580 -0.49737460 0.51953800
vn 0.59958590 -0.67035720 0.43717140
vn 0.81456020 -0.49084240 0.30913740
vn 0.65841020 -0.48302590 0.57722010
vn 0.59958590 -0.67035720 0.43717140
vn 0.69476580 -0.49737460 0.51953800
vn -0.39860590 0.91614600 0.04230712
vn -0.52446850 0.84042950 -0.13642170
vn -0.47930710 0.87732700 0.02371033
vn -0.43275110 0.81967150 -0.37532030
vn -0.52446850 0.84042950 -0.13642170
vn -0.39860590 0.91614600 0.04230712
vn -0.24589510 0.91695590 -0.31420940
vn -0.18483390 0.98156080 0.04873523
vn -0.19316420 0.94693370 -0.25691310
vn -0.24557920 0.96910790 0.02282335
vn -0.18483390 0.98156080 0.04873523
vn -0.24589510 0.91695590 -0.31420940
vn 0.44657520 -0.17571190 0.87732400
vn 0.22847700 0.06449220 0.97141160
vn 0.31398590 -0.24641220 0.91689430
vn 0.36299180 0.14449880 0.92052070
vn 0.22847700 0.06449220 0.97141160
vn 0.44657520 -0.17571190 0.87732400
vn 0.00005473 -0.23102760 0.97294740
vn -0.02866307 0.05253847 0.99820760
vn -0.01259905 0.06279437 0.99794720
vn -0.00794832 -0.26973380 0.96290240
vn -0.02866307 0.05253847 0.99820760
vn 0.00005473 -0.23102760 0.97294740
vn 0.44657520 -0.17571190 0.87732400
vn 0.23060580 0.22007830 0.94783320
vn 0.36299180 0.14449880 0.92052070
vn 0.34120760 0.06349428 0.93784200
vn 0.23060580 0.22007830 0.94783320
vn 0.52327420 0.10287670 0.84593270
vn -0.02866307 0.05253847 0.99820760
vn -0.03563379 0.34056050 0.93954740
vn -0.01259905 0.06279437 0.99794720
vn -0.05092975 0.36664240 0.92896710
vn -0.03563379 0.34056050 0.93954740
vn -0.02866307 0.05253847 0.99820760
vn -0.10468320 -0.08871623 -0.99054100
vn -0.12815160 0.14771830 -0.98069210
vn -0.14059800 0.16501920 -0.97621790
vn -0.13407710 -0.09665517 -0.98624620
vn -0.12815160 0.14771830 -0.98069210
vn -0.10468320 -0.08871623 -0.99054100
vn 0.04538671 0.06841882 0.99662460
vn 0.23060580 0.22007830 0.94783320
vn 0.34120760 0.06349428 0.93784200
vn 0.06115114 0.26079200 0.96345710
vn 0.23060580 0.22007830 0.94783320
vn 0.04538671 0.06841882 0.99662460
vn 0.69476580 -0.49737460 0.51953800
vn 0.54854920 -0.60732000 0.57468000
vn 0.65841020 -0.48302590 0.57722010
vn 0.61986550 -0.51272670 0.59403610
vn 0.54854920 -0.60732000 0.57468000
vn 0.69476580 -0.49737460 0.51953800
vn 0.17754650 -0.06336270 0.98207130
vn 0.04538671 0.06841882 0.99662460
vn 0.15067180 0.05694746 0.98694310
vn 0.03844129 0.07765610 0.99623980
vn 0.04538671 0.06841882 0.99662460
vn 0.17754650 -0.06336270 0.98207130
vn -0.48905210 0.85656520 0.16469620
vn -0.89018330 0.44393200 0.10246600
vn -0.69088760 0.71773370 0.08679586
vn -0.50077720 0.55354320 0.66544180
vn -0.51267590 0.49768760 0.69962200
vn -0.48905210 0.85656520 0.16469620
vn 0.04538671 0.06841882 0.99662460
vn -0.08507992 0.27675860 0.95716650
vn 0.06115114 0.26079200 0.96345710
vn -0.17533340 -0.02142677 0.98427670
vn -0.08507992 0.27675860 0.95716650
vn 0.04538671 0.06841882 0.99662460
vn -0.15985470 -0.83903400 0.52006620
vn -0.38116150 -0.76722920 0.51582490
vn -0.18549380 -0.84866100 0.49534510
vn -0.22176700 -0.77613570 0.59028220
vn -0.38116150 -0.76722920 0.51582490
vn -0.15985470 -0.83903400 0.52006620
vn 0.03924925 -0.36483820 0.93024410
vn -0.08507992 0.27675860 0.95716650
vn -0.17533340 -0.02142677 0.98427670
vn 0.15221500 -0.42588800 0.89188090
vn 0.08449331 -0.46965740 0.87879710
vn 0.03924925 -0.36483820 0.93024410
vn 0.04538671 0.06841882 0.99662460
vn -0.12432870 0.13842460 0.98253890
vn -0.17533340 -0.02142677 0.98427670
vn 0.03844129 0.07765610 0.99623980
vn -0.12432870 0.13842460 0.98253890
vn 0.04538671 0.06841882 0.99662460
vn -0.40575960 -0.91361830 -0.02572653
vn -0.49744630 -0.84272990 0.20580200
vn -0.35744970 -0.83739570 0.41352060
vn -0.30140080 -0.94720530 -0.10936450
vn -0.49744630 -0.84272990 0.20580200
vn -0.40575960 -0.91361830 -0.02572653
vn -0.82785790 0.27808220 0.48715730
vn -0.84676530 0.30880890 0.43315840
vn -0.94725500 0.16701290 0.27352340
vn -0.74521860 0.32643340 0.58145600
vn -0.84676530 0.30880890 0.43315840
vn -0.82785790 0.27808220 0.48715730
vn -0.16167930 0.93795730 -0.30675060
vn -0.18483390 0.98156080 0.04873523
vn -0.13662430 0.98967060 0.04342949
vn -0.19316420 0.94693370 -0.25691310
vn -0.18483390 0.98156080 0.04873523
vn -0.16167930 0.93795730 -0.30675060
vn 0.03924925 -0.36483820 0.93024410
vn 0.29715070 -0.34002320 0.89223710
vn 0.15221500 -0.42588800 0.89188090
vn 0.27956550 -0.35443230 0.89231290
vn 0.29715070 -0.34002320 0.89223710
vn 0.03924925 -0.36483820 0.93024410
vn -0.00000024 -0.53700700 -0.84357780
vn -0.12996380 -0.41940410 -0.89844840
vn -0.00000069 -0.47033690 -0.88248690
vn -0.19084520 -0.52055460 -0.83222650
vn -0.12996380 -0.41940410 -0.89844840
vn -0.00000024 -0.53700700 -0.84357780
vn -0.15985470 -0.83903400 0.52006620
vn -0.00559351 -0.87239440 0.48877060
vn -0.04468495 -0.87005730 0.49092150
vn -0.18549380 -0.84866100 0.49534510
vn -0.00559351 -0.87239440 0.48877060
vn -0.15985470 -0.83903400 0.52006620
vn 0.17754650 -0.06336270 0.98207130
vn -0.19501950 -0.16637040 0.96658670
vn 0.03844129 0.07765610 0.99623980
vn 0.30428050 -0.58857250 0.74899730
vn -0.19501950 -0.16637040 0.96658670
vn 0.17754650 -0.06336270 0.98207130
vn -0.19501950 -0.16637040 0.96658670
vn -0.12432870 0.13842460 0.98253890
vn 0.03844129 0.07765610 0.99623980
vn -0.54320800 -0.00691071 0.83957040
vn -0.12432870 0.13842460 0.98253890
vn -0.19501950 -0.16637040 0.96658670
vn 0.03960387 0.03409367 0.99863400
vn 0.00908748 0.28632150 0.95809130
vn 0.02558497 0.28265120 0.95888200
vn 0.02383451 0.03539070 0.99909010
vn 0.00908748 0.28632150 0.95809130
vn 0.03960387 0.03409367 0.99863400
vn 0.52334760 -0.63622260 0.56685890
vn 0.29715070 -0.34002320 0.89223710
vn 0.27956550 -0.35443230 0.89231290
vn 0.31810430 -0.40090830 0.85911790
vn 0.29715070 -0.34002320 0.89223710
vn 0.52334760 -0.63622260 0.56685890
vn 0.40185360 -0.88471730 0.23619830
vn 0.57290610 -0.81806280 0.05052269
vn 0.57208070 -0.77850450 0.25817650
vn 0.38653580 -0.92089770 0.05038007
vn 0.57290610 -0.81806280 0.05052269
vn 0.36035330 -0.89703040 0.25589620
vn 0.57290610 -0.81806280 0.05052269
vn 0.52334760 -0.63622260 0.56685890
vn 0.57208070 -0.77850450 0.25817650
vn 0.67130010 -0.73953720 0.04941211
vn 0.52334760 -0.63622260 0.56685890
vn 0.57290610 -0.81806280 0.05052269
vn 0.03413487 0.36755950 0.92937360
vn -0.08636710 0.11489380 0.98961630
vn 0.16036870 0.32780000 0.93103680
vn -0.24047520 0.17314920 0.95508700
vn -0.08636710 0.11489380 0.98961630
vn 0.03413487 0.36755950 0.92937360
vn 0.52334760 -0.63622260 0.56685890
vn 0.16381540 -0.85220040 0.49691050
vn 0.31810430 -0.40090830 0.85911790
vn 0.32283350 -0.86562200 0.38272440
vn 0.16381540 -0.85220040 0.49691050
vn 0.52334760 -0.63622260 0.56685890
vn -0.04721271 -0.96780360 -0.24723950
vn -0.12134620 -0.95397250 -0.27424800
vn -0.02629833 -0.97429160 -0.22375110
vn -0.21825150 -0.90825770 -0.35697970
vn -0.12134620 -0.95397250 -0.27424800
vn -0.04721271 -0.96780360 -0.24723950
vn -0.40575960 -0.91361830 -0.02572653
vn -0.20614040 -0.94673010 -0.24740520
vn -0.30140080 -0.94720530 -0.10936450
vn -0.34416690 -0.89000570 -0.29906540
vn -0.20614040 -0.94673010 -0.24740520
vn -0.40575960 -0.91361830 -0.02572653
vn 0.17572470 -0.97101590 -0.16201810
vn 0.57290610 -0.81806280 0.05052269
vn 0.38653580 -0.92089770 0.05038007
vn 0.57683260 -0.80085810 -0.16090630
vn 0.57290610 -0.81806280 0.05052269
vn 0.17572470 -0.97101590 -0.16201810
vn -0.08695415 -0.34554450 -0.93436530
vn -0.10468320 -0.08871623 -0.99054100
vn -0.07338299 -0.34634880 -0.93523140
vn -0.13407710 -0.09665517 -0.98624620
vn -0.10468320 -0.08871623 -0.99054100
vn -0.13794720 -0.30785300 -0.94138070
vn -0.20614040 -0.94673010 -0.24740520
vn 0.17572470 -0.97101590 -0.16201810
vn -0.30140080 -0.94720530 -0.10936450
vn -0.09010205 -0.97357960 -0.20982160
vn 0.17572470 -0.97101590 -0.16201810
vn -0.20614040 -0.94673010 -0.24740520
vn -0.26055520 -0.05966871 0.96361330
vn -0.00855184 0.09833615 0.99511650
vn -0.00553509 -0.10826160 0.99410700
vn -0.29965650 0.11350240 0.94727150
vn -0.00855184 0.09833615 0.99511650
vn -0.26055520 -0.05966871 0.96361330
vn 0.30108320 -0.94878460 0.09569448
vn 0.31727560 -0.92938630 0.18862170
vn 0.64983670 -0.74124280 0.16814420
vn 0.17646040 -0.97279610 0.15010130
vn 0.31727560 -0.92938630 0.18862170
vn 0.30108320 -0.94878460 0.09569448
vn 0.33701740 -0.94078030 0.03677664
vn 0.16381540 -0.85220040 0.49691050
vn 0.32283350 -0.86562200 0.38272440
vn 0.00486997 -0.99976120 0.02132238
vn 0.16381540 -0.85220040 0.49691050
vn 0.33701740 -0.94078030 0.03677664
vn 0.01833338 -0.96533020 -0.26038740
vn 0.01491668 -0.96273340 -0.27004080
vn 0.02690917 -0.96529890 -0.25975850
vn -0.02629833 -0.97429160 -0.22375110
vn 0.01491668 -0.96273340 -0.27004080
vn -0.04721271 -0.96780360 -0.24723950
vn 0.52334760 -0.63622260 0.56685890
vn 0.33701740 -0.94078030 0.03677664
vn 0.32283350 -0.86562200 0.38272440
vn 0.67130010 -0.73953720 0.04941211
vn 0.33701740 -0.94078030 0.03677664
vn 0.52334760 -0.63622260 0.56685890
vn 0.33701740 -0.94078030 0.03677664
vn 0.13860970 -0.88373860 -0.44698360
vn 0.00486997 -0.99976120 0.02132238
vn 0.30765590 -0.89735420 -0.31639260
vn 0.13860970 -0.88373860 -0.44698360
vn 0.33701740 -0.94078030 0.03677664
vn 0.57290610 -0.81806280 0.05052269
vn 0.51590600 -0.69302760 -0.50354210
vn 0.67130010 -0.73953720 0.04941211
vn 0.57683260 -0.80085810 -0.16090630
vn 0.51590600 -0.69302760 -0.50354210
vn 0.57290610 -0.81806280 0.05052269
vn 0.51590600 -0.69302760 -0.50354210
vn 0.33701740 -0.94078030 0.03677664
vn 0.67130010 -0.73953720 0.04941211
vn 0.30765590 -0.89735420 -0.31639260
vn 0.33701740 -0.94078030 0.03677664
vn 0.51590600 -0.69302760 -0.50354210
vn 0.51590600 -0.69302760 -0.50354210
vn 0.13860970 -0.88373860 -0.44698360
vn 0.30765590 -0.89735420 -0.31639260
vn 0.28210970 -0.47200290 -0.83524170
vn 0.13860970 -0.88373860 -0.44698360
vn 0.51590600 -0.69302760 -0.50354210
vn -0.43303360 0.79293450 0.42864530
vn -0.20835590 0.59044750 0.77971770
vn -0.24270610 0.63149460 0.73641580
vn -0.52929370 0.68186630 0.50488270
vn -0.20835590 0.59044750 0.77971770
vn -0.43303360 0.79293450 0.42864530
vn 0.51590600 -0.69302760 -0.50354210
vn 0.28020090 -0.41844110 -0.86394210
vn 0.28210970 -0.47200290 -0.83524170
vn 0.33673860 -0.34892840 -0.87456130
vn 0.28020090 -0.41844110 -0.86394210
vn 0.51590600 -0.69302760 -0.50354210
vn 0.14875990 -0.51947720 -0.84143640
vn 0.28020090 -0.41844110 -0.86394210
vn 0.20367700 -0.47544710 -0.85584290
vn 0.12090300 -0.54056900 -0.83256770
vn 0.28020090 -0.41844110 -0.86394210
vn 0.14875990 -0.51947720 -0.84143640
vn 0.14875990 -0.51947720 -0.84143640
vn -0.04253118 -0.52646610 -0.84913250
vn 0.12090300 -0.54056900 -0.83256770
vn -0.12467030 -0.46517300 -0.87639770
vn -0.04253118 -0.52646610 -0.84913250
vn -0.12855030 -0.46616790 -0.87530790
vn -0.10468320 -0.08871623 -0.99054100
vn -0.13303410 0.17957270 -0.97470820
vn -0.10402340 -0.06995608 -0.99211180
vn -0.13919200 0.16503450 -0.97641680
vn -0.13303410 0.17957270 -0.97470820
vn -0.10468320 -0.08871623 -0.99054100
vn -0.39145490 0.14993410 0.90790030
vn -0.24448690 0.38587950 0.88956360
vn -0.36388700 0.36784020 0.85573390
vn -0.24047520 0.17314920 0.95508700
vn -0.24448690 0.38587950 0.88956360
vn -0.39145490 0.14993410 0.90790030
vn -0.20614040 -0.94673010 -0.24740520
vn -0.20818960 -0.94444690 -0.25431880
vn -0.09010205 -0.97357960 -0.20982160
vn -0.19604220 -0.92723220 -0.31907460
vn -0.20818960 -0.94444690 -0.25431880
vn -0.20614040 -0.94673010 -0.24740520
vn -0.06995647 -0.33509190 -0.93958500
vn -0.10468320 -0.08871623 -0.99054100
vn -0.10402340 -0.06995608 -0.99211180
vn -0.07338299 -0.34634880 -0.93523140
vn -0.10468320 -0.08871623 -0.99054100
vn -0.06995647 -0.33509190 -0.93958500
vn -0.20614040 -0.94673010 -0.24740520
vn -0.18380150 -0.71729250 -0.67209360
vn -0.19604220 -0.92723220 -0.31907460
vn -0.34416690 -0.89000570 -0.29906540
vn -0.18380150 -0.71729250 -0.67209360
vn -0.20614040 -0.94673010 -0.24740520
vn 0.06667450 -0.90000420 0.43075170
vn 0.06057274 -0.90594040 0.41905060
vn 0.07057801 -0.90263780 0.42457510
vn 0.06001244 -0.90761920 0.41548340
vn 0.06057274 -0.90594040 0.41905060
vn 0.06667450 -0.90000420 0.43075170
vn -0.18380150 -0.71729250 -0.67209360
vn 0.10159510 -0.94035360 -0.32467590
vn -0.19604220 -0.92723220 -0.31907460
vn -0.00350597 -0.94549100 -0.32563070
vn 0.10159510 -0.94035360 -0.32467590
vn -0.18380150 -0.71729250 -0.67209360
vn -0.30784040 -0.17990100 0.93427500
vn -0.55410130 0.11096580 0.82502020
vn -0.57970050 -0.18340580 0.79392050
vn -0.27749850 0.10622090 0.95483600
vn -0.55410130 0.11096580 0.82502020
vn -0.30784040 -0.17990100 0.93427500
vn -0.52802840 -0.16205500 -0.83362200
vn -0.18380150 -0.71729250 -0.67209360
vn -0.21830250 -0.35338880 -0.90964940
vn -0.11228390 -0.33562790 -0.93527960
vn -0.18380150 -0.71729250 -0.67209360
vn -0.52802840 -0.16205500 -0.83362200
vn -0.89018330 0.44393200 0.10246600
vn -0.74660850 0.66447940 -0.03230895
vn -0.69088760 0.71773370 0.08679586
vn -0.92977030 0.36639400 -0.03583199
vn -0.74660850 0.66447940 -0.03230895
vn -0.89018330 0.44393200 0.10246600
vn -0.65847860 -0.07484142 -0.74886980
vn -0.52802840 -0.16205500 -0.83362200
vn -0.65847860 -0.07484142 -0.74886980
vn -0.79009180 -0.03747920 -0.61184250
vn -0.52802840 -0.16205500 -0.83362200
vn -0.79289790 -0.08940460 -0.60276110
vn -0.98662430 -0.10963230 0.12063660
vn -0.98047800 -0.19300920 -0.03755371
vn -0.94507660 -0.31768630 0.07684806
vn -0.99767030 -0.06645266 -0.01542954
vn -0.98047800 -0.19300920 -0.03755371
vn -0.91059790 0.35154700 0.21731580
vn -0.18380150 -0.71729250 -0.67209360
vn 0.09342637 -0.55125710 -0.82908900
vn 0.20444010 -0.66563670 -0.71772780
vn -0.11228390 -0.33562790 -0.93527960
vn 0.09342637 -0.55125710 -0.82908900
vn -0.18380150 -0.71729250 -0.67209360
vn 0.65352820 0.75283430 0.07837427
vn 0.75007120 0.47961260 0.45537450
vn 0.64705810 0.73105840 0.21649550
vn 0.94191290 0.31537240 0.11550650
vn 0.75007120 0.47961260 0.45537450
vn 0.65352820 0.75283430 0.07837427
vn 0.41275320 -0.79457120 -0.44530000
vn 0.35700500 -0.86558550 -0.35115500
vn 0.20444010 -0.66563670 -0.71772780
vn 0.41252380 -0.80210400 -0.43180330
vn 0.35700500 -0.86558550 -0.35115500
vn 0.41275320 -0.79457120 -0.44530000
vn -0.52802840 -0.16205500 -0.83362200
vn -0.18505540 -0.54938930 -0.81481740
vn -0.11228390 -0.33562790 -0.93527960
vn -0.56985270 -0.23881160 -0.78628130
vn -0.18505540 -0.54938930 -0.81481740
vn -0.52802840 -0.16205500 -0.83362200
vn 0.94995700 0.16186470 0.26717600
vn 0.97093710 0.17708160 0.16101150
vn 0.96359200 0.20332180 0.17364390
vn 0.95815500 0.12439090 0.25781220
vn 0.97093710 0.17708160 0.16101150
vn 0.94995700 0.16186470 0.26717600
vn -0.80148970 -0.54544480 0.24516180
vn -0.98047800 -0.19300920 -0.03755371
vn -0.96071890 -0.24673330 -0.12705010
vn -0.94507660 -0.31768630 0.07684806
vn -0.98047800 -0.19300920 -0.03755371
vn -0.80148970 -0.54544480 0.24516180
vn -0.18505540 -0.54938930 -0.81481740
vn 0.09342637 -0.55125710 -0.82908900
vn -0.11228390 -0.33562790 -0.93527960
vn 0.19788170 -0.74563420 -0.63629670
vn 0.09342637 -0.55125710 -0.82908900
vn -0.18505540 -0.54938930 -0.81481740
vn -0.68050120 -0.27479090 -0.67927120
vn -0.52802840 -0.16205500 -0.83362200
vn -0.79009180 -0.03747920 -0.61184250
vn -0.56985270 -0.23881160 -0.78628130
vn -0.52802840 -0.16205500 -0.83362200
vn -0.68050120 -0.27479090 -0.67927120
vn -0.96629110 -0.23841440 -0.09715976
vn -0.80148970 -0.54544480 0.24516180
vn -0.96071890 -0.24673330 -0.12705010
vn -0.90780830 -0.29831020 0.29478030
vn -0.80148970 -0.54544480 0.24516180
vn -0.96629110 -0.23841440 -0.09715976
vn 0.00000134 -0.82916300 0.55900700
vn -0.16126200 -0.92442870 0.34558110
vn -0.31640680 -0.79824510 0.51253440
vn -0.00306515 -0.93698480 0.34935670
vn -0.16126200 -0.92442870 0.34558110
vn 0.00000134 -0.82916300 0.55900700
vn -0.08081047 -0.12486540 0.98887750
vn -0.08636710 0.11489380 0.98961630
vn -0.23919220 -0.12663590 0.96267890
vn -0.01259905 0.06279437 0.99794720
vn -0.08636710 0.11489380 0.98961630
vn 0.00005473 -0.23102760 0.97294740
vn -0.82785790 0.27808220 0.48715730
vn -0.68887220 -0.09430875 0.71872250
vn -0.74521860 0.32643340 0.58145600
vn -0.54320800 -0.00691071 0.83957040
vn -0.68887220 -0.09430875 0.71872250
vn -0.74089930 0.17998930 0.64704940
vn -0.16126200 -0.92442870 0.34558110
vn -0.80148970 -0.54544480 0.24516180
vn -0.31640680 -0.79824510 0.51253440
vn -0.41412520 -0.79826330 0.43735120
vn -0.80148970 -0.54544480 0.24516180
vn -0.41412520 -0.79826330 0.43735120
vn -0.16167930 0.93795730 -0.30675060
vn -0.12573500 0.92239490 -0.36521020
vn -0.13441750 0.91626860 -0.37733800
vn -0.13662430 0.98967060 0.04342949
vn -0.12573500 0.92239490 -0.36521020
vn -0.16167930 0.93795730 -0.30675060
vn -0.68050120 -0.27479090 -0.67927120
vn -0.18505540 -0.54938930 -0.81481740
vn -0.56985270 -0.23881160 -0.78628130
vn -0.25236530 -0.77342790 -0.58148280
vn -0.18505540 -0.54938930 -0.81481740
vn -0.68050120 -0.27479090 -0.67927120
vn -0.10450970 -0.04599742 -0.99346000
vn -0.12932650 0.20454720 -0.97027610
vn -0.13412100 0.21496610 -0.96736850
vn -0.10402340 -0.06995608 -0.99211180
vn -0.12932650 0.20454720 -0.97027610
vn -0.10450970 -0.04599742 -0.99346000
vn -0.35585340 -0.07132342 0.93181610
vn -0.08636710 0.11489380 0.98961630
vn -0.24047520 0.17314920 0.95508700
vn -0.23919220 -0.12663590 0.96267890
vn -0.08636710 0.11489380 0.98961630
vn -0.35585340 -0.07132342 0.93181610
vn 0.53975910 0.05267078 0.84017040
vn 0.51998020 0.19459410 0.83171760
vn 0.52417530 0.21784460 0.82327660
vn 0.51033840 -0.03879590 0.85909830
vn 0.51998020 0.19459410 0.83171760
vn 0.51033850 -0.03879589 0.85909830
vn -0.19501950 -0.16637040 0.96658670
vn -0.68887220 -0.09430875 0.71872250
vn -0.54320800 -0.00691071 0.83957040
vn -0.54039380 -0.47077330 0.69738670
vn -0.68887220 -0.09430875 0.71872250
vn -0.19501950 -0.16637040 0.96658670
vn -0.04166963 0.92798700 0.37027590
vn -0.04213973 0.92778900 0.37071830
vn -0.06032405 0.92672100 0.37087680
vn -0.04164106 0.92832050 0.36944230
vn -0.04213973 0.92778900 0.37071830
vn -0.04166963 0.92798700 0.37027590
vn 0.41275320 -0.79457120 -0.44530000
vn 0.23590890 -0.83999730 -0.48862310
vn 0.41252380 -0.80210400 -0.43180330
vn 0.19788170 -0.74563420 -0.63629670
vn 0.23590890 -0.83999730 -0.48862310
vn 0.09342637 -0.55125710 -0.82908900
vn -0.10978580 0.90996700 -0.39988420
vn -0.12573500 0.92239490 -0.36521020
vn -0.10878830 0.90650230 -0.40794500
vn -0.13441750 0.91626860 -0.37733800
vn -0.12573500 0.92239490 -0.36521020
vn -0.10978580 0.90996700 -0.39988420
vn 0.00404709 -0.09254000 0.99570070
vn -0.21856160 -0.02158014 0.97558440
vn -0.09344215 -0.07480893 0.99281010
vn 0.00265146 -0.02720335 0.99962630
vn -0.21856160 -0.02158014 0.97558440
vn 0.00404709 -0.09254000 0.99570070
vn 0.46987070 -0.68904830 0.55175630
vn 0.54854920 -0.60732000 0.57468000
vn 0.48398660 -0.69779100 0.52805840
vn 0.30428050 -0.58857250 0.74899730
vn 0.54854920 -0.60732000 0.57468000
vn 0.46987070 -0.68904830 0.55175630
vn -0.26055520 -0.05966871 0.96361330
vn 0.00404709 -0.09254000 0.99570070
vn -0.09344215 -0.07480893 0.99281010
vn -0.00553509 -0.10826160 0.99410700
vn 0.00404709 -0.09254000 0.99570070
vn -0.26055520 -0.05966871 0.96361330
vn 0.01362133 -0.94990610 -0.31223850
vn 0.01491668 -0.96273340 -0.27004080
vn 0.00267242 -0.94100270 -0.33838890
vn 0.02690917 -0.96529890 -0.25975850
vn 0.01491668 -0.96273340 -0.27004080
vn 0.01362133 -0.94990610 -0.31223850
vn -0.45579950 -0.77983830 0.42906780
vn -0.52421370 -0.72614110 0.44488120
vn -0.45579950 -0.77983830 0.42906780
vn -0.58853180 -0.66676990 0.45721830
vn -0.52421370 -0.72614110 0.44488120
vn -0.38116150 -0.76722920 0.51582490
vn 0.00501151 -0.98947090 0.14464840
vn 0.30108320 -0.94878460 0.09569448
vn 0.00625806 -0.99710890 0.07573232
vn 0.17646040 -0.97279610 0.15010130
vn 0.30108320 -0.94878460 0.09569448
vn 0.00501151 -0.98947090 0.14464840
vn -0.39145490 0.14993410 0.90790030
vn -0.26055520 -0.05966871 0.96361330
vn -0.45555820 -0.00248856 0.89020250
vn -0.29965650 0.11350240 0.94727150
vn -0.26055520 -0.05966871 0.96361330
vn -0.39145490 0.14993410 0.90790030
vn -0.35585340 -0.07132342 0.93181610
vn -0.39145490 0.14993410 0.90790030
vn -0.45555820 -0.00248856 0.89020250
vn -0.24047520 0.17314920 0.95508700
vn -0.39145490 0.14993410 0.90790030
vn -0.35585340 -0.07132342 0.93181610
vn -0.26055520 -0.05966871 0.96361330
vn -0.28513320 -0.07748856 0.95535050
vn -0.45555820 -0.00248856 0.89020250
vn -0.09344215 -0.07480893 0.99281010
vn -0.28513320 -0.07748856 0.95535050
vn -0.26055520 -0.05966871 0.96361330
vn -0.94504410 -0.32684230 0.00811212
vn -0.90986010 -0.35624570 0.21270550
vn -0.85064660 -0.42451730 0.31013780
vn -0.95899160 -0.28325380 0.01011057
vn -0.90986010 -0.35624570 0.21270550
vn -0.94504410 -0.32684230 0.00811212
vn -0.00000003 0.99938250 -0.03513602
vn -0.27547870 0.81061240 -0.51673870
vn -0.00000024 0.96606370 -0.25830420
vn -0.23059910 0.97245190 -0.03407632
vn -0.27547870 0.81061240 -0.51673870
vn -0.00000003 0.99938250 -0.03513602
vn -0.18505540 -0.54938930 -0.81481740
vn 0.23590890 -0.83999730 -0.48862310
vn 0.19788170 -0.74563420 -0.63629670
vn -0.25236530 -0.77342790 -0.58148280
vn 0.23590890 -0.83999730 -0.48862310
vn -0.18505540 -0.54938930 -0.81481740
vn -0.06807230 -0.29668500 -0.95254640
vn -0.10450970 -0.04599742 -0.99346000
vn -0.07482775 -0.29609910 -0.95222210
vn -0.10402340 -0.06995608 -0.99211180
vn -0.10450970 -0.04599742 -0.99346000
vn -0.06995647 -0.33509190 -0.93958500
vn 0.12990940 -0.80294230 0.58172890
vn 0.16555030 -0.76410790 0.62348490
vn 0.12990940 -0.80294230 0.58172890
vn 0.30428050 -0.58857250 0.74899730
vn 0.16555030 -0.76410790 0.62348490
vn 0.20044260 -0.72181830 0.66242150
vn -0.30267520 -0.02810650 -0.95267930
vn -0.41817200 0.11887860 -0.90055580
vn -0.44958780 -0.05285442 -0.89167150
vn -0.33192290 0.09709477 -0.93829660
vn -0.41817200 0.11887860 -0.90055580
vn -0.30267520 -0.02810650 -0.95267930
vn 0.00000075 0.43628800 0.89980710
vn -0.29913770 0.83671350 0.45872350
vn 0.00000069 0.62924020 0.77721100
vn -0.33803480 0.41849990 0.84296520
vn -0.29913770 0.83671350 0.45872350
vn 0.00000075 0.43628800 0.89980710
vn 0.95674070 0.12198460 -0.26413690
vn 0.98720460 0.15945340 -0.00181794
vn 0.97907310 0.20294340 0.01520968
vn 0.91947670 -0.22898200 -0.31957970
vn 0.98720460 0.15945340 -0.00181794
vn 0.95674070 0.12198460 -0.26413690
vn -0.00020961 0.01544569 -0.99988070
vn -0.10270730 0.10265940 -0.98939990
vn -0.00000024 0.14367520 -0.98962490
vn -0.07287926 0.01971330 -0.99714610
vn -0.10270730 0.10265940 -0.98939990
vn -0.00020961 0.01544569 -0.99988070
vn 0.00491016 -0.93016460 -0.36711020
vn -0.00602328 -0.93356050 -0.35836980
vn -0.00543447 -0.93045660 -0.36636270
vn 0.00267242 -0.94100270 -0.33838890
vn -0.00602328 -0.93356050 -0.35836980
vn 0.01362133 -0.94990610 -0.31223850
vn -0.21856160 -0.02158014 0.97558440
vn -0.00039559 0.06248965 0.99804540
vn -0.23458850 0.07492803 0.96920280
vn 0.00265146 -0.02720335 0.99962630
vn -0.00039559 0.06248965 0.99804540
vn -0.21856160 -0.02158014 0.97558440
vn -0.00039559 0.06248965 0.99804540
vn -0.22486210 0.07528143 0.97147800
vn -0.23458850 0.07492803 0.96920280
vn -0.00353839 0.08078966 0.99672490
vn -0.22486210 0.07528143 0.97147800
vn -0.00039559 0.06248965 0.99804540
vn -0.31222720 0.38781500 0.86724500
vn -0.00855184 0.09833615 0.99511650
vn -0.29965650 0.11350240 0.94727150
vn -0.00771406 0.36690560 0.93022610
vn -0.00855184 0.09833615 0.99511650
vn -0.31222720 0.38781500 0.86724500
vn -0.10450970 -0.04599742 -0.99346000
vn -0.11731500 0.21886430 -0.96867770
vn -0.10892870 -0.02980387 -0.99360320
vn -0.11825530 0.21444550 -0.96955120
vn -0.11731500 0.21886430 -0.96867770
vn -0.10450970 -0.04599742 -0.99346000
vn -0.94504410 -0.32684230 0.00811212
vn -0.94570050 -0.25417590 0.20259640
vn -0.98841870 -0.14998580 -0.02308290
vn -0.94992720 -0.20239740 0.23806220
vn -0.94570050 -0.25417590 0.20259640
vn -0.94504410 -0.32684230 0.00811212
vn 0.52983280 -0.81648930 -0.22939770
vn 0.00192681 -0.99884930 0.04792808
vn 0.12766780 -0.99105390 0.03890860
vn -0.00608157 -0.99682000 -0.07945968
vn 0.00192681 -0.99884930 0.04792808
vn 0.52983280 -0.81648930 -0.22939770
vn -0.28513320 -0.07748856 0.95535050
vn -0.21856160 -0.02158014 0.97558440
vn -0.50357200 -0.07618313 0.86058770
vn -0.09344215 -0.07480893 0.99281010
vn -0.21856160 -0.02158014 0.97558440
vn -0.28513320 -0.07748856 0.95535050
vn -0.21856160 -0.02158014 0.97558440
vn -0.74353750 0.11061560 0.65948180
vn -0.50357200 -0.07618313 0.86058770
vn -0.23458850 0.07492803 0.96920280
vn -0.74353750 0.11061560 0.65948180
vn -0.21856160 -0.02158014 0.97558440
vn -0.99554940 0.07727146 0.05394738
vn -0.96940330 -0.02776879 0.24389790
vn -0.95695160 -0.07194111 0.28119040
vn -0.98841870 -0.14998580 -0.02308290
vn -0.96940330 -0.02776879 0.24389790
vn -0.99554940 0.07727146 0.05394738
vn -0.27547870 0.81061240 -0.51673870
vn -0.69399920 0.71952860 -0.02536998
vn -0.65638200 0.68252550 -0.32143670
vn -0.23059910 0.97245190 -0.03407632
vn -0.69399920 0.71952860 -0.02536998
vn -0.27547870 0.81061240 -0.51673870
vn -0.29913770 0.83671350 0.45872350
vn -0.00000003 0.99938250 -0.03513602
vn -0.00381426 0.98200180 0.18883310
vn -0.23059910 0.97245190 -0.03407632
vn -0.00000003 0.99938250 -0.03513602
vn -0.29913770 0.83671350 0.45872350
vn -0.00020961 0.01544569 -0.99988070
vn -0.02140437 -0.07908209 -0.99663820
vn -0.07287926 0.01971330 -0.99714610
vn -0.00066818 -0.08276494 -0.99656890
vn -0.02140437 -0.07908209 -0.99663820
vn -0.00020961 0.01544569 -0.99988070
vn -0.29913770 0.83671350 0.45872350
vn -0.69399920 0.71952860 -0.02536998
vn -0.23059910 0.97245190 -0.03407632
vn -0.67350450 0.68627380 0.27462700
vn -0.69399920 0.71952860 -0.02536998
vn -0.29913770 0.83671350 0.45872350
vn -0.02140437 -0.07908209 -0.99663820
vn -0.24989900 -0.01998725 -0.96806560
vn -0.07287926 0.01971330 -0.99714610
vn -0.11748200 -0.13640920 -0.98366170
vn -0.24989900 -0.01998725 -0.96806560
vn -0.02140437 -0.07908209 -0.99663820
vn -0.99554940 0.07727146 0.05394738
vn -0.74353750 0.11061560 0.65948180
vn -0.98994260 0.10907120 0.09009617
vn -0.93040670 0.14023440 0.33864080
vn -0.74353750 0.11061560 0.65948180
vn -0.99554940 0.07727146 0.05394738
vn 0.00192681 -0.99884930 0.04792808
vn 0.30108320 -0.94878460 0.09569448
vn 0.12766780 -0.99105390 0.03890860
vn 0.00625806 -0.99710890 0.07573232
vn 0.30108320 -0.94878460 0.09569448
vn 0.00192681 -0.99884930 0.04792808
vn -0.74353750 0.11061560 0.65948180
vn -0.22486210 0.07528143 0.97147800
vn -0.42590990 0.08417510 0.90084140
vn -0.23458850 0.07492803 0.96920280
vn -0.22486210 0.07528143 0.97147800
vn -0.74353750 0.11061560 0.65948180
vn -0.99601630 0.04401942 0.07754781
vn -0.74353750 0.11061560 0.65948180
vn -0.93841430 0.06602015 0.33914660
vn -0.98994260 0.10907120 0.09009617
vn -0.74353750 0.11061560 0.65948180
vn -0.99601630 0.04401942 0.07754781
vn -0.08806287 -0.28594530 -0.95419130
vn -0.10450970 -0.04599742 -0.99346000
vn -0.10892870 -0.02980387 -0.99360320
vn -0.07482775 -0.29609910 -0.95222210
vn -0.10450970 -0.04599742 -0.99346000
vn -0.08806287 -0.28594530 -0.95419130
vn 0.78548490 -0.61867170 -0.01612385
vn 0.52983280 -0.81648930 -0.22939770
vn 0.79670080 -0.60148070 -0.05907712
vn 0.91947670 -0.22898200 -0.31957970
vn 0.52983280 -0.81648930 -0.22939770
vn 0.78548490 -0.61867170 -0.01612385
vn -0.22486210 0.07528143 0.97147800
vn -0.00465877 0.19528760 0.98073500
vn -0.19996260 0.29101810 0.93558720
vn -0.00353839 0.08078966 0.99672490
vn -0.00465877 0.19528760 0.98073500
vn -0.22486210 0.07528143 0.97147800
vn -0.39466910 0.26267160 0.88047720
vn -0.22486210 0.07528143 0.97147800
vn -0.19996260 0.29101810 0.93558720
vn -0.42590990 0.08417510 0.90084140
vn -0.22486210 0.07528143 0.97147800
vn -0.39466910 0.26267160 0.88047720
vn 0.98720460 0.15945340 -0.00181794
vn 0.97093710 0.17708160 0.16101150
vn 0.97907310 0.20294340 0.01520968
vn 0.96359200 0.20332180 0.17364390
vn 0.97093710 0.17708160 0.16101150
vn 0.98720460 0.15945340 -0.00181794
vn 0.02316443 0.03735595 0.99903390
vn 0.04305055 0.28729320 0.95687520
vn 0.00854362 0.30131370 0.95348720
vn 0.05829044 0.03291384 0.99775740
vn 0.04305055 0.28729320 0.95687520
vn 0.02316443 0.03735595 0.99903390
vn -0.29913770 0.83671350 0.45872350
vn -0.81544770 0.39974630 0.41862630
vn -0.67350450 0.68627380 0.27462700
vn -0.33803480 0.41849990 0.84296520
vn -0.81544770 0.39974630 0.41862630
vn -0.29913770 0.83671350 0.45872350
vn -0.49029970 0.10109740 0.86567060
vn 0.00000091 -0.10496130 0.99447640
vn -0.59519230 -0.07838272 0.79975140
vn -0.29989280 0.15565690 0.94118820
vn 0.00000091 -0.10496130 0.99447640
vn -0.49029970 0.10109740 0.86567060
vn -0.02140437 -0.07908209 -0.99663820
vn -0.30267520 -0.02810650 -0.95267930
vn -0.11748200 -0.13640920 -0.98366170
vn 0.01143601 -0.05285430 -0.99853680
vn -0.30267520 -0.02810650 -0.95267930
vn -0.02140437 -0.07908209 -0.99663820
vn -0.12713800 0.43968410 0.88910840
vn -0.00465877 0.19528760 0.98073500
vn -0.00173867 0.15198270 0.98838160
vn -0.19996260 0.29101810 0.93558720
vn -0.00465877 0.19528760 0.98073500
vn -0.12713800 0.43968410 0.88910840
vn -0.10978580 0.90996700 -0.39988420
vn -0.13854240 0.90782640 -0.39579980
vn -0.13787540 0.90758260 -0.39659080
vn -0.10878830 0.90650230 -0.40794500
vn -0.13854240 0.90782640 -0.39579980
vn -0.10978580 0.90996700 -0.39988420
vn -0.02208501 0.93715630 0.34821160
vn -0.09878208 0.91725590 0.38585560
vn -0.00840392 0.93452360 0.35580320
vn -0.10395970 0.91498450 0.38986750
vn -0.09878208 0.91725590 0.38585560
vn -0.02208501 0.93715630 0.34821160
vn -0.99601630 0.04401942 0.07754781
vn -0.94556000 0.01920090 0.32488160
vn -0.99660780 0.02297000 0.07902908
vn -0.94664350 0.01624442 0.32187360
vn -0.94556000 0.01920090 0.32488160
vn -0.99601630 0.04401942 0.07754781
vn -0.78729860 0.40261160 -0.46697400
vn -0.69399920 0.71952860 -0.02536998
vn -0.93902490 0.34360340 -0.01300043
vn -0.65638200 0.68252550 -0.32143670
vn -0.69399920 0.71952860 -0.02536998
vn -0.78729860 0.40261160 -0.46697400
vn -0.39466910 0.26267160 0.88047720
vn -0.12713800 0.43968410 0.88910840
vn -0.37299830 0.39997290 0.83719400
vn -0.19996260 0.29101810 0.93558720
vn -0.12713800 0.43968410 0.88910840
vn -0.39466910 0.26267160 0.88047720
vn -0.99528100 0.07742451 0.05849544
vn -0.94825520 0.08929274 0.30469570
vn -0.94904240 0.14765510 0.27841890
vn -0.99660780 0.02297000 0.07902908
vn -0.94825520 0.08929274 0.30469570
vn -0.99528100 0.07742451 0.05849544
vn -0.13796890 -0.02799995 -0.99004120
vn -0.12267780 0.22398190 -0.96684190
vn -0.12276460 0.22428550 -0.96676050
vn -0.10892870 -0.02980387 -0.99360320
vn -0.12267780 0.22398190 -0.96684190
vn -0.13796890 -0.02799995 -0.99004120
vn 0.00501151 -0.98947090 0.14464840
vn -0.47789100 -0.87659290 0.05662279
vn -0.17205990 -0.97598840 0.13357800
vn 0.00625806 -0.99710890 0.07573232
vn -0.47789100 -0.87659290 0.05662279
vn 0.00501151 -0.98947090 0.14464840
vn 0.48149080 0.23706600 0.84378090
vn 0.48294300 0.05306648 0.87404230
vn 0.49241490 0.08880980 0.86581780
vn 0.10990170 -0.61079200 0.78412670
vn 0.10990170 -0.61079200 0.78412670
vn 0.10990170 -0.61079220 0.78412660
vn -0.38440990 0.17167420 0.90705960
vn -0.38150140 0.31463700 0.86917210
vn -0.37706460 0.29328620 0.87852470
vn -0.37299830 0.39997290 0.83719400
vn -0.38150140 0.31463700 0.86917210
vn -0.38440990 0.17167420 0.90705960
vn -0.71626660 -0.40828960 -0.56591670
vn -0.94504410 -0.32684230 0.00811212
vn -0.84570960 -0.25550790 -0.46849860
vn -0.95899160 -0.28325380 0.01011057
vn -0.94504410 -0.32684230 0.00811212
vn -0.71626660 -0.40828960 -0.56591670
vn 0.97093710 0.17708160 0.16101150
vn 0.97951440 0.19373750 0.05494484
vn 0.97907310 0.20294340 0.01520968
vn 0.94191290 0.31537240 0.11550650
vn 0.97951440 0.19373750 0.05494484
vn 0.97093710 0.17708160 0.16101150
vn 0.98065500 0.02548100 0.19407850
vn 0.91009280 -0.41422920 -0.01205809
vn 0.99669050 -0.08077615 -0.00912872
vn 0.66655990 -0.74329160 0.05670674
vn 0.91009280 -0.41422920 -0.01205809
vn 0.66655990 -0.74329160 0.05670672
vn -0.12996380 -0.41940410 -0.89844840
vn -0.00000049 -0.01906249 -0.99981830
vn -0.00000069 -0.47033690 -0.88248690
vn -0.10435040 0.01027139 -0.99448750
vn -0.00000049 -0.01906249 -0.99981830
vn -0.12996380 -0.41940410 -0.89844840
vn 0.45841120 -0.05474044 0.88705300
vn 0.48294300 0.05306648 0.87404230
vn 0.46113960 -0.03951729 0.88644730
vn 0.49241490 0.08880980 0.86581780
vn 0.48294300 0.05306648 0.87404230
vn 0.45841120 -0.05474044 0.88705300
vn 0.97787750 -0.05481146 0.20186970
vn 0.99217000 -0.12401610 -0.01479676
vn 0.97511880 -0.08831710 0.20333190
vn 0.99669050 -0.08077615 -0.00912872
vn 0.99217000 -0.12401610 -0.01479676
vn 0.98065500 0.02548100 0.19407850
vn -0.17448460 0.90840850 -0.37993410
vn -0.13854240 0.90782640 -0.39579980
vn -0.17559990 0.90864850 -0.37884500
vn -0.13787540 0.90758260 -0.39659080
vn -0.13854240 0.90782640 -0.39579980
vn -0.17448460 0.90840850 -0.37993410
vn -0.81544770 0.39974630 0.41862630
vn -0.69399920 0.71952860 -0.02536998
vn -0.67350450 0.68627380 0.27462700
vn -0.93902490 0.34360340 -0.01300043
vn -0.69399920 0.71952860 -0.02536998
vn -0.81544770 0.39974630 0.41862630
vn -0.99528100 0.07742451 0.05849544
vn -0.94778630 0.16255080 0.27437090
vn -0.99599480 0.07655893 0.04619784
vn -0.94332010 0.18018770 0.27871150
vn -0.94778630 0.16255080 0.27437090
vn -0.99528100 0.07742451 0.05849544
vn -0.00000079 0.37689380 -0.92625650
vn -0.27547870 0.81061240 -0.51673870
vn -0.27930910 0.39471130 -0.87532250
vn -0.00000083 0.56994970 -0.82167970
vn -0.27547870 0.81061240 -0.51673870
vn -0.00000079 0.37689380 -0.92625650
vn -0.38440990 0.17167420 0.90705960
vn -0.37890580 0.02494396 0.92509910
vn -0.36223860 0.01912583 0.93188910
vn -0.39532130 0.00502888 0.91852920
vn -0.37890580 0.02494396 0.92509910
vn -0.38440990 0.17167420 0.90705960
vn -0.99874750 0.02971067 0.04027591
vn -0.95689250 0.08036433 0.27910470
vn -0.95565470 0.07110889 0.28577750
vn -0.99599480 0.07655893 0.04619784
vn -0.95689250 0.08036433 0.27910470
vn -0.99874750 0.02971067 0.04027591
vn -0.00308276 -0.06929600 -0.99759130
vn -0.02140437 -0.07908209 -0.99663820
vn -0.00066818 -0.08276494 -0.99656890
vn 0.01143601 -0.05285430 -0.99853680
vn -0.02140437 -0.07908209 -0.99663820
vn -0.00308276 -0.06929600 -0.99759130
vn -0.27547870 0.81061240 -0.51673870
vn -0.78729860 0.40261160 -0.46697400
vn -0.27930910 0.39471130 -0.87532250
vn -0.65638200 0.68252550 -0.32143670
vn -0.78729860 0.40261160 -0.46697400
vn -0.27547870 0.81061240 -0.51673870
vn 0.45841120 -0.05474044 0.88705300
vn 0.43913290 -0.06978219 0.89570810
vn 0.41821500 -0.07678590 0.90509690
vn 0.46113960 -0.03951729 0.88644730
vn 0.43913290 -0.06978219 0.89570810
vn 0.45841120 -0.05474044 0.88705300
vn -0.36614470 -0.00772092 0.93052600
vn -0.36251050 -0.00631467 0.93195840
vn -0.36300470 -0.00602689 0.93176790
vn -0.36223860 0.01912583 0.93188910
vn -0.36251050 -0.00631467 0.93195840
vn -0.36614470 -0.00772092 0.93052600
vn -0.17448460 0.90840850 -0.37993410
vn -0.08749984 0.91631950 -0.39077240
vn -0.05475339 0.90430740 -0.42335680
vn -0.17559990 0.90864850 -0.37884500
vn -0.08749984 0.91631950 -0.39077240
vn -0.17448460 0.90840850 -0.37993410
vn -0.54507420 0.36613880 0.75421300
vn -0.51267590 0.49768760 0.69962200
vn -0.50077720 0.55354320 0.66544180
vn -0.52936450 0.38210650 0.75747500
vn -0.51267590 0.49768760 0.69962200
vn -0.55702250 0.14960690 0.81691130
vn 0.96535550 -0.11564580 0.23391480
vn 0.99217000 -0.12401610 -0.01479676
vn 0.99161700 -0.12777440 -0.01926072
vn 0.97511880 -0.08831710 0.20333190
vn 0.99217000 -0.12401610 -0.01479676
vn 0.96535550 -0.11564580 0.23391480
vn -0.04166963 0.92798700 0.37027590
vn -0.06888925 0.92305540 0.37844880
vn -0.04164106 0.92832050 0.36944230
vn -0.04114493 0.92691890 0.37299980
vn -0.06888925 0.92305540 0.37844880
vn -0.04114497 0.92691890 0.37299990
vn 0.96535550 -0.11564580 0.23391480
vn 0.99331840 -0.11482780 0.01160204
vn 0.95470990 -0.11529490 0.27429400
vn 0.99161700 -0.12777440 -0.01926072
vn 0.99331840 -0.11482780 0.01160204
vn 0.96535550 -0.11564580 0.23391480
vn -0.00308276 -0.06929600 -0.99759130
vn -0.05074388 0.17491830 -0.98327450
vn 0.01143601 -0.05285430 -0.99853680
vn -0.00202483 0.12087720 -0.99266530
vn -0.05074388 0.17491830 -0.98327450
vn -0.00308276 -0.06929600 -0.99759130
vn 0.39029100 -0.04604402 0.91953960
vn 0.39968960 -0.06419395 0.91440020
vn 0.38165130 -0.03971256 0.92345300
vn 0.41821500 -0.07678590 0.90509690
vn 0.39968960 -0.06419395 0.91440020
vn 0.39029100 -0.04604402 0.91953960
vn -0.03411566 -0.93258730 -0.35932900
vn -0.00602328 -0.93356050 -0.35836980
vn -0.04328326 -0.93342480 -0.35615330
vn -0.00543447 -0.93045660 -0.36636270
vn -0.00602328 -0.93356050 -0.35836980
vn -0.03411566 -0.93258730 -0.35932900
vn -0.99874750 0.02971067 0.04027591
vn -0.95895980 0.03468809 0.28141440
vn -0.99972430 0.01191462 0.02026785
vn -0.95687690 0.03882115 0.28789020
vn -0.95895980 0.03468809 0.28141440
vn -0.99874750 0.02971067 0.04027591
vn -0.30549950 0.08946991 -0.94797960
vn -0.00000079 0.37689380 -0.92625650
vn -0.27930910 0.39471130 -0.87532250
vn -0.00000083 0.09689740 -0.99529440
vn -0.00000079 0.37689380 -0.92625650
vn -0.30549950 0.08946991 -0.94797960
vn -0.36614470 -0.00772092 0.93052600
vn -0.36977270 -0.00912708 0.92907760
vn -0.37702470 -0.00185661 0.92620150
vn -0.36298980 -0.00642388 0.93177110
vn -0.36977270 -0.00912708 0.92907760
vn -0.36614470 -0.00772092 0.93052600
vn -0.99992600 0.00047295 0.01221757
vn -0.96263220 0.02262201 0.26986770
vn -0.96424440 0.02565378 0.26377280
vn -0.99972430 0.01191462 0.02026785
vn -0.96263220 0.02262201 0.26986770
vn -0.99992600 0.00047295 0.01221757
vn -0.09646870 -0.28147010 -0.95470910
vn -0.13796890 -0.02799995 -0.99004120
vn -0.12055760 -0.28074210 -0.95218200
vn -0.10892870 -0.02980387 -0.99360320
vn -0.13796890 -0.02799995 -0.99004120
vn -0.08806287 -0.28594530 -0.95419130
vn 0.79120350 -0.60747330 0.07052876
vn 0.78548490 -0.61867170 -0.01612385
vn 0.79120360 -0.60747330 0.07052879
vn 0.68774990 -0.72543030 0.02742585
vn 0.78548490 -0.61867170 -0.01612385
vn 0.30108320 -0.94878460 0.09569448
vn 0.39029100 -0.04604402 0.91953960
vn 0.38085880 -0.05204791 0.92316730
vn 0.37783940 -0.04547649 0.92475380
vn 0.38165130 -0.03971256 0.92345300
vn 0.38085880 -0.05204791 0.92316730
vn 0.39029100 -0.04604402 0.91953960
vn 0.75007120 0.47961260 0.45537450
vn 0.45575190 0.85539900 0.24613730
vn 0.64705810 0.73105840 0.21649550
vn 0.40094920 0.70214810 0.58841190
vn 0.45575190 0.85539900 0.24613730
vn 0.75007120 0.47961260 0.45537450
vn -0.38200830 -0.03364663 0.92354630
vn -0.38068430 0.01152077 0.92463340
vn -0.38116850 -0.02358643 0.92420480
vn -0.37702470 -0.00185661 0.92620150
vn -0.38068430 0.01152077 0.92463340
vn -0.38200830 -0.03364663 0.92354630
vn 0.97093710 0.17708160 0.16101150
vn 0.75007120 0.47961260 0.45537450
vn 0.94191290 0.31537240 0.11550650
vn 0.95544110 0.14381390 0.25778140
vn 0.75007120 0.47961260 0.45537450
vn 0.97093710 0.17708160 0.16101150
vn -0.94777200 0.31891440 -0.00479440
vn -0.93267070 0.21367700 -0.29063530
vn -0.96640080 0.16123950 -0.20018180
vn -0.93399570 0.35250710 -0.05824240
vn -0.93267070 0.21367700 -0.29063530
vn -0.94777200 0.31891440 -0.00479440
vn 0.00000075 0.43628800 0.89980710
vn -0.49029970 0.10109740 0.86567060
vn -0.33803480 0.41849990 0.84296520
vn -0.29989280 0.15565690 0.94118820
vn -0.49029970 0.10109740 0.86567060
vn 0.00000075 0.43628800 0.89980710
vn -0.74660850 0.66447940 -0.03230895
vn -0.94777200 0.31891440 -0.00479440
vn -0.90036300 0.39004150 0.19291300
vn -0.92977030 0.36639400 -0.03583199
vn -0.94777200 0.31891440 -0.00479440
vn -0.74660850 0.66447940 -0.03230895
vn -0.61074580 0.78294740 0.11825330
vn -0.74660850 0.66447940 -0.03230895
vn -0.90036300 0.39004150 0.19291300
vn -0.00960736 0.83557590 0.54929160
vn -0.16068210 0.83644000 0.52397510
vn 0.22259480 0.84878480 0.47960050
vn -0.94777200 0.31891440 -0.00479440
vn -0.99847900 0.05269675 -0.01625225
vn -0.90036300 0.39004150 0.19291300
vn -0.96640080 0.16123950 -0.20018180
vn -0.99847900 0.05269675 -0.01625225
vn -0.94777200 0.31891440 -0.00479440
vn -0.07372219 -0.93624250 -0.34353370
vn -0.09111786 -0.93667200 -0.33814820
vn -0.09355786 -0.93663360 -0.33758720
vn -0.04328326 -0.93342480 -0.35615330
vn -0.09111786 -0.93667200 -0.33814820
vn -0.03411566 -0.93258730 -0.35932900
vn -0.05074388 0.17491830 -0.98327450
vn -0.30267520 -0.02810650 -0.95267930
vn 0.01143601 -0.05285430 -0.99853680
vn -0.33192290 0.09709477 -0.93829660
vn -0.30267520 -0.02810650 -0.95267930
vn -0.05074388 0.17491830 -0.98327450
vn -0.99992600 0.00047295 0.01221757
vn -0.96217370 0.00642517 0.27236350
vn -0.99947260 -0.02408218 0.02181708
vn -0.96361120 -0.00133422 0.26730730
vn -0.96217370 0.00642517 0.27236350
vn -0.99992600 0.00047295 0.01221757
vn -0.78729860 0.40261160 -0.46697400
vn -0.99913820 0.03620185 -0.02030752
vn -0.98567540 0.02196256 -0.16721700
vn -0.93902490 0.34360340 -0.01300043
vn -0.99913820 0.03620185 -0.02030752
vn -0.78729860 0.40261160 -0.46697400
vn -0.38200830 -0.03364663 0.92354630
vn -0.38671550 -0.12363660 0.91387380
vn -0.38130440 -0.13893670 0.91394950
vn -0.38116850 -0.02358643 0.92420480
vn -0.38671550 -0.12363660 0.91387380
vn -0.38200830 -0.03364663 0.92354630
vn -0.39145490 0.14993410 0.90790030
vn -0.31222720 0.38781500 0.86724500
vn -0.29965650 0.11350240 0.94727150
vn -0.36388700 0.36784020 0.85573390
vn -0.31222720 0.38781500 0.86724500
vn -0.39145490 0.14993410 0.90790030
vn -0.99853540 -0.03820784 0.03832135
vn -0.94991620 -0.08360009 0.30111680
vn -0.94555850 -0.09840113 0.31022170
vn -0.99947260 -0.02408218 0.02181708
vn -0.94991620 -0.08360009 0.30111680
vn -0.99853540 -0.03820784 0.03832135
vn -0.30549950 0.08946991 -0.94797960
vn -0.78729860 0.40261160 -0.46697400
vn -0.57008870 0.07000281 -0.81859540
vn -0.27930910 0.39471130 -0.87532250
vn -0.78729860 0.40261160 -0.46697400
vn -0.30549950 0.08946991 -0.94797960
vn -0.94671340 -0.04660621 0.31868900
vn -0.99847900 0.05269675 -0.01625225
vn -0.99587150 -0.03065621 0.08544886
vn -0.90036300 0.39004150 0.19291300
vn -0.99847900 0.05269675 -0.01625225
vn -0.94671340 -0.04660621 0.31868900
vn -0.99853540 -0.03820784 0.03832135
vn -0.94507840 -0.08153111 0.31651320
vn -0.99822410 -0.03353284 0.04925068
vn -0.94555850 -0.09840113 0.31022170
vn -0.94507840 -0.08153111 0.31651320
vn -0.99853540 -0.03820784 0.03832135
vn 0.03025272 -0.21324270 0.97653150
vn 0.22847700 0.06449220 0.97141160
vn 0.02383451 0.03539070 0.99909010
vn 0.31398590 -0.24641220 0.91689430
vn 0.22847700 0.06449220 0.97141160
vn 0.02925047 -0.21872560 0.97534870
vn -0.99913820 0.03620185 -0.02030752
vn -0.83623870 -0.14887700 -0.52776940
vn -0.98567540 0.02196256 -0.16721700
vn -0.98516980 -0.16225460 -0.05580311
vn -0.83623870 -0.14887700 -0.52776940
vn -0.99913820 0.03620185 -0.02030752
vn -0.94671340 -0.04660621 0.31868900
vn -0.99744020 -0.03537600 0.06215341
vn -0.94359740 -0.07499576 0.32249150
vn -0.99587150 -0.03065621 0.08544886
vn -0.99744020 -0.03537600 0.06215341
vn -0.94671340 -0.04660621 0.31868900
vn -0.99744020 -0.03537600 0.06215341
vn -0.94507840 -0.08153111 0.31651320
vn -0.94359740 -0.07499576 0.32249150
vn -0.99822410 -0.03353284 0.04925068
vn -0.94507840 -0.08153111 0.31651320
vn -0.99744020 -0.03537600 0.06215341
vn 0.14210590 -0.92705710 -0.34694640
vn -0.09111786 -0.93667200 -0.33814820
vn 0.16415600 -0.91725940 -0.36288910
vn -0.09355786 -0.93663360 -0.33758720
vn -0.09111786 -0.93667200 -0.33814820
vn -0.11335340 -0.93662290 -0.33149580
vn -0.43303360 0.79293450 0.42864530
vn -0.31222720 0.38781500 0.86724500
vn -0.45164570 0.77944130 0.43415190
vn -0.24270610 0.63149460 0.73641580
vn -0.31222720 0.38781500 0.86724500
vn -0.43303360 0.79293450 0.42864530
vn -0.38896110 -0.06806293 0.91873660
vn -0.38756520 -0.10344780 0.91601970
vn -0.38574260 -0.12093850 0.91464570
vn -0.39084430 -0.06842008 0.91791050
vn -0.38756520 -0.10344780 0.91601970
vn -0.38896110 -0.06806293 0.91873660
vn -0.38756520 -0.10344780 0.91601970
vn -0.40498790 -0.16876340 0.89861230
vn -0.38574260 -0.12093850 0.91464570
vn -0.41704600 -0.16385760 0.89399310
vn -0.40498790 -0.16876340 0.89861230
vn -0.41704600 -0.16385760 0.89399310
vn -0.17781070 0.23351900 -0.95595680
vn -0.09754616 0.09637216 -0.99055470
vn -0.16739940 -0.02615971 -0.98554270
vn -0.02208009 0.21442620 -0.97649130
vn -0.09754616 0.09637216 -0.99055470
vn -0.17781070 0.23351900 -0.95595680
vn -0.13796890 -0.02799995 -0.99004120
vn -0.17781070 0.23351900 -0.95595680
vn -0.16739940 -0.02615971 -0.98554270
vn -0.17052720 0.22878180 -0.95842590
vn -0.17781070 0.23351900 -0.95595680
vn -0.13796890 -0.02799995 -0.99004120
vn 0.95674070 0.12198460 -0.26413690
vn 0.97951440 0.19373750 0.05494484
vn 0.96662880 0.08698061 -0.24096570
vn 0.97907310 0.20294340 0.01520968
vn 0.97951440 0.19373750 0.05494484
vn 0.95674070 0.12198460 -0.26413690
vn -0.00121592 0.41690430 -0.90894960
vn -0.05074388 0.17491830 -0.98327450
vn -0.00202483 0.12087720 -0.99266530
vn -0.06248524 0.46161890 -0.88487500
vn -0.05074388 0.17491830 -0.98327450
vn -0.00121592 0.41690430 -0.90894960
vn 0.41016030 0.80527760 0.42813220
vn 0.22259480 0.84878480 0.47960050
vn 0.89493730 0.37768160 0.23758180
vn -0.00960736 0.83557590 0.54929160
vn 0.22259480 0.84878480 0.47960050
vn 0.41016030 0.80527760 0.42813220
vn 0.97951440 0.19373750 0.05494484
vn 0.94621940 0.30937810 0.09463265
vn 0.89493730 0.37768160 0.23758180
vn 0.94191290 0.31537240 0.11550650
vn 0.94621940 0.30937810 0.09463265
vn 0.97951440 0.19373750 0.05494484
vn 0.38636810 -0.08542657 0.91838020
vn 0.39051350 -0.13186670 0.91110410
vn 0.38636810 -0.08542657 0.91838020
vn 0.38716640 -0.08561384 0.91802650
vn 0.39051350 -0.13186670 0.91110410
vn 0.38716640 -0.08561385 0.91802650
vn 0.99489150 -0.02039636 -0.09887517
vn 0.97951440 0.19373750 0.05494484
vn 0.89493730 0.37768160 0.23758180
vn 0.96662880 0.08698061 -0.24096570
vn 0.97951440 0.19373750 0.05494484
vn 0.99489150 -0.02039636 -0.09887517
vn -0.50350310 -0.42962820 0.74960270
vn -0.80148970 -0.54544480 0.24516180
vn -0.90780830 -0.29831020 0.29478030
vn -0.31640680 -0.79824510 0.51253440
vn -0.80148970 -0.54544480 0.24516180
vn -0.50350310 -0.42962820 0.74960270
vn -0.39992100 -0.16846900 0.90093370
vn -0.38671550 -0.12363660 0.91387380
vn -0.40427540 -0.16028710 0.90048310
vn -0.38130440 -0.13893670 0.91394950
vn -0.38671550 -0.12363660 0.91387380
vn -0.39992100 -0.16846900 0.90093370
vn -0.40498790 -0.16876340 0.89861230
vn -0.39992100 -0.16846900 0.90093370
vn -0.40427540 -0.16028710 0.90048310
vn -0.41608330 -0.17099680 0.89310420
vn -0.39992100 -0.16846900 0.90093370
vn -0.40498790 -0.16876340 0.89861230
vn -0.09754616 0.09637216 -0.99055470
vn -0.14754170 -0.27748230 -0.94933480
vn -0.16739940 -0.02615971 -0.98554270
vn -0.14385480 -0.27052700 -0.95190450
vn -0.14754170 -0.27748230 -0.94933480
vn -0.14385480 -0.27052710 -0.95190460
vn -0.14754170 -0.27748230 -0.94933480
vn -0.13796890 -0.02799995 -0.99004120
vn -0.16739940 -0.02615971 -0.98554270
vn -0.12055760 -0.28074210 -0.95218200
vn -0.13796890 -0.02799995 -0.99004120
vn -0.14457580 -0.27984940 -0.94909620
vn 0.95722970 -0.06056391 0.28292160
vn 0.99331840 -0.11482780 0.01160204
vn 0.99890950 -0.03986556 0.02433374
vn 0.95470990 -0.11529490 0.27429400
vn 0.99331840 -0.11482780 0.01160204
vn 0.95722970 -0.06056391 0.28292160
vn -0.09827831 0.91856580 0.38285650
vn -0.06888925 0.92305540 0.37844880
vn -0.09827833 0.91856560 0.38285640
vn -0.09528596 0.91676480 0.38789650
vn -0.06888925 0.92305540 0.37844880
vn -0.09878208 0.91725590 0.38585560
vn 0.38086850 -0.12824370 0.91569260
vn 0.38085880 -0.05204791 0.92316730
vn 0.37879060 -0.13917640 0.91495790
vn 0.37783940 -0.04547649 0.92475380
vn 0.38085880 -0.05204791 0.92316730
vn 0.38086850 -0.12824370 0.91569260
vn 0.38666580 -0.18135630 0.90421230
vn 0.38086850 -0.12824370 0.91569260
vn 0.37879060 -0.13917640 0.91495790
vn 0.38741610 -0.17636060 0.90487900
vn 0.38086850 -0.12824370 0.91569260
vn 0.38666580 -0.18135630 0.90421230
vn 0.94162430 -0.08826955 0.32489000
vn 0.99850450 0.01000688 0.05376103
vn 0.93937900 -0.10187110 0.32739960
vn 0.99890950 -0.03986556 0.02433374
vn 0.99850450 0.01000688 0.05376103
vn 0.95722970 -0.06056391 0.28292160
vn 0.06964835 -0.23263170 0.97006830
vn 0.02316443 0.03735595 0.99903390
vn 0.06964830 -0.23263170 0.97006830
vn 0.05829044 0.03291384 0.99775740
vn 0.02316443 0.03735595 0.99903390
vn 0.07228617 -0.21983560 0.97285550
vn 0.99489150 -0.02039636 -0.09887517
vn 0.96624880 -0.07592441 0.24617100
vn 0.99195180 -0.09704094 0.08133925
vn 0.99071530 -0.03354570 0.13175440
vn 0.96624880 -0.07592441 0.24617100
vn 0.99489150 -0.02039636 -0.09887517
vn -0.95853930 0.28348530 -0.02898087
vn -0.96645400 0.25354120 0.04104575
vn -0.95853930 0.28348530 -0.02898080
vn -0.93399570 0.35250710 -0.05824240
vn -0.96645400 0.25354120 0.04104575
vn -0.96187520 0.25354810 -0.10252280
vn 0.39051350 -0.13186670 0.91110410
vn 0.39558980 -0.18045570 0.90052470
vn 0.40053870 -0.18064620 0.89829620
vn 0.38565710 -0.18005900 0.90490200
vn 0.39558980 -0.18045570 0.90052470
vn 0.39051350 -0.13186670 0.91110410
vn 0.39558980 -0.18045570 0.90052470
vn 0.38666580 -0.18135630 0.90421230
vn 0.40053870 -0.18064620 0.89829620
vn 0.38741610 -0.17636060 0.90487900
vn 0.38666580 -0.18135630 0.90421230
vn 0.38679340 -0.17999320 0.90443000
vn 0.98769180 -0.08545899 0.13100770
vn 0.91621910 -0.11771930 0.38299600
vn 0.90537000 -0.11227160 0.40951390
vn 0.99195180 -0.09704094 0.08133925
vn 0.91621910 -0.11771930 0.38299600
vn 0.98769180 -0.08545899 0.13100770
vn -0.11431670 0.91800400 0.37973750
vn -0.08060901 0.92341890 0.37523350
vn -0.13662430 0.98967060 0.04342949
vn -0.06032405 0.92672100 0.37087680
vn -0.08060901 0.92341890 0.37523350
vn -0.07890052 0.92580230 0.36968250
vn 0.92244320 -0.09745907 0.37363280
vn 0.99850450 0.01000688 0.05376103
vn 0.99244160 -0.03363533 0.11802460
vn 0.93937900 -0.10187110 0.32739960
vn 0.99850450 0.01000688 0.05376103
vn 0.92244320 -0.09745907 0.37363280
vn 0.98769180 -0.08545899 0.13100770
vn 0.92244320 -0.09745907 0.37363280
vn 0.99244160 -0.03363533 0.11802460
vn 0.90395210 -0.12126370 0.41008190
vn 0.92244320 -0.09745907 0.37363280
vn 0.98769180 -0.08545899 0.13100770
vn -0.00232364 0.60971580 0.79261660
vn -0.20835590 0.59044750 0.77971770
vn -0.00000152 0.60600240 0.79546280
vn -0.24270610 0.63149460 0.73641580
vn -0.20835590 0.59044750 0.77971770
vn -0.00232364 0.60971580 0.79261660
vn 0.98769180 -0.08545899 0.13100770
vn 0.99196500 -0.01577968 -0.12553050
vn 0.99303660 -0.05637859 -0.10344660
vn 0.99244160 -0.03363533 0.11802460
vn 0.99196500 -0.01577968 -0.12553050
vn 0.98769180 -0.08545899 0.13100770
f 3/3/3 2/2/2 1/1/1
f 6/6/6 5/5/5 4/4/4
f 9/9/9 8/8/8 7/7/7
f 12/12/12 11/11/11 10/10/10
f 15/15/15 14/14/14 13/13/13
f 18/18/18 17/17/17 16/16/16
f 21/21/21 20/20/20 19/19/19
f 24/24/24 23/23/23 22/22/22
f 27/27/27 26/26/26 25/25/25
f 30/30/30 29/29/29 28/28/28
f 33/33/33 32/32/32 31/31/31
f 36/36/36 35/35/35 34/34/34
f 39/39/39 38/38/38 37/37/37
f 42/42/42 41/41/41 40/40/40
f 45/45/45 44/44/44 43/43/43
f 48/48/48 47/47/47 46/46/46
f 51/51/51 50/50/50 49/49/49
f 54/54/54 53/53/53 52/52/52
f 57/57/57 56/56/56 55/55/55
f 60/60/60 59/59/59 58/58/58
f 63/63/63 62/62/62 61/61/61
f 66/66/66 65/65/65 64/64/64
f 69/69/69 68/68/68 67/67/67
f 72/72/72 71/71/71 70/70/70
f 75/75/75 74/74/74 73/73/73
f 78/78/78 77/77/77 76/76/76
f 81/81/81 80/80/80 79/79/79
f 84/84/84 83/83/83 82/82/82
f 87/87/87 86/86/86 85/85/85
f 90/90/90 89/89/89 88/88/88
f 93/93/93 92/92/92 91/91/91
f 96/96/96 95/95/95 94/94/94
f 99/99/99 98/98/98 97/97/97
f 102/102/102 101/101/101 100/100/100
f 105/105/105 104/104/104 103/103/103
f 108/108/108 107/107/107 106/106/106
f 111/111/111 110/110/110 109/109/109
f 114/114/114 113/113/113 112/112/112
f 117/117/117 116/116/116 115/115/115
f 120/120/120 119/119/119 118/118/118
f 123/123/123 122/122/122 121/121/121
f 126/126/126 125/125/125 124/124/124
f 129/129/129 128/128/128 127/127/127
f 132/132/132 131/131/131 130/130/130
f 135/135/135 134/134/134 133/133/133
f 138/138/138 137/137/137 136/136/136
f 141/141/141 140/140/140 139/139/139
f 144/144/144 143/143/143 142/142/142
f 147/147/147 146/146/146 145/145/145
f 150/150/150 149/149/149 148/148/148
f 153/153/153 152/152/152 151/151/151
f 156/156/156 155/155/155 154/154/154
f 159/159/159 158/158/158 157/157/157
f 162/162/162 161/161/161 160/160/160
f 165/165/165 164/164/164 163/163/163
f 168/168/168 167/167/167 166/166/166
f 171/171/171 170/170/170 169/169/169
f 174/174/174 173/173/173 172/172/172
f 177/177/177 176/176/176 175/175/175
f 180/180/180 179/179/179 178/178/178
f 183/183/183 182/182/182 181/181/181
f 186/186/186 185/185/185 184/184/184
f 189/189/189 188/188/188 187/187/187
f 192/192/192 191/191/191 190/190/190
f 195/195/195 194/194/194 193/193/193
f 198/198/198 197/197/197 196/196/196
f 201/201/201 200/200/200 199/199/199
f 204/204/204 203/203/203 202/202/202
f 207/207/207 206/206/206 205/205/205
f 210/210/210 209/209/209 208/208/208
f 213/213/213 212/212/212 211/211/211
f 216/216/216 215/215/215 214/214/214
f 219/219/219 218/218/218 217/217/217
f 222/222/222 221/221/221 220/220/220
f 225/225/225 224/224/224 223/223/223
f 228/228/228 227/227/227 226/226/226
f 231/231/231 230/230/230 229/229/229
f 234/234/234 233/233/233 232/232/232
f 237/237/237 236/236/236 235/235/235
f 240/240/240 239/239/239 238/238/238
f 243/243/243 242/242/242 241/241/241
f 246/246/246 245/245/245 244/244/244
f 249/249/249 248/248/248 247/247/247
f 252/252/252 251/251/251 250/250/250
f 255/255/255 254/254/254 253/253/253
f 258/258/258 257/257/257 256/256/256
f 261/261/261 260/260/260 259/259/259
f 264/264/264 263/263/263 262/262/262
f 267/267/267 266/266/266 265/265/265
f 270/270/270 269/269/269 268/268/268
f 273/273/273 272/272/272 271/271/271
f 276/276/276 275/275/275 274/274/274
f 279/279/279 278/278/278 277/277/277
f 282/282/282 281/281/281 280/280/280
f 285/285/285 284/284/284 283/283/283
f 288/288/288 287/287/287 286/286/286
f 291/291/291 290/290/290 289/289/289
f 294/294/294 293/293/293 292/292/292
f 297/297/297 296/296/296 295/295/295
f 300/300/300 299/299/299 298/298/298
f 303/303/303 302/302/302 301/301/301
f 306/306/306 305/305/305 304/304/304
f 309/309/309 308/308/308 307/307/307
f 312/312/312 311/311/311 310/310/310
f 315/315/315 314/314/314 313/313/313
f 318/318/318 317/317/317 316/316/316
f 321/321/321 320/320/320 319/319/319
f 324/324/324 323/323/323 322/322/322
f 327/327/327 326/326/326 325/325/325
f 330/330/330 329/329/329 328/328/328
f 333/333/333 332/332/332 331/331/331
f 336/336/336 335/335/335 334/334/334
f 339/339/339 338/338/338 337/337/337
f 342/342/342 341/341/341 340/340/340
f 345/345/345 344/344/344 343/343/343
f 348/348/348 347/347/347 346/346/346
f 351/351/351 350/350/350 349/349/349
f 354/354/354 353/353/353 352/352/352
f 357/357/357 356/356/356 355/355/355
f 360/360/360 359/359/359 358/358/358
f 363/363/363 362/362/362 361/361/361
f 366/366/366 365/365/365 364/364/364
f 369/369/369 368/368/368 367/367/367
f 372/372/372 371/371/371 370/370/370
f 375/375/375 374/374/374 373/373/373
f 378/378/378 377/377/377 376/376/376
f 381/381/381 380/380/380 379/379/379
f 384/384/384 383/383/383 382/382/382
f 387/387/387 386/386/386 385/385/385
f 390/390/390 389/389/389 388/388/388
f 393/393/393 392/392/392 391/391/391
f 396/396/396 395/395/395 394/394/394
f 399/399/399 398/398/398 397/397/397
f 402/402/402 401/401/401 400/400/400
f 405/405/405 404/404/404 403/403/403
f 408/408/408 407/407/407 406/406/406
f 411/411/411 410/410/410 409/409/409
f 414/414/414 413/413/413 412/412/412
f 417/417/417 416/416/416 415/415/415
f 420/420/420 419/419/419 418/418/418
f 423/423/423 422/422/422 421/421/421
f 426/426/426 425/425/425 424/424/424
f 429/429/429 428/428/428 427/427/427
f 432/432/432 431/431/431 430/430/430
f 435/435/435 434/434/434 433/433/433
f 438/438/438 437/437/437 436/436/436
f 441/441/441 440/440/440 439/439/439
f 444/444/444 443/443/443 442/442/442
f 447/447/447 446/446/446 445/445/445
f 450/450/450 449/449/449 448/448/448
f 453/453/453 452/452/452 451/451/451
f 456/456/456 455/455/455 454/454/454
f 459/459/459 458/458/458 457/457/457
f 462/462/462 461/461/461 460/460/460
f 465/465/465 464/464/464 463/463/463
f 468/468/468 467/467/467 466/466/466
f 471/471/471 470/470/470 469/469/469
f 474/474/474 473/473/473 472/472/472
f 477/477/477 476/476/476 475/475/475
f 480/480/480 479/479/479 478/478/478
f 483/483/483 482/482/482 481/481/481
f 486/486/486 485/485/485 484/484/484
f 489/489/489 488/488/488 487/487/487
f 492/492/492 491/491/491 490/490/490
f 495/495/495 494/494/494 493/493/493
f 498/498/498 497/497/497 496/496/496
f 501/501/501 500/500/500 499/499/499
f 504/504/504 503/503/503 502/502/502
f 507/507/507 506/506/506 505/505/505
f 510/510/510 509/509/509 508/508/508
f 513/513/513 512/512/512 511/511/511
f 516/516/516 515/515/515 514/514/514
f 519/519/519 518/518/518 517/517/517
f 522/522/522 521/521/521 520/520/520
f 525/525/525 524/524/524 523/523/523
f 528/528/528 527/527/527 526/526/526
f 531/531/531 530/530/530 529/529/529
f 534/534/534 533/533/533 532/532/532
f 537/537/537 536/536/536 535/535/535
f 540/540/540 539/539/539 538/538/538
f 543/543/543 542/542/542 541/541/541
f 546/546/546 545/545/545 544/544/544
f 549/549/549 548/548/548 547/547/547
f 552/552/552 551/551/551 550/550/550
f 555/555/555 554/554/554 553/553/553
f 558/558/558 557/557/557 556/556/556
f 561/561/561 560/560/560 559/559/559
f 564/564/564 563/563/563 562/562/562
f 567/567/567 566/566/566 565/565/565
f 570/570/570 569/569/569 568/568/568
f 573/573/573 572/572/572 571/571/571
f 576/576/576 575/575/575 574/574/574
f 579/579/579 578/578/578 577/577/577
f 582/582/582 581/581/581 580/580/580
f 585/585/585 584/584/584 583/583/583
f 588/588/588 587/587/587 586/586/586
f 591/591/591 590/590/590 589/589/589
f 594/594/594 593/593/593 592/592/592
f 597/597/597 596/596/596 595/595/595
f 600/600/600 599/599/599 598/598/598
f 603/603/603 602/602/602 601/601/601
f 606/606/606 605/605/605 604/604/604
f 609/609/609 608/608/608 607/607/607
f 612/612/612 611/611/611 610/610/610
f 615/615/615 614/614/614 613/613/613
f 618/618/618 617/617/617 616/616/616
f 621/621/621 620/620/620 619/619/619
f 624/624/624 623/623/623 622/622/622
f 627/627/627 626/626/626 625/625/625
f 630/630/630 629/629/629 628/628/628
f 633/633/633 632/632/632 631/631/631
f 636/636/636 635/635/635 634/634/634
f 639/639/639 638/638/638 637/637/637
f 642/642/642 641/641/641 640/640/640
f 645/645/645 644/644/644 643/643/643
f 648/648/648 647/647/647 646/646/646
f 651/651/651 650/650/650 649/649/649
f 654/654/654 653/653/653 652/652/652
f 657/657/657 656/656/656 655/655/655
f 660/660/660 659/659/659 658/658/658
f 663/663/663 662/662/662 661/661/661
f 666/666/666 665/665/665 664/664/664
f 669/669/669 668/668/668 667/667/667
f 672/672/672 671/671/671 670/670/670
f 675/675/675 674/674/674 673/673/673
f 678/678/678 677/677/677 676/676/676
f 681/681/681 680/680/680 679/679/679
f 684/684/684 683/683/683 682/682/682
f 687/687/687 686/686/686 685/685/685
f 690/690/690 689/689/689 688/688/688
f 693/693/693 692/692/692 691/691/691
f 696/696/696 695/695/695 694/694/694
f 699/699/699 698/698/698 697/697/697
f 702/702/702 701/701/701 700/700/700
f 705/705/705 704/704/704 703/703/703
f 708/708/708 707/707/707 706/706/706
f 711/711/711 710/710/710 709/709/709
f 714/714/714 713/713/713 712/712/712
f 717/717/717 716/716/716 715/715/715
f 720/720/720 719/719/719 718/718/718
f 723/723/723 722/722/722 721/721/721
f 726/726/726 725/725/725 724/724/724
f 729/729/729 728/728/728 727/727/727
f 732/732/732 731/731/731 730/730/730
f 735/735/735 734/734/734 733/733/733
f 738/738/738 737/737/737 736/736/736
f 741/741/741 740/740/740 739/739/739
f 744/744/744 743/743/743 742/742/742
f 747/747/747 746/746/746 745/745/745
f 750/750/750 749/749/749 748/748/748
f 753/753/753 752/752/752 751/751/751
f 756/756/756 755/755/755 754/754/754
f 759/759/759 758/758/758 757/757/757
f 762/762/762 761/761/761 760/760/760
f 765/765/765 764/764/764 763/763/763
f 768/768/768 767/767/767 766/766/766
f 771/771/771 770/770/770 769/769/769
f 774/774/774 773/773/773 772/772/772
f 777/777/777 776/776/776 775/775/775
f 780/780/780 779/779/779 778/778/778
f 783/783/783 782/782/782 781/781/781
f 786/786/786 785/785/785 784/784/784
f 789/789/789 788/788/788 787/787/787
f 792/792/792 791/791/791 790/790/790
f 795/795/795 794/794/794 793/793/793
f 798/798/798 797/797/797 796/796/796
f 801/801/801 800/800/800 799/799/799
f 804/804/804 803/803/803 802/802/802
f 807/807/807 806/806/806 805/805/805
f 810/810/810 809/809/809 808/808/808
f 813/813/813 812/812/812 811/811/811
f 816/816/816 815/815/815 814/814/814
f 819/819/819 818/818/818 817/817/817
f 822/822/822 821/821/821 820/820/820
f 825/825/825 824/824/824 823/823/823
f 828/828/828 827/827/827 826/826/826
f 831/831/831 830/830/830 829/829/829
f 834/834/834 833/833/833 832/832/832
f 837/837/837 836/836/836 835/835/835
f 840/840/840 839/839/839 838/838/838
f 843/843/843 842/842/842 841/841/841
f 846/846/846 845/845/845 844/844/844
f 849/849/849 848/848/848 847/847/847
f 852/852/852 851/851/851 850/850/850
f 855/855/855 854/854/854 853/853/853
f 858/858/858 857/857/857 856/856/856
f 861/861/861 860/860/860 859/859/859
f 864/864/864 863/863/863 862/862/862
f 867/867/867 866/866/866 865/865/865
f 870/870/870 869/869/869 868/868/868
f 873/873/873 872/872/872 871/871/871
f 876/876/876 875/875/875 874/874/874
f 879/879/879 878/878/878 877/877/877
f 882/882/882 881/881/881 880/880/880
f 885/885/885 884/884/884 883/883/883
f 888/888/888 887/887/887 886/886/886
f 891/891/891 890/890/890 889/889/889
f 894/894/894 893/893/893 892/892/892
f 897/897/897 896/896/896 895/895/895
f 900/900/900 899/899/899 898/898/898
f 903/903/903 902/902/902 901/901/901
f 906/906/906 905/905/905 904/904/904
f 909/909/909 908/908/908 907/907/907
f 912/912/912 911/911/911 910/910/910
f 915/915/915 914/914/914 913/913/913
f 918/918/918 917/917/917 916/916/916
f 921/921/921 920/920/920 919/919/919
f 924/924/924 923/923/923 922/922/922
f 927/927/927 926/926/926 925/925/925
f 930/930/930 929/929/929 928/928/928
f 933/933/933 932/932/932 931/931/931
f 936/936/936 935/935/935 934/934/934
f 939/939/939 938/938/938 937/937/937
f 942/942/942 941/941/941 940/940/940
f 945/945/945 944/944/944 943/943/943
f 948/948/948 947/947/947 946/946/946
f 951/951/951 950/950/950 949/949/949
f 954/954/954 953/953/953 952/952/952
f 957/957/957 956/956/956 955/955/955
f 960/960/960 959/959/959 958/958/958
f 963/963/963 962/962/962 961/961/961
f 966/966/966 965/965/965 964/964/964
f 969/969/969 968/968/968 967/967/967
f 972/972/972 971/971/971 970/970/970
f 975/975/975 974/974/974 973/973/973
f 978/978/978 977/977/977 976/976/976
f 981/981/981 980/980/980 979/979/979
f 984/984/984 983/983/983 982/982/982
f 987/987/987 986/986/986 985/985/985
f 990/990/990 989/989/989 988/988/988
f 993/993/993 992/992/992 991/991/991
f 996/996/996 995/995/995 994/994/994
f 999/999/999 998/998/998 997/997/997
f 1002/1002/1002 1001/1001/1001 1000/1000/1000
f 1005/1005/1005 1004/1004/1004 1003/1003/1003
f 1008/1008/1008 1007/1007/1007 1006/1006/1006
f 1011/1011/1011 1010/1010/1010 1009/1009/1009
f 1014/1014/1014 1013/1013/1013 1012/1012/1012
f 1017/1017/1017 1016/1016/1016 1015/1015/1015
f 1020/1020/1020 1019/1019/1019 1018/1018/1018
f 1023/1023/1023 1022/1022/1022 1021/1021/1021
f 1026/1026/1026 1025/1025/1025 1024/1024/1024
f 1029/1029/1029 1028/1028/1028 1027/1027/1027
f 1032/1032/1032 1031/1031/1031 1030/1030/1030
f 1035/1035/1035 1034/1034/1034 1033/1033/1033
f 1038/1038/1038 1037/1037/1037 1036/1036/1036
f 1041/1041/1041 1040/1040/1040 1039/1039/1039
f 1044/1044/1044 1043/1043/1043 1042/1042/1042
f 1047/1047/1047 1046/1046/1046 1045/1045/1045
f 1050/1050/1050 1049/1049/1049 1048/1048/1048
f 1053/1053/1053 1052/1052/1052 1051/1051/1051
f 1056/1056/1056 1055/1055/1055 1054/1054/1054
f 1059/1059/1059 1058/1058/1058 1057/1057/1057
f 1062/1062/1062 1061/1061/1061 1060/1060/1060
f 1065/1065/1065 1064/1064/1064 1063/1063/1063
f 1068/1068/1068 1067/1067/1067 1066/1066/1066
f 1071/1071/1071 1070/1070/1070 1069/1069/1069
f 1074/1074/1074 1073/1073/1073 1072/1072/1072
f 1077/1077/1077 1076/1076/1076 1075/1075/1075
f 1080/1080/1080 1079/1079/1079 1078/1078/1078
f 1083/1083/1083 1082/1082/1082 1081/1081/1081
f 1086/1086/1086 1085/1085/1085 1084/1084/1084
f 1089/1089/1089 1088/1088/1088 1087/1087/1087
f 1092/1092/1092 1091/1091/1091 1090/1090/1090
f 1095/1095/1095 1094/1094/1094 1093/1093/1093
f 1098/1098/1098 1097/1097/1097 1096/1096/1096
f 1101/1101/1101 1100/1100/1100 1099/1099/1099
f 1104/1104/1104 1103/1103/1103 1102/1102/1102
f 1107/1107/1107 1106/1106/1106 1105/1105/1105
f 1110/1110/1110 1109/1109/1109 1108/1108/1108
f 1113/1113/1113 1112/1112/1112 1111/1111/1111
f 1116/1116/1116 1115/1115/1115 1114/1114/1114
f 1119/1119/1119 1118/1118/1118 1117/1117/1117
f 1122/1122/1122 1121/1121/1121 1120/1120/1120
f 1125/1125/1125 1124/1124/1124 1123/1123/1123
f 1128/1128/1128 1127/1127/1127 1126/1126/1126
f 1131/1131/1131 1130/1130/1130 1129/1129/1129
f 1134/1134/1134 1133/1133/1133 1132/1132/1132
f 1137/1137/1137 1136/1136/1136 1135/1135/1135
f 1140/1140/1140 1139/1139/1139 1138/1138/1138
f 1143/1143/1143 1142/1142/1142 1141/1141/1141
f 1146/1146/1146 1145/1145/1145 1144/1144/1144
f 1149/1149/1149 1148/1148/1148 1147/1147/1147
f 1152/1152/1152 1151/1151/1151 1150/1150/1150
f 1155/1155/1155 1154/1154/1154 1153/1153/1153
f 1158/1158/1158 1157/1157/1157 1156/1156/1156
f 1161/1161/1161 1160/1160/1160 1159/1159/1159
f 1164/1164/1164 1163/1163/1163 1162/1162/1162
f 1167/1167/1167 1166/1166/1166 1165/1165/1165
f 1170/1170/1170 1169/1169/1169 1168/1168/1168
f 1173/1173/1173 1172/1172/1172 1171/1171/1171
f 1176/1176/1176 1175/1175/1175 1174/1174/1174
f 1179/1179/1179 1178/1178/1178 1177/1177/1177
f 1182/1182/1182 1181/1181/1181 1180/1180/1180
f 1185/1185/1185 1184/1184/1184 1183/1183/1183
f 1188/1188/1188 1187/1187/1187 1186/1186/1186
f 1191/1191/1191 1190/1190/1190 1189/1189/1189
f 1194/1194/1194 1193/1193/1193 1192/1192/1192
f 1197/1197/1197 1196/1196/1196 1195/1195/1195
f 1200/1200/1200 1199/1199/1199 1198/1198/1198
f 1203/1203/1203 1202/1202/1202 1201/1201/1201
f 1206/1206/1206 1205/1205/1205 1204/1204/1204
f 1209/1209/1209 1208/1208/1208 1207/1207/1207
f 1212/1212/1212 1211/1211/1211 1210/1210/1210
f 1215/1215/1215 1214/1214/1214 1213/1213/1213
f 1218/1218/1218 1217/1217/1217 1216/1216/1216
f 1221/1221/1221 1220/1220/1220 1219/1219/1219
f 1224/1224/1224 1223/1223/1223 1222/1222/1222
f 1227/1227/1227 1226/1226/1226 1225/1225/1225
f 1230/1230/1230 1229/1229/1229 1228/1228/1228
f 1233/1233/1233 1232/1232/1232 1231/1231/1231
f 1236/1236/1236 1235/1235/1235 1234/1234/1234
f 1239/1239/1239 1238/1238/1238 1237/1237/1237
f 1242/1242/1242 1241/1241/1241 1240/1240/1240
f 1245/1245/1245 1244/1244/1244 1243/1243/1243
f 1248/1248/1248 1247/1247/1247 1246/1246/1246
f 1251/1251/1251 1250/1250/1250 1249/1249/1249
f 1254/1254/1254 1253/1253/1253 1252/1252/1252
f 1257/1257/1257 1256/1256/1256 1255/1255/1255
f 1260/1260/1260 1259/1259/1259 1258/1258/1258
f 1263/1263/1263 1262/1262/1262 1261/1261/1261
f 1266/1266/1266 1265/1265/1265 1264/1264/1264
f 1269/1269/1269 1268/1268/1268 1267/1267/1267
f 1272/1272/1272 1271/1271/1271 1270/1270/1270
f 1275/1275/1275 1274/1274/1274 1273/1273/1273
f 1278/1278/1278 1277/1277/1277 1276/1276/1276
f 1281/1281/1281 1280/1280/1280 1279/1279/1279
f 1284/1284/1284 1283/1283/1283 1282/1282/1282
f 1287/1287/1287 1286/1286/1286 1285/1285/1285
f 1290/1290/1290 1289/1289/1289 1288/1288/1288
f 1293/1293/1293 1292/1292/1292 1291/1291/1291
f 1296/1296/1296 1295/1295/1295 1294/1294/1294
f 1299/1299/1299 1298/1298/1298 1297/1297/1297
f 1302/1302/1302 1301/1301/1301 1300/1300/1300
f 1305/1305/1305 1304/1304/1304 1303/1303/1303
f 1308/1308/1308 1307/1307/1307 1306/1306/1306
f 1311/1311/1311 1310/1310/1310 1309/1309/1309
f 1314/1314/1314 1313/1313/1313 1312/1312/1312
f 1317/1317/1317 1316/1316/1316 1315/1315/1315
f 1320/1320/1320 1319/1319/1319 1318/1318/1318
f 1323/1323/1323 1322/1322/1322 1321/1321/1321
f 1326/1326/1326 1325/1325/1325 1324/1324/1324
f 1329/1329/1329 1328/1328/1328 1327/1327/1327
f 1332/1332/1332 1331/1331/1331 1330/1330/1330
f 1335/1335/1335 1334/1334/1334 1333/1333/1333
f 1338/1338/1338 1337/1337/1337 1336/1336/1336
f 1341/1341/1341 1340/1340/1340 1339/1339/1339
f 1344/1344/1344 1343/1343/1343 1342/1342/1342
f 1347/1347/1347 1346/1346/1346 1345/1345/1345
f 1350/1350/1350 1349/1349/1349 1348/1348/1348
f 1353/1353/1353 1352/1352/1352 1351/1351/1351
f 1356/1356/1356 1355/1355/1355 1354/1354/1354
f 1359/1359/1359 1358/1358/1358 1357/1357/1357
f 1362/1362/1362 1361/1361/1361 1360/1360/1360
f 1365/1365/1365 1364/1364/1364 1363/1363/1363
f 1368/1368/1368 1367/1367/1367 1366/1366/1366
f 1371/1371/1371 1370/1370/1370 1369/1369/1369
f 1374/1374/1374 1373/1373/1373 1372/1372/1372
f 1377/1377/1377 1376/1376/1376 1375/1375/1375
f 1380/1380/1380 1379/1379/1379 1378/1378/1378
f 1383/1383/1383 1382/1382/1382 1381/1381/1381
f 1386/1386/1386 1385/1385/1385 1384/1384/1384
f 1389/1389/1389 1388/1388/1388 1387/1387/1387
f 1392/1392/1392 1391/1391/1391 1390/1390/1390
f 1395/1395/1395 1394/1394/1394 1393/1393/1393
f 1398/1398/1398 1397/1397/1397 1396/1396/1396
f 1401/1401/1401 1400/1400/1400 1399/1399/1399
f 1404/1404/1404 1403/1403/1403 1402/1402/1402
f 1407/1407/1407 1406/1406/1406 1405/1405/1405
f 1410/1410/1410 1409/1409/1409 1408/1408/1408
f 1413/1413/1413 1412/1412/1412 1411/1411/1411
f 1416/1416/1416 1415/1415/1415 1414/1414/1414
f 1419/1419/1419 1418/1418/1418 1417/1417/1417
f 1422/1422/1422 1421/1421/1421 1420/1420/1420
f 1425/1425/1425 1424/1424/1424 1423/1423/1423
f 1428/1428/1428 1427/1427/1427 1426/1426/1426
f 1431/1431/1431 1430/1430/1430 1429/1429/1429
f 1434/1434/1434 1433/1433/1433 1432/1432/1432
f 1437/1437/1437 1436/1436/1436 1435/1435/1435
f 1440/1440/1440 1439/1439/1439 1438/1438/1438
f 1443/1443/1443 1442/1442/1442 1441/1441/1441
f 1446/1446/1446 1445/1445/1445 1444/1444/1444
f 1449/1449/1449 1448/1448/1448 1447/1447/1447
f 1452/1452/1452 1451/1451/1451 1450/1450/1450
f 1455/1455/1455 1454/1454/1454 1453/1453/1453
f 1458/1458/1458 1457/1457/1457 1456/1456/1456
f 1461/1461/1461 1460/1460/1460 1459/1459/1459
f 1464/1464/1464 1463/1463/1463 1462/1462/1462
f 1467/1467/1467 1466/1466/1466 1465/1465/1465
f 1470/1470/1470 1469/1469/1469 1468/1468/1468
f 1473/1473/1473 1472/1472/1472 1471/1471/1471
f 1476/1476/1476 1475/1475/1475 1474/1474/1474
f 1479/1479/1479 1478/1478/1478 1477/1477/1477
f 1482/1482/1482 1481/1481/1481 1480/1480/1480
f 1485/1485/1485 1484/1484/1484 1483/1483/1483
f 1488/1488/1488 1487/1487/1487 1486/1486/1486
f 1491/1491/1491 1490/1490/1490 1489/1489/1489
f 1494/1494/1494 1493/1493/1493 1492/1492/1492
f 1497/1497/1497 1496/1496/1496 1495/1495/1495
f 1500/1500/1500 1499/1499/1499 1498/1498/1498
f 1503/1503/1503 1502/1502/1502 1501/1501/1501
f 1506/1506/1506 1505/1505/1505 1504/1504/1504
f 1509/1509/1509 1508/1508/1508 1507/1507/1507
f 1512/1512/1512 1511/1511/1511 1510/1510/1510
f 1515/1515/1515 1514/1514/1514 1513/1513/1513
f 1518/1518/1518 1517/1517/1517 1516/1516/1516
f 1521/1521/1521 1520/1520/1520 1519/1519/1519
f 1524/1524/1524 1523/1523/1523 1522/1522/1522
f 1527/1527/1527 1526/1526/1526 1525/1525/1525
f 1530/1530/1530 1529/1529/1529 1528/1528/1528
f 1533/1533/1533 1532/1532/1532 1531/1531/1531
f 1536/1536/1536 1535/1535/1535 1534/1534/1534
f 1539/1539/1539 1538/1538/1538 1537/1537/1537
f 1542/1542/1542 1541/1541/1541 1540/1540/1540
f 1545/1545/1545 1544/1544/1544 1543/1543/1543
f 1548/1548/1548 1547/1547/1547 1546/1546/1546
f 1551/1551/1551 1550/1550/1550 1549/1549/1549
f 1554/1554/1554 1553/1553/1553 1552/1552/1552
f 1557/1557/1557 1556/1556/1556 1555/1555/1555
f 1560/1560/1560 1559/1559/1559 1558/1558/1558
f 1563/1563/1563 1562/1562/1562 1561/1561/1561
f 1566/1566/1566 1565/1565/1565 1564/1564/1564
f 1569/1569/1569 1568/1568/1568 1567/1567/1567
f 1572/1572/1572 1571/1571/1571 1570/1570/1570
f 1575/1575/1575 1574/1574/1574 1573/1573/1573
f 1578/1578/1578 1577/1577/1577 1576/1576/1576
f 1581/1581/1581 1580/1580/1580 1579/1579/1579
f 1584/1584/1584 1583/1583/1583 1582/1582/1582
f 1587/1587/1587 1586/1586/1586 1585/1585/1585
f 1590/1590/1590 1589/1589/1589 1588/1588/1588
f 1593/1593/1593 1592/1592/1592 1591/1591/1591
f 1596/1596/1596 1595/1595/1595 1594/1594/1594
f 1599/1599/1599 1598/1598/1598 1597/1597/1597
f 1602/1602/1602 1601/1601/1601 1600/1600/1600
f 1605/1605/1605 1604/1604/1604 1603/1603/1603
f 1608/1608/1608 1607/1607/1607 1606/1606/1606
f 1611/1611/1611 1610/1610/1610 1609/1609/1609
f 1614/1614/1614 1613/1613/1613 1612/1612/1612
f 1617/1617/1617 1616/1616/1616 1615/1615/1615
f 1620/1620/1620 1619/1619/1619 1618/1618/1618
f 1623/1623/1623 1622/1622/1622 1621/1621/1621
f 1626/1626/1626 1625/1625/1625 1624/1624/1624
f 1629/1629/1629 1628/1628/1628 1627/1627/1627
f 1632/1632/1632 1631/1631/1631 1630/1630/1630
f 1635/1635/1635 1634/1634/1634 1633/1633/1633
f 1638/1638/1638 1637/1637/1637 1636/1636/1636
f 1641/1641/1641 1640/1640/1640 1639/1639/1639
f 1644/1644/1644 1643/1643/1643 1642/1642/1642
f 1647/1647/1647 1646/1646/1646 1645/1645/1645
f 1650/1650/1650 1649/1649/1649 1648/1648/1648
f 1653/1653/1653 1652/1652/1652 1651/1651/1651
f 1656/1656/1656 1655/1655/1655 1654/1654/1654
f 1659/1659/1659 1658/1658/1658 1657/1657/1657
f 1662/1662/1662 1661/1661/1661 1660/1660/1660
f 1665/1665/1665 1664/1664/1664 1663/1663/1663
f 1668/1668/1668 1667/1667/1667 1666/1666/1666
f 1671/1671/1671 1670/1670/1670 1669/1669/1669
f 1674/1674/1674 1673/1673/1673 1672/1672/1672
f 1677/1677/1677 1676/1676/1676 1675/1675/1675
f 1680/1680/1680 1679/1679/1679 1678/1678/1678
f 1683/1683/1683 1682/1682/1682 1681/1681/1681
f 1686/1686/1686 1685/1685/1685 1684/1684/1684
f 1689/1689/1689 1688/1688/1688 1687/1687/1687
f 1692/1692/1692 1691/1691/1691 1690/1690/1690
f 1695/1695/1695 1694/1694/1694 1693/1693/1693
f 1698/1698/1698 1697/1697/1697 1696/1696/1696
f 1701/1701/1701 1700/1700/1700 1699/1699/1699
f 1704/1704/1704 1703/1703/1703 1702/1702/1702
f 1707/1707/1707 1706/1706/1706 1705/1705/1705
f 1710/1710/1710 1709/1709/1709 1708/1708/1708
f 1713/1713/1713 1712/1712/1712 1711/1711/1711
f 1716/1716/1716 1715/1715/1715 1714/1714/1714
f 1719/1719/1719 1718/1718/1718 1717/1717/1717
f 1722/1722/1722 1721/1721/1721 1720/1720/1720
f 1725/1725/1725 1724/1724/1724 1723/1723/1723
f 1728/1728/1728 1727/1727/1727 1726/1726/1726
f 1731/1731/1731 1730/1730/1730 1729/1729/1729
f 1734/1734/1734 1733/1733/1733 1732/1732/1732
f 1737/1737/1737 1736/1736/1736 1735/1735/1735
f 1740/1740/1740 1739/1739/1739 1738/1738/1738
f 1743/1743/1743 1742/1742/1742 1741/1741/1741
f 1746/1746/1746 1745/1745/1745 1744/1744/1744
f 1749/1749/1749 1748/1748/1748 1747/1747/1747
f 1752/1752/1752 1751/1751/1751 1750/1750/1750
f 1755/1755/1755 1754/1754/1754 1753/1753/1753
f 1758/1758/1758 1757/1757/1757 1756/1756/1756
f 1761/1761/1761 1760/1760/1760 1759/1759/1759
f 1764/1764/1764 1763/1763/1763 1762/1762/1762
f 1767/1767/1767 1766/1766/1766 1765/1765/1765
f 1770/1770/1770 1769/1769/1769 1768/1768/1768
f 1773/1773/1773 1772/1772/1772 1771/1771/1771
f 1776/1776/1776 1775/1775/1775 1774/1774/1774
f 1779/1779/1779 1778/1778/1778 1777/1777/1777
f 1782/1782/1782 1781/1781/1781 1780/1780/1780
f 1785/1785/1785 1784/1784/1784 1783/1783/1783
f 1788/1788/1788 1787/1787/1787 1786/1786/1786
f 1791/1791/1791 1790/1790/1790 1789/1789/1789
f 1794/1794/1794 1793/1793/1793 1792/1792/1792
f 1797/1797/1797 1796/1796/1796 1795/1795/1795
f 1800/1800/1800 1799/1799/1799 1798/1798/1798
f 1803/1803/1803 1802/1802/1802 1801/1801/1801
f 1806/1806/1806 1805/1805/1805 1804/1804/1804
f 1809/1809/1809 1808/1808/1808 1807/1807/1807
f 1812/1812/1812 1811/1811/1811 1810/1810/1810
f 1815/1815/1815 1814/1814/1814 1813/1813/1813
f 1818/1818/1818 1817/1817/1817 1816/1816/1816
f 1821/1821/1821 1820/1820/1820 1819/1819/1819
f 1824/1824/1824 1823/1823/1823 1822/1822/1822
f 1827/1827/1827 1826/1826/1826 1825/1825/1825
f 1830/1830/1830 1829/1829/1829 1828/1828/1828
f 1833/1833/1833 1832/1832/1832 1831/1831/1831
f 1836/1836/1836 1835/1835/1835 1834/1834/1834
f 1839/1839/1839 1838/1838/1838 1837/1837/1837
f 1842/1842/1842 1841/1841/1841 1840/1840/1840
f 1845/1845/1845 1844/1844/1844 1843/1843/1843
f 1848/1848/1848 1847/1847/1847 1846/1846/1846
f 1851/1851/1851 1850/1850/1850 1849/1849/1849
f 1854/1854/1854 1853/1853/1853 1852/1852/1852
f 1857/1857/1857 1856/1856/1856 1855/1855/1855
f 1860/1860/1860 1859/1859/1859 1858/1858/1858
f 1863/1863/1863 1862/1862/1862 1861/1861/1861
f 1866/1866/1866 1865/1865/1865 1864/1864/1864
f 1869/1869/1869 1868/1868/1868 1867/1867/1867
f 1872/1872/1872 1871/1871/1871 1870/1870/1870
f 1875/1875/1875 1874/1874/1874 1873/1873/1873
f 1878/1878/1878 1877/1877/1877 1876/1876/1876
f 1881/1881/1881 1880/1880/1880 1879/1879/1879
f 1884/1884/1884 1883/1883/1883 1882/1882/1882
f 1887/1887/1887 1886/1886/1886 1885/1885/1885
f 1890/1890/1890 1889/1889/1889 1888/1888/1888
f 1893/1893/1893 1892/1892/1892 1891/1891/1891
f 1896/1896/1896 1895/1895/1895 1894/1894/1894
f 1899/1899/1899 1898/1898/1898 1897/1897/1897
f 1902/1902/1902 1901/1901/1901 1900/1900/1900
f 1905/1905/1905 1904/1904/1904 1903/1903/1903
f 1908/1908/1908 1907/1907/1907 1906/1906/1906
f 1911/1911/1911 1910/1910/1910 1909/1909/1909
f 1914/1914/1914 1913/1913/1913 1912/1912/1912
f 1917/1917/1917 1916/1916/1916 1915/1915/1915
f 1920/1920/1920 1919/1919/1919 1918/1918/1918
f 1923/1923/1923 1922/1922/1922 1921/1921/1921
f 1926/1926/1926 1925/1925/1925 1924/1924/1924
f 1929/1929/1929 1928/1928/1928 1927/1927/1927
f 1932/1932/1932 1931/1931/1931 1930/1930/1930
f 1935/1935/1935 1934/1934/1934 1933/1933/1933
f 1938/1938/1938 1937/1937/1937 1936/1936/1936
f 1941/1941/1941 1940/1940/1940 1939/1939/1939
f 1944/1944/1944 1943/1943/1943 1942/1942/1942
f 1947/1947/1947 1946/1946/1946 1945/1945/1945
f 1950/1950/1950 1949/1949/1949 1948/1948/1948
f 1953/1953/1953 1952/1952/1952 1951/1951/1951
f 1956/1956/1956 1955/1955/1955 1954/1954/1954
f 1959/1959/1959 1958/1958/1958 1957/1957/1957
f 1962/1962/1962 1961/1961/1961 1960/1960/1960
f 1965/1965/1965 1964/1964/1964 1963/1963/1963
f 1968/1968/1968 1967/1967/1967 1966/1966/1966
f 1971/1971/1971 1970/1970/1970 1969/1969/1969
f 1974/1974/1974 1973/1973/1973 1972/1972/1972
f 1977/1977/1977 1976/1976/1976 1975/1975/1975
f 1980/1980/1980 1979/1979/1979 1978/1978/1978
f 1983/1983/1983 1982/1982/1982 1981/1981/1981
f 1986/1986/1986 1985/1985/1985 1984/1984/1984
f 1989/1989/1989 1988/1988/1988 1987/1987/1987
f 1992/1992/1992 1991/1991/1991 1990/1990/1990
f 1995/1995/1995 1994/1994/1994 1993/1993/1993
f 1998/1998/1998 1997/1997/1997 1996/1996/1996
f 2001/2001/2001 2000/2000/2000 1999/1999/1999
f 2004/2004/2004 2003/2003/2003 2002/2002/2002
f 2007/2007/2007 2006/2006/2006 2005/2005/2005
f 2010/2010/2010 2009/2009/2009 2008/2008/2008
f 2013/2013/2013 2012/2012/2012 2011/2011/2011
f 2016/2016/2016 2015/2015/2015 2014/2014/2014
f 2019/2019/2019 2018/2018/2018 2017/2017/2017
f 2022/2022/2022 2021/2021/2021 2020/2020/2020
f 2025/2025/2025 2024/2024/2024 2023/2023/2023
f 2028/2028/2028 2027/2027/2027 2026/2026/2026
f 2031/2031/2031 2030/2030/2030 2029/2029/2029
f 2034/2034/2034 2033/2033/2033 2032/2032/2032
f 2037/2037/2037 2036/2036/2036 2035/2035/2035
f 2040/2040/2040 2039/2039/2039 2038/2038/2038
f 2043/2043/2043 2042/2042/2042 2041/2041/2041
f 2046/2046/2046 2045/2045/2045 2044/2044/2044
f 2049/2049/2049 2048/2048/2048 2047/2047/2047
f 2052/2052/2052 2051/2051/2051 2050/2050/2050
f 2055/2055/2055 2054/2054/2054 2053/2053/2053
f 2058/2058/2058 2057/2057/2057 2056/2056/2056
f 2061/2061/2061 2060/2060/2060 2059/2059/2059
f 2064/2064/2064 2063/2063/2063 2062/2062/2062
f 2067/2067/2067 2066/2066/2066 2065/2065/2065
f 2070/2070/2070 2069/2069/2069 2068/2068/2068
f 2073/2073/2073 2072/2072/2072 2071/2071/2071
f 2076/2076/2076 2075/2075/2075 2074/2074/2074
f 2079/2079/2079 2078/2078/2078 2077/2077/2077
f 2082/2082/2082 2081/2081/2081 2080/2080/2080
f 2085/2085/2085 2084/2084/2084 2083/2083/2083
f 2088/2088/2088 2087/2087/2087 2086/2086/2086
f 2091/2091/2091 2090/2090/2090 2089/2089/2089
f 2094/2094/2094 2093/2093/2093 2092/2092/2092
f 2097/2097/2097 2096/2096/2096 2095/2095/2095
f 2100/2100/2100 2099/2099/2099 2098/2098/2098
f 2103/2103/2103 2102/2102/2102 2101/2101/2101
f 2106/2106/2106 2105/2105/2105 2104/2104/2104
f 2109/2109/2109 2108/2108/2108 2107/2107/2107
f 2112/2112/2112 2111/2111/2111 2110/2110/2110
f 2115/2115/2115 2114/2114/2114 2113/2113/2113
f 2118/2118/2118 2117/2117/2117 2116/2116/2116
f 2121/2121/2121 2120/2120/2120 2119/2119/2119
f 2124/2124/2124 2123/2123/2123 2122/2122/2122
f 2127/2127/2127 2126/2126/2126 2125/2125/2125
f 2130/2130/2130 2129/2129/2129 2128/2128/2128
f 2133/2133/2133 2132/2132/2132 2131/2131/2131
f 2136/2136/2136 2135/2135/2135 2134/2134/2134
f 2139/2139/2139 2138/2138/2138 2137/2137/2137
f 2142/2142/2142 2141/2141/2141 2140/2140/2140
f 2145/2145/2145 2144/2144/2144 2143/2143/2143
f 2148/2148/2148 2147/2147/2147 2146/2146/2146
f 2151/2151/2151 2150/2150/2150 2149/2149/2149
f 2154/2154/2154 2153/2153/2153 2152/2152/2152
f 2157/2157/2157 2156/2156/2156 2155/2155/2155
f 2160/2160/2160 2159/2159/2159 2158/2158/2158
f 2163/2163/2163 2162/2162/2162 2161/2161/2161
f 2166/2166/2166 2165/2165/2165 2164/2164/2164
f 2169/2169/2169 2168/2168/2168 2167/2167/2167
f 2172/2172/2172 2171/2171/2171 2170/2170/2170
f 2175/2175/2175 2174/2174/2174 2173/2173/2173
f 2178/2178/2178 2177/2177/2177 2176/2176/2176
f 2181/2181/2181 2180/2180/2180 2179/2179/2179
f 2184/2184/2184 2183/2183/2183 2182/2182/2182
f 2187/2187/2187 2186/2186/2186 2185/2185/2185
f 2190/2190/2190 2189/2189/2189 2188/2188/2188
f 2193/2193/2193 2192/2192/2192 2191/2191/2191
f 2196/2196/2196 2195/2195/2195 2194/2194/2194
f 2199/2199/2199 2198/2198/2198 2197/2197/2197
f 2202/2202/2202 2201/2201/2201 2200/2200/2200
f 2205/2205/2205 2204/2204/2204 2203/2203/2203
f 2208/2208/2208 2207/2207/2207 2206/2206/2206
f 2211/2211/2211 2210/2210/2210 2209/2209/2209
f 2214/2214/2214 2213/2213/2213 2212/2212/2212
f 2217/2217/2217 2216/2216/2216 2215/2215/2215
f 2220/2220/2220 2219/2219/2219 2218/2218/2218
f 2223/2223/2223 2222/2222/2222 2221/2221/2221
f 2226/2226/2226 2225/2225/2225 2224/2224/2224
f 2229/2229/2229 2228/2228/2228 2227/2227/2227
f 2232/2232/2232 2231/2231/2231 2230/2230/2230
f 2235/2235/2235 2234/2234/2234 2233/2233/2233
f 2238/2238/2238 2237/2237/2237 2236/2236/2236
f 2241/2241/2241 2240/2240/2240 2239/2239/2239
f 2244/2244/2244 2243/2243/2243 2242/2242/2242
f 2247/2247/2247 2246/2246/2246 2245/2245/2245
f 2250/2250/2250 2249/2249/2249 2248/2248/2248
f 2253/2253/2253 2252/2252/2252 2251/2251/2251
f 2256/2256/2256 2255/2255/2255 2254/2254/2254
f 2259/2259/2259 2258/2258/2258 2257/2257/2257
f 2262/2262/2262 2261/2261/2261 2260/2260/2260
f 2265/2265/2265 2264/2264/2264 2263/2263/2263
f 2268/2268/2268 2267/2267/2267 2266/2266/2266
f 2271/2271/2271 2270/2270/2270 2269/2269/2269
f 2274/2274/2274 2273/2273/2273 2272/2272/2272
f 2277/2277/2277 2276/2276/2276 2275/2275/2275
f 2280/2280/2280 2279/2279/2279 2278/2278/2278
f 2283/2283/2283 2282/2282/2282 2281/2281/2281
f 2286/2286/2286 2285/2285/2285 2284/2284/2284
f 2289/2289/2289 2288/2288/2288 2287/2287/2287
f 2292/2292/2292 2291/2291/2291 2290/2290/2290
f 2295/2295/2295 2294/2294/2294 2293/2293/2293
f 2298/2298/2298 2297/2297/2297 2296/2296/2296
f 2301/2301/2301 2300/2300/2300 2299/2299/2299
f 2304/2304/2304 2303/2303/2303 2302/2302/2302
f 2307/2307/2307 2306/2306/2306 2305/2305/2305
f 2310/2310/2310 2309/2309/2309 2308/2308/2308
f 2313/2313/2313 2312/2312/2312 2311/2311/2311
f 2316/2316/2316 2315/2315/2315 2314/2314/2314
f 2319/2319/2319 2318/2318/2318 2317/2317/2317
f 2322/2322/2322 2321/2321/2321 2320/2320/2320
f 2325/2325/2325 2324/2324/2324 2323/2323/2323
f 2328/2328/2328 2327/2327/2327 2326/2326/2326
f 2331/2331/2331 2330/2330/2330 2329/2329/2329
f 2334/2334/2334 2333/2333/2333 2332/2332/2332
f 2337/2337/2337 2336/2336/2336 2335/2335/2335
f 2340/2340/2340 2339/2339/2339 2338/2338/2338
f 2343/2343/2343 2342/2342/2342 2341/2341/2341
f 2346/2346/2346 2345/2345/2345 2344/2344/2344
f 2349/2349/2349 2348/2348/2348 2347/2347/2347
f 2352/2352/2352 2351/2351/2351 2350/2350/2350
f 2355/2355/2355 2354/2354/2354 2353/2353/2353
f 2358/2358/2358 2357/2357/2357 2356/2356/2356
f 2361/2361/2361 2360/2360/2360 2359/2359/2359
f 2364/2364/2364 2363/2363/2363 2362/2362/2362
f 2367/2367/2367 2366/2366/2366 2365/2365/2365
f 2370/2370/2370 2369/2369/2369 2368/2368/2368
f 2373/2373/2373 2372/2372/2372 2371/2371/2371
f 2376/2376/2376 2375/2375/2375 2374/2374/2374
f 2379/2379/2379 2378/2378/2378 2377/2377/2377
f 2382/2382/2382 2381/2381/2381 2380/2380/2380
f 2385/2385/2385 2384/2384/2384 2383/2383/2383
f 2388/2388/2388 2387/2387/2387 2386/2386/2386
f 2391/2391/2391 2390/2390/2390 2389/2389/2389
f 2394/2394/2394 2393/2393/2393 2392/2392/2392
f 2397/2397/2397 2396/2396/2396 2395/2395/2395
f 2400/2400/2400 2399/2399/2399 2398/2398/2398
f 2403/2403/2403 2402/2402/2402 2401/2401/2401
f 2406/2406/2406 2405/2405/2405 2404/2404/2404
f 2409/2409/2409 2408/2408/2408 2407/2407/2407
f 2412/2412/2412 2411/2411/2411 2410/2410/2410
f 2415/2415/2415 2414/2414/2414 2413/2413/2413
f 2418/2418/2418 2417/2417/2417 2416/2416/2416
f 2421/2421/2421 2420/2420/2420 2419/2419/2419
f 2424/2424/2424 2423/2423/2423 2422/2422/2422
f 2427/2427/2427 2426/2426/2426 2425/2425/2425
f 2430/2430/2430 2429/2429/2429 2428/2428/2428
f 2433/2433/2433 2432/2432/2432 2431/2431/2431
f 2436/2436/2436 2435/2435/2435 2434/2434/2434
f 2439/2439/2439 2438/2438/2438 2437/2437/2437
f 2442/2442/2442 2441/2441/2441 2440/2440/2440
f 2445/2445/2445 2444/2444/2444 2443/2443/2443
f 2448/2448/2448 2447/2447/2447 2446/2446/2446
f 2451/2451/2451 2450/2450/2450 2449/2449/2449
f 2454/2454/2454 2453/2453/2453 2452/2452/2452
f 2457/2457/2457 2456/2456/2456 2455/2455/2455
f 2460/2460/2460 2459/2459/2459 2458/2458/2458
f 2463/2463/2463 2462/2462/2462 2461/2461/2461
f 2466/2466/2466 2465/2465/2465 2464/2464/2464
f 2469/2469/2469 2468/2468/2468 2467/2467/2467
f 2472/2472/2472 2471/2471/2471 2470/2470/2470
f 2475/2475/2475 2474/2474/2474 2473/2473/2473
f 2478/2478/2478 2477/2477/2477 2476/2476/2476
f 2481/2481/2481 2480/2480/2480 2479/2479/2479
f 2484/2484/2484 2483/2483/2483 2482/2482/2482
f 2487/2487/2487 2486/2486/2486 2485/2485/2485
f 2490/2490/2490 2489/2489/2489 2488/2488/2488
f 2493/2493/2493 2492/2492/2492 2491/2491/2491
f 2496/2496/2496 2495/2495/2495 2494/2494/2494
f 2499/2499/2499 2498/2498/2498 2497/2497/2497
f 2502/2502/2502 2501/2501/2501 2500/2500/2500
f 2505/2505/2505 2504/2504/2504 2503/2503/2503
f 2508/2508/2508 2507/2507/2507 2506/2506/2506
f 2511/2511/2511 2510/2510/2510 2509/2509/2509
f 2514/2514/2514 2513/2513/2513 2512/2512/2512
f 2517/2517/2517 2516/2516/2516 2515/2515/2515
f 2520/2520/2520 2519/2519/2519 2518/2518/2518
f 2523/2523/2523 2522/2522/2522 2521/2521/2521
f 2526/2526/2526 2525/2525/2525 2524/2524/2524
f 2529/2529/2529 2528/2528/2528 2527/2527/2527
f 2532/2532/2532 2531/2531/2531 2530/2530/2530
f 2535/2535/2535 2534/2534/2534 2533/2533/2533
f 2538/2538/2538 2537/2537/2537 2536/2536/2536
f 2541/2541/2541 2540/2540/2540 2539/2539/2539
f 2544/2544/2544 2543/2543/2543 2542/2542/2542
f 2547/2547/2547 2546/2546/2546 2545/2545/2545
f 2550/2550/2550 2549/2549/2549 2548/2548/2548
f 2553/2553/2553 2552/2552/2552 2551/2551/2551
f 2556/2556/2556 2555/2555/2555 2554/2554/2554
f 2559/2559/2559 2558/2558/2558 2557/2557/2557
f 2562/2562/2562 2561/2561/2561 2560/2560/2560
f 2565/2565/2565 2564/2564/2564 2563/2563/2563
f 2568/2568/2568 2567/2567/2567 2566/2566/2566
f 2571/2571/2571 2570/2570/2570 2569/2569/2569
f 2574/2574/2574 2573/2573/2573 2572/2572/2572
f 2577/2577/2577 2576/2576/2576 2575/2575/2575
f 2580/2580/2580 2579/2579/2579 2578/2578/2578
f 2583/2583/2583 2582/2582/2582 2581/2581/2581
f 2586/2586/2586 2585/2585/2585 2584/2584/2584
f 2589/2589/2589 2588/2588/2588 2587/2587/2587
f 2592/2592/2592 2591/2591/2591 2590/2590/2590
f 2595/2595/2595 2594/2594/2594 2593/2593/2593
f 2598/2598/2598 2597/2597/2597 2596/2596/2596
f 2601/2601/2601 2600/2600/2600 2599/2599/2599
f 2604/2604/2604 2603/2603/2603 2602/2602/2602
f 2607/2607/2607 2606/2606/2606 2605/2605/2605
f 2610/2610/2610 2609/2609/2609 2608/2608/2608
f 2613/2613/2613 2612/2612/2612 2611/2611/2611
f 2616/2616/2616 2615/2615/2615 2614/2614/2614
f 2619/2619/2619 2618/2618/2618 2617/2617/2617
f 2622/2622/2622 2621/2621/2621 2620/2620/2620
f 2625/2625/2625 2624/2624/2624 2623/2623/2623
f 2628/2628/2628 2627/2627/2627 2626/2626/2626
f 2631/2631/2631 2630/2630/2630 2629/2629/2629
f 2634/2634/2634 2633/2633/2633 2632/2632/2632
f 2637/2637/2637 2636/2636/2636 2635/2635/2635
f 2640/2640/2640 2639/2639/2639 2638/2638/2638
f 2643/2643/2643 2642/2642/2642 2641/2641/2641
f 2646/2646/2646 2645/2645/2645 2644/2644/2644
f 2649/2649/2649 2648/2648/2648 2647/2647/2647
f 2652/2652/2652 2651/2651/2651 2650/2650/2650
f 2655/2655/2655 2654/2654/2654 2653/2653/2653
f 2658/2658/2658 2657/2657/2657 2656/2656/2656
f 2661/2661/2661 2660/2660/2660 2659/2659/2659
f 2664/2664/2664 2663/2663/2663 2662/2662/2662
f 2667/2667/2667 2666/2666/2666 2665/2665/2665
f 2670/2670/2670 2669/2669/2669 2668/2668/2668
f 2673/2673/2673 2672/2672/2672 2671/2671/2671
f 2676/2676/2676 2675/2675/2675 2674/2674/2674
f 2679/2679/2679 2678/2678/2678 2677/2677/2677
f 2682/2682/2682 2681/2681/2681 2680/2680/2680
f 2685/2685/2685 2684/2684/2684 2683/2683/2683
f 2688/2688/2688 2687/2687/2687 2686/2686/2686
f 2691/2691/2691 2690/2690/2690 2689/2689/2689
f 2694/2694/2694 2693/2693/2693 2692/2692/2692
f 2697/2697/2697 2696/2696/2696 2695/2695/2695
f 2700/2700/2700 2699/2699/2699 2698/2698/2698
f 2703/2703/2703 2702/2702/2702 2701/2701/2701
f 2706/2706/2706 2705/2705/2705 2704/2704/2704
f 2709/2709/2709 2708/2708/2708 2707/2707/2707
f 2712/2712/2712 2711/2711/2711 2710/2710/2710
f 2715/2715/2715 2714/2714/2714 2713/2713/2713
f 2718/2718/2718 2717/2717/2717 2716/2716/2716
f 2721/2721/2721 2720/2720/2720 2719/2719/2719
f 2724/2724/2724 2723/2723/2723 2722/2722/2722
f 2727/2727/2727 2726/2726/2726 2725/2725/2725
f 2730/2730/2730 2729/2729/2729 2728/2728/2728
f 2733/2733/2733 2732/2732/2732 2731/2731/2731
f 2736/2736/2736 2735/2735/2735 2734/2734/2734
f 2739/2739/2739 2738/2738/2738 2737/2737/2737
f 2742/2742/2742 2741/2741/2741 2740/2740/2740
f 2745/2745/2745 2744/2744/2744 2743/2743/2743
f 2748/2748/2748 2747/2747/2747 2746/2746/2746
f 2751/2751/2751 2750/2750/2750 2749/2749/2749
f 2754/2754/2754 2753/2753/2753 2752/2752/2752
f 2757/2757/2757 2756/2756/2756 2755/2755/2755
f 2760/2760/2760 2759/2759/2759 2758/2758/2758
f 2763/2763/2763 2762/2762/2762 2761/2761/2761
f 2766/2766/2766 2765/2765/2765 2764/2764/2764
f 2769/2769/2769 2768/2768/2768 2767/2767/2767
f 2772/2772/2772 2771/2771/2771 2770/2770/2770
f 2775/2775/2775 2774/2774/2774 2773/2773/2773
f 2778/2778/2778 2777/2777/2777 2776/2776/2776
f 2781/2781/2781 2780/2780/2780 2779/2779/2779
f 2784/2784/2784 2783/2783/2783 2782/2782/2782
f 2787/2787/2787 2786/2786/2786 2785/2785/2785
f 2790/2790/2790 2789/2789/2789 2788/2788/2788
f 2793/2793/2793 2792/2792/2792 2791/2791/2791
f 2796/2796/2796 2795/2795/2795 2794/2794/2794
f 2799/2799/2799 2798/2798/2798 2797/2797/2797
f 2802/2802/2802 2801/2801/2801 2800/2800/2800
f 2805/2805/2805 2804/2804/2804 2803/2803/2803
f 2808/2808/2808 2807/2807/2807 2806/2806/2806
f 2811/2811/2811 2810/2810/2810 2809/2809/2809
f 2814/2814/2814 2813/2813/2813 2812/2812/2812
f 2817/2817/2817 2816/2816/2816 2815/2815/2815
f 2820/2820/2820 2819/2819/2819 2818/2818/2818
f 2823/2823/2823 2822/2822/2822 2821/2821/2821
f 2826/2826/2826 2825/2825/2825 2824/2824/2824
f 2829/2829/2829 2828/2828/2828 2827/2827/2827
f 2832/2832/2832 2831/2831/2831 2830/2830/2830
f 2835/2835/2835 2834/2834/2834 2833/2833/2833
f 2838/2838/2838 2837/2837/2837 2836/2836/2836
f 2841/2841/2841 2840/2840/2840 2839/2839/2839
f 2844/2844/2844 2843/2843/2843 2842/2842/2842
f 2847/2847/2847 2846/2846/2846 2845/2845/2845
f 2850/2850/2850 2849/2849/2849 2848/2848/2848
f 2853/2853/2853 2852/2852/2852 2851/2851/2851
f 2856/2856/2856 2855/2855/2855 2854/2854/2854
f 2859/2859/2859 2858/2858/2858 2857/2857/2857
f 2862/2862/2862 2861/2861/2861 2860/2860/2860
f 2865/2865/2865 2864/2864/2864 2863/2863/2863
f 2868/2868/2868 2867/2867/2867 2866/2866/2866
f 2871/2871/2871 2870/2870/2870 2869/2869/2869
f 2874/2874/2874 2873/2873/2873 2872/2872/2872
f 2877/2877/2877 2876/2876/2876 2875/2875/2875
f 2880/2880/2880 2879/2879/2879 2878/2878/2878
f 2883/2883/2883 2882/2882/2882 2881/2881/2881
f 2886/2886/2886 2885/2885/2885 2884/2884/2884
f 2889/2889/2889 2888/2888/2888 2887/2887/2887
f 2892/2892/2892 2891/2891/2891 2890/2890/2890
f 2895/2895/2895 2894/2894/2894 2893/2893/2893
f 2898/2898/2898 2897/2897/2897 2896/2896/2896
f 2901/2901/2901 2900/2900/2900 2899/2899/2899
f 2904/2904/2904 2903/2903/2903 2902/2902/2902
f 2907/2907/2907 2906/2906/2906 2905/2905/2905
f 2910/2910/2910 2909/2909/2909 2908/2908/2908
f 2913/2913/2913 2912/2912/2912 2911/2911/2911
f 2916/2916/2916 2915/2915/2915 2914/2914/2914
f 2919/2919/2919 2918/2918/2918 2917/2917/2917
f 2922/2922/2922 2921/2921/2921 2920/2920/2920
f 2925/2925/2925 2924/2924/2924 2923/2923/2923
f 2928/2928/2928 2927/2927/2927 2926/2926/2926
f 2931/2931/2931 2930/2930/2930 2929/2929/2929
f 2934/2934/2934 2933/2933/2933 2932/2932/2932
f 2937/2937/2937 2936/2936/2936 2935/2935/2935
f 2940/2940/2940 2939/2939/2939 2938/2938/2938
f 2943/2943/2943 2942/2942/2942 2941/2941/2941
f 2946/2946/2946 2945/2945/2945 2944/2944/2944
f 2949/2949/2949 2948/2948/2948 2947/2947/2947
f 2952/2952/2952 2951/2951/2951 2950/2950/2950
f 2955/2955/2955 2954/2954/2954 2953/2953/2953
f 2958/2958/2958 2957/2957/2957 2956/2956/2956
f 2961/2961/2961 2960/2960/2960 2959/2959/2959
f 2964/2964/2964 2963/2963/2963 2962/2962/2962
f 2967/2967/2967 2966/2966/2966 2965/2965/2965
f 2970/2970/2970 2969/2969/2969 2968/2968/2968
f 2973/2973/2973 2972/2972/2972 2971/2971/2971
f 2976/2976/2976 2975/2975/2975 2974/2974/2974
f 2979/2979/2979 2978/2978/2978 2977/2977/2977
f 2982/2982/2982 2981/2981/2981 2980/2980/2980
f 2985/2985/2985 2984/2984/2984 2983/2983/2983
f 2988/2988/2988 2987/2987/2987 2986/2986/2986
f 2991/2991/2991 2990/2990/2990 2989/2989/2989
f 2994/2994/2994 2993/2993/2993 2992/2992/2992
f 2997/2997/2997 2996/2996/2996 2995/2995/2995
f 3000/3000/3000 2999/2999/2999 2998/2998/2998
f 3003/3003/3003 3002/3002/3002 3001/3001/3001
f 3006/3006/3006 3005/3005/3005 3004/3004/3004
f 3009/3009/3009 3008/3008/3008 3007/3007/3007
f 3012/3012/3012 3011/3011/3011 3010/3010/3010
f 3015/3015/3015 3014/3014/3014 3013/3013/3013
f 3018/3018/3018 3017/3017/3017 3016/3016/3016
f 3021/3021/3021 3020/3020/3020 3019/3019/3019
f 3024/3024/3024 3023/3023/3023 3022/3022/3022
f 3027/3027/3027 3026/3026/3026 3025/3025/3025
f 3030/3030/3030 3029/3029/3029 3028/3028/3028
f 3033/3033/3033 3032/3032/3032 3031/3031/3031
f 3036/3036/3036 3035/3035/3035 3034/3034/3034
f 3039/3039/3039 3038/3038/3038 3037/3037/3037
f 3042/3042/3042 3041/3041/3041 3040/3040/3040
f 3045/3045/3045 3044/3044/3044 3043/3043/3043
f 3048/3048/3048 3047/3047/3047 3046/3046/3046
f 3051/3051/3051 3050/3050/3050 3049/3049/3049
f 3054/3054/3054 3053/3053/3053 3052/3052/3052
f 3057/3057/3057 3056/3056/3056 3055/3055/3055
f 3060/3060/3060 3059/3059/3059 3058/3058/3058
f 3063/3063/3063 3062/3062/3062 3061/3061/3061
f 3066/3066/3066 3065/3065/3065 3064/3064/3064
f 3069/3069/3069 3068/3068/3068 3067/3067/3067
f 3072/3072/3072 3071/3071/3071 3070/3070/3070
f 3075/3075/3075 3074/3074/3074 3073/3073/3073
f 3078/3078/3078 3077/3077/3077 3076/3076/3076
f 3081/3081/3081 3080/3080/3080 3079/3079/3079
f 3084/3084/3084 3083/3083/3083 3082/3082/3082
f 3087/3087/3087 3086/3086/3086 3085/3085/3085
f 3090/3090/3090 3089/3089/3089 3088/3088/3088
f 3093/3093/3093 3092/3092/3092 3091/3091/3091
f 3096/3096/3096 3095/3095/3095 3094/3094/3094
f 3099/3099/3099 3098/3098/3098 3097/3097/3097
f 3102/3102/3102 3101/3101/3101 3100/3100/3100
f 3105/3105/3105 3104/3104/3104 3103/3103/3103
f 3108/3108/3108 3107/3107/3107 3106/3106/3106
f 3111/3111/3111 3110/3110/3110 3109/3109/3109
f 3114/3114/3114 3113/3113/3113 3112/3112/3112
f 3117/3117/3117 3116/3116/3116 3115/3115/3115
f 3120/3120/3120 3119/3119/3119 3118/3118/3118
f 3123/3123/3123 3122/3122/3122 3121/3121/3121
f 3126/3126/3126 3125/3125/3125 3124/3124/3124
f 3129/3129/3129 3128/3128/3128 3127/3127/3127
f 3132/3132/3132 3131/3131/3131 3130/3130/3130
f 3135/3135/3135 3134/3134/3134 3133/3133/3133
f 3138/3138/3138 3137/3137/3137 3136/3136/3136
f 3141/3141/3141 3140/3140/3140 3139/3139/3139
f 3144/3144/3144 3143/3143/3143 3142/3142/3142
f 3147/3147/3147 3146/3146/3146 3145/3145/3145
f 3150/3150/3150 3149/3149/3149 3148/3148/3148
f 3153/3153/3153 3152/3152/3152 3151/3151/3151
f 3156/3156/3156 3155/3155/3155 3154/3154/3154
f 3159/3159/3159 3158/3158/3158 3157/3157/3157
f 3162/3162/3162 3161/3161/3161 3160/3160/3160
f 3165/3165/3165 3164/3164/3164 3163/3163/3163
f 3168/3168/3168 3167/3167/3167 3166/3166/3166
f 3171/3171/3171 3170/3170/3170 3169/3169/3169
f 3174/3174/3174 3173/3173/3173 3172/3172/3172
f 3177/3177/3177 3176/3176/3176 3175/3175/3175
f 3180/3180/3180 3179/3179/3179 3178/3178/3178
f 3183/3183/3183 3182/3182/3182 3181/3181/3181
f 3186/3186/3186 3185/3185/3185 3184/3184/3184
f 3189/3189/3189 3188/3188/3188 3187/3187/3187
f 3192/3192/3192 3191/3191/3191 3190/3190/3190
f 3195/3195/3195 3194/3194/3194 3193/3193/3193
f 3198/3198/3198 3197/3197/3197 3196/3196/3196
f 3201/3201/3201 3200/3200/3200 3199/3199/3199
f 3204/3204/3204 3203/3203/3203 3202/3202/3202
f 3207/3207/3207 3206/3206/3206 3205/3205/3205
f 3210/3210/3210 3209/3209/3209 3208/3208/3208
f 3213/3213/3213 3212/3212/3212 3211/3211/3211
f 3216/3216/3216 3215/3215/3215 3214/3214/3214
f 3219/3219/3219 3218/3218/3218 3217/3217/3217
f 3222/3222/3222 3221/3221/3221 3220/3220/3220
f 3225/3225/3225 3224/3224/3224 3223/3223/3223
f 3228/3228/3228 3227/3227/3227 3226/3226/3226
f 3231/3231/3231 3230/3230/3230 3229/3229/3229
f 3234/3234/3234 3233/3233/3233 3232/3232/3232
f 3237/3237/3237 3236/3236/3236 3235/3235/3235
f 3240/3240/3240 3239/3239/3239 3238/3238/3238
f 3243/3243/3243 3242/3242/3242 3241/3241/3241
f 3246/3246/3246 3245/3245/3245 3244/3244/3244
f 3249/3249/3249 3248/3248/3248 3247/3247/3247
f 3252/3252/3252 3251/3251/3251 3250/3250/3250
f 3255/3255/3255 3254/3254/3254 3253/3253/3253
f 3258/3258/3258 3257/3257/3257 3256/3256/3256
f 3261/3261/3261 3260/3260/3260 3259/3259/3259
f 3264/3264/3264 3263/3263/3263 3262/3262/3262
f 3267/3267/3267 3266/3266/3266 3265/3265/3265
f 3270/3270/3270 3269/3269/3269 3268/3268/3268
f 3273/3273/3273 3272/3272/3272 3271/3271/3271
f 3276/3276/3276 3275/3275/3275 3274/3274/3274
f 3279/3279/3279 3278/3278/3278 3277/3277/3277
f 3282/3282/3282 3281/3281/3281 3280/3280/3280
f 3285/3285/3285 3284/3284/3284 3283/3283/3283
f 3288/3288/3288 3287/3287/3287 3286/3286/3286
f 3291/3291/3291 3290/3290/3290 3289/3289/3289
f 3294/3294/3294 3293/3293/3293 3292/3292/3292
f 3297/3297/3297 3296/3296/3296 3295/3295/3295
f 3300/3300/3300 3299/3299/3299 3298/3298/3298
f 3303/3303/3303 3302/3302/3302 3301/3301/3301
f 3306/3306/3306 3305/3305/3305 3304/3304/3304
f 3309/3309/3309 3308/3308/3308 3307/3307/3307
f 3312/3312/3312 3311/3311/3311 3310/3310/3310
f 3315/3315/3315 3314/3314/3314 3313/3313/3313
f 3318/3318/3318 3317/3317/3317 3316/3316/3316
f 3321/3321/3321 3320/3320/3320 3319/3319/3319
f 3324/3324/3324 3323/3323/3323 3322/3322/3322
f 3327/3327/3327 3326/3326/3326 3325/3325/3325
f 3330/3330/3330 3329/3329/3329 3328/3328/3328
f 3333/3333/3333 3332/3332/3332 3331/3331/3331
f 3336/3336/3336 3335/3335/3335 3334/3334/3334
f 3339/3339/3339 3338/3338/3338 3337/3337/3337
f 3342/3342/3342 3341/3341/3341 3340/3340/3340
f 3345/3345/3345 3344/3344/3344 3343/3343/3343
f 3348/3348/3348 3347/3347/3347 3346/3346/3346
f 3351/3351/3351 3350/3350/3350 3349/3349/3349
f 3354/3354/3354 3353/3353/3353 3352/3352/3352
f 3357/3357/3357 3356/3356/3356 3355/3355/3355
f 3360/3360/3360 3359/3359/3359 3358/3358/3358
f 3363/3363/3363 3362/3362/3362 3361/3361/3361
f 3366/3366/3366 3365/3365/3365 3364/3364/3364
f 3369/3369/3369 3368/3368/3368 3367/3367/3367
f 3372/3372/3372 3371/3371/3371 3370/3370/3370
f 3375/3375/3375 3374/3374/3374 3373/3373/3373
f 3378/3378/3378 3377/3377/3377 3376/3376/3376
f 3381/3381/3381 3380/3380/3380 3379/3379/3379
f 3384/3384/3384 3383/3383/3383 3382/3382/3382
f 3387/3387/3387 3386/3386/3386 3385/3385/3385
f 3390/3390/3390 3389/3389/3389 3388/3388/3388
f 3393/3393/3393 3392/3392/3392 3391/3391/3391
f 3396/3396/3396 3395/3395/3395 3394/3394/3394
f 3399/3399/3399 3398/3398/3398 3397/3397/3397
f 3402/3402/3402 3401/3401/3401 3400/3400/3400
f 3405/3405/3405 3404/3404/3404 3403/3403/3403
f 3408/3408/3408 3407/3407/3407 3406/3406/3406
f 3411/3411/3411 3410/3410/3410 3409/3409/3409
f 3414/3414/3414 3413/3413/3413 3412/3412/3412
f 3417/3417/3417 3416/3416/3416 3415/3415/3415
f 3420/3420/3420 3419/3419/3419 3418/3418/3418
f 3423/3423/3423 3422/3422/3422 3421/3421/3421
f 3426/3426/3426 3425/3425/3425 3424/3424/3424
f 3429/3429/3429 3428/3428/3428 3427/3427/3427
f 3432/3432/3432 3431/3431/3431 3430/3430/3430
f 3435/3435/3435 3434/3434/3434 3433/3433/3433
f 3438/3438/3438 3437/3437/3437 3436/3436/3436
f 3441/3441/3441 3440/3440/3440 3439/3439/3439
f 3444/3444/3444 3443/3443/3443 3442/3442/3442
f 3447/3447/3447 3446/3446/3446 3445/3445/3445
f 3450/3450/3450 3449/3449/3449 3448/3448/3448
f 3453/3453/3453 3452/3452/3452 3451/3451/3451
f 3456/3456/3456 3455/3455/3455 3454/3454/3454
f 3459/3459/3459 3458/3458/3458 3457/3457/3457
f 3462/3462/3462 3461/3461/3461 3460/3460/3460
f 3465/3465/3465 3464/3464/3464 3463/3463/3463
f 3468/3468/3468 3467/3467/3467 3466/3466/3466
f 3471/3471/3471 3470/3470/3470 3469/3469/3469
f 3474/3474/3474 3473/3473/3473 3472/3472/3472
f 3477/3477/3477 3476/3476/3476 3475/3475/3475
f 3480/3480/3480 3479/3479/3479 3478/3478/3478
f 3483/3483/3483 3482/3482/3482 3481/3481/3481
f 3486/3486/3486 3485/3485/3485 3484/3484/3484
f 3489/3489/3489 3488/3488/3488 3487/3487/3487
f 3492/3492/3492 3491/3491/3491 3490/3490/3490
f 3495/3495/3495 3494/3494/3494 3493/3493/3493
f 3498/3498/3498 3497/3497/3497 3496/3496/3496
f 3501/3501/3501 3500/3500/3500 3499/3499/3499
f 3504/3504/3504 3503/3503/3503 3502/3502/3502
f 3507/3507/3507 3506/3506/3506 3505/3505/3505
f 3510/3510/3510 3509/3509/3509 3508/3508/3508
f 3513/3513/3513 3512/3512/3512 3511/3511/3511
f 3516/3516/3516 3515/3515/3515 3514/3514/3514
f 3519/3519/3519 3518/3518/3518 3517/3517/3517
f 3522/3522/3522 3521/3521/3521 3520/3520/3520
f 3525/3525/3525 3524/3524/3524 3523/3523/3523
f 3528/3528/3528 3527/3527/3527 3526/3526/3526
f 3531/3531/3531 3530/3530/3530 3529/3529/3529
f 3534/3534/3534 3533/3533/3533 3532/3532/3532
f 3537/3537/3537 3536/3536/3536 3535/3535/3535
f 3540/3540/3540 3539/3539/3539 3538/3538/3538
f 3543/3543/3543 3542/3542/3542 3541/3541/3541
f 3546/3546/3546 3545/3545/3545 3544/3544/3544
f 3549/3549/3549 3548/3548/3548 3547/3547/3547
f 3552/3552/3552 3551/3551/3551 3550/3550/3550
f 3555/3555/3555 3554/3554/3554 3553/3553/3553
f 3558/3558/3558 3557/3557/3557 3556/3556/3556
f 3561/3561/3561 3560/3560/3560 3559/3559/3559
f 3564/3564/3564 3563/3563/3563 3562/3562/3562
f 3567/3567/3567 3566/3566/3566 3565/3565/3565
f 3570/3570/3570 3569/3569/3569 3568/3568/3568
f 3573/3573/3573 3572/3572/3572 3571/3571/3571
f 3576/3576/3576 3575/3575/3575 3574/3574/3574
f 3579/3579/3579 3578/3578/3578 3577/3577/3577
f 3582/3582/3582 3581/3581/3581 3580/3580/3580
f 3585/3585/3585 3584/3584/3584 3583/3583/3583
f 3588/3588/3588 3587/3587/3587 3586/3586/3586
f 3591/3591/3591 3590/3590/3590 3589/3589/3589
f 3594/3594/3594 3593/3593/3593 3592/3592/3592
f 3597/3597/3597 3596/3596/3596 3595/3595/3595
f 3600/3600/3600 3599/3599/3599 3598/3598/3598
f 3603/3603/3603 3602/3602/3602 3601/3601/3601
f 3606/3606/3606 3605/3605/3605 3604/3604/3604
f 3609/3609/3609 3608/3608/3608 3607/3607/3607
f 3612/3612/3612 3611/3611/3611 3610/3610/3610
f 3615/3615/3615 3614/3614/3614 3613/3613/3613
f 3618/3618/3618 3617/3617/3617 3616/3616/3616
f 3621/3621/3621 3620/3620/3620 3619/3619/3619
f 3624/3624/3624 3623/3623/3623 3622/3622/3622
f 3627/3627/3627 3626/3626/3626 3625/3625/3625
f 3630/3630/3630 3629/3629/3629 3628/3628/3628
f 3633/3633/3633 3632/3632/3632 3631/3631/3631
f 3636/3636/3636 3635/3635/3635 3634/3634/3634
f 3639/3639/3639 3638/3638/3638 3637/3637/3637
f 3642/3642/3642 3641/3641/3641 3640/3640/3640
f 3645/3645/3645 3644/3644/3644 3643/3643/3643
f 3648/3648/3648 3647/3647/3647 3646/3646/3646
f 3651/3651/3651 3650/3650/3650 3649/3649/3649
f 3654/3654/3654 3653/3653/3653 3652/3652/3652
f 3657/3657/3657 3656/3656/3656 3655/3655/3655
f 3660/3660/3660 3659/3659/3659 3658/3658/3658
f 3663/3663/3663 3662/3662/3662 3661/3661/3661
f 3666/3666/3666 3665/3665/3665 3664/3664/3664
f 3669/3669/3669 3668/3668/3668 3667/3667/3667
f 3672/3672/3672 3671/3671/3671 3670/3670/3670
f 3675/3675/3675 3674/3674/3674 3673/3673/3673
f 3678/3678/3678 3677/3677/3677 3676/3676/3676
f 3681/3681/3681 3680/3680/3680 3679/3679/3679
f 3684/3684/3684 3683/3683/3683 3682/3682/3682
f 3687/3687/3687 3686/3686/3686 3685/3685/3685
f 3690/3690/3690 3689/3689/3689 3688/3688/3688
f 3693/3693/3693 3692/3692/3692 3691/3691/3691
f 3696/3696/3696 3695/3695/3695 3694/3694/3694
f 3699/3699/3699 3698/3698/3698 3697/3697/3697
f 3702/3702/3702 3701/3701/3701 3700/3700/3700
f 3705/3705/3705 3704/3704/3704 3703/3703/3703
f 3708/3708/3708 3707/3707/3707 3706/3706/3706
f 3711/3711/3711 3710/3710/3710 3709/3709/3709
f 3714/3714/3714 3713/3713/3713 3712/3712/3712
f 3717/3717/3717 3716/3716/3716 3715/3715/3715
f 3720/3720/3720 3719/3719/3719 3718/3718/3718
f 3723/3723/3723 3722/3722/3722 3721/3721/3721
f 3726/3726/3726 3725/3725/3725 3724/3724/3724
f 3729/3729/3729 3728/3728/3728 3727/3727/3727
f 3732/3732/3732 3731/3731/3731 3730/3730/3730
f 3735/3735/3735 3734/3734/3734 3733/3733/3733
f 3738/3738/3738 3737/3737/3737 3736/3736/3736
f 3741/3741/3741 3740/3740/3740 3739/3739/3739
f 3744/3744/3744 3743/3743/3743 3742/3742/3742
f 3747/3747/3747 3746/3746/3746 3745/3745/3745
f 3750/3750/3750 3749/3749/3749 3748/3748/3748
f 3753/3753/3753 3752/3752/3752 3751/3751/3751
f 3756/3756/3756 3755/3755/3755 3754/3754/3754
f 3759/3759/3759 3758/3758/3758 3757/3757/3757
f 3762/3762/3762 3761/3761/3761 3760/3760/3760
f 3765/3765/3765 3764/3764/3764 3763/3763/3763
f 3768/3768/3768 3767/3767/3767 3766/3766/3766
f 3771/3771/3771 3770/3770/3770 3769/3769/3769
f 3774/3774/3774 3773/3773/3773 3772/3772/3772
f 3777/3777/3777 3776/3776/3776 3775/3775/3775
f 3780/3780/3780 3779/3779/3779 3778/3778/3778
f 3783/3783/3783 3782/3782/3782 3781/3781/3781
f 3786/3786/3786 3785/3785/3785 3784/3784/3784
f 3789/3789/3789 3788/3788/3788 3787/3787/3787
f 3792/3792/3792 3791/3791/3791 3790/3790/3790
f 3795/3795/3795 3794/3794/3794 3793/3793/3793
f 3798/3798/3798 3797/3797/3797 3796/3796/3796
f 3801/3801/3801 3800/3800/3800 3799/3799/3799
f 3804/3804/3804 3803/3803/3803 3802/3802/3802
f 3807/3807/3807 3806/3806/3806 3805/3805/3805
f 3810/3810/3810 3809/3809/3809 3808/3808/3808
f 3813/3813/3813 3812/3812/3812 3811/3811/3811
f 3816/3816/3816 3815/3815/3815 3814/3814/3814
f 3819/3819/3819 3818/3818/3818 3817/3817/3817
f 3822/3822/3822 3821/3821/3821 3820/3820/3820
f 3825/3825/3825 3824/3824/3824 3823/3823/3823
f 3828/3828/3828 3827/3827/3827 3826/3826/3826
f 3831/3831/3831 3830/3830/3830 3829/3829/3829
f 3834/3834/3834 3833/3833/3833 3832/3832/3832
f 3837/3837/3837 3836/3836/3836 3835/3835/3835
f 3840/3840/3840 3839/3839/3839 3838/3838/3838
f 3843/3843/3843 3842/3842/3842 3841/3841/3841
f 3846/3846/3846 3845/3845/3845 3844/3844/3844
f 3849/3849/3849 3848/3848/3848 3847/3847/3847
f 3852/3852/3852 3851/3851/3851 3850/3850/3850
f 3855/3855/3855 3854/3854/3854 3853/3853/3853
f 3858/3858/3858 3857/3857/3857 3856/3856/3856
f 3861/3861/3861 3860/3860/3860 3859/3859/3859
f 3864/3864/3864 3863/3863/3863 3862/3862/3862
f 3867/3867/3867 3866/3866/3866 3865/3865/3865
f 3870/3870/3870 3869/3869/3869 3868/3868/3868
f 3873/3873/3873 3872/3872/3872 3871/3871/3871
f 3876/3876/3876 3875/3875/3875 3874/3874/3874
f 3879/3879/3879 3878/3878/3878 3877/3877/3877
f 3882/3882/3882 3881/3881/3881 3880/3880/3880
f 3885/3885/3885 3884/3884/3884 3883/3883/3883
f 3888/3888/3888 3887/3887/3887 3886/3886/3886
f 3891/3891/3891 3890/3890/3890 3889/3889/3889
f 3894/3894/3894 3893/3893/3893 3892/3892/3892
f 3897/3897/3897 3896/3896/3896 3895/3895/3895
f 3900/3900/3900 3899/3899/3899 3898/3898/3898
f 3903/3903/3903 3902/3902/3902 3901/3901/3901
f 3906/3906/3906 3905/3905/3905 3904/3904/3904
f 3909/3909/3909 3908/3908/3908 3907/3907/3907
f 3912/3912/3912 3911/3911/3911 3910/3910/3910
f 3915/3915/3915 3914/3914/3914 3913/3913/3913
f 3918/3918/3918 3917/3917/3917 3916/3916/3916
f 3921/3921/3921 3920/3920/3920 3919/3919/3919
f 3924/3924/3924 3923/3923/3923 3922/3922/3922
f 3927/3927/3927 3926/3926/3926 3925/3925/3925
f 3930/3930/3930 3929/3929/3929 3928/3928/3928
f 3933/3933/3933 3932/3932/3932 3931/3931/3931
f 3936/3936/3936 3935/3935/3935 3934/3934/3934
f 3939/3939/3939 3938/3938/3938 3937/3937/3937
f 3942/3942/3942 3941/3941/3941 3940/3940/3940
f 3945/3945/3945 3944/3944/3944 3943/3943/3943
f 3948/3948/3948 3947/3947/3947 3946/3946/3946
f 3951/3951/3951 3950/3950/3950 3949/3949/3949
f 3954/3954/3954 3953/3953/3953 3952/3952/3952
f 3957/3957/3957 3956/3956/3956 3955/3955/3955
f 3960/3960/3960 3959/3959/3959 3958/3958/3958
f 3963/3963/3963 3962/3962/3962 3961/3961/3961
f 3966/3966/3966 3965/3965/3965 3964/3964/3964
f 3969/3969/3969 3968/3968/3968 3967/3967/3967
f 3972/3972/3972 3971/3971/3971 3970/3970/3970
f 3975/3975/3975 3974/3974/3974 3973/3973/3973
f 3978/3978/3978 3977/3977/3977 3976/3976/3976
f 3981/3981/3981 3980/3980/3980 3979/3979/3979
f 3984/3984/3984 3983/3983/3983 3982/3982/3982
f 3987/3987/3987 3986/3986/3986 3985/3985/3985
f 3990/3990/3990 3989/3989/3989 3988/3988/3988
f 3993/3993/3993 3992/3992/3992 3991/3991/3991
f 3996/3996/3996 3995/3995/3995 3994/3994/3994
f 3999/3999/3999 3998/3998/3998 3997/3997/3997
f 4002/4002/4002 4001/4001/4001 4000/4000/4000
f 4005/4005/4005 4004/4004/4004 4003/4003/4003
f 4008/4008/4008 4007/4007/4007 4006/4006/4006
f 4011/4011/4011 4010/4010/4010 4009/4009/4009
f 4014/4014/4014 4013/4013/4013 4012/4012/4012
f 4017/4017/4017 4016/4016/4016 4015/4015/4015
f 4020/4020/4020 4019/4019/4019 4018/4018/4018
f 4023/4023/4023 4022/4022/4022 4021/4021/4021
f 4026/4026/4026 4025/4025/4025 4024/4024/4024
f 4029/4029/4029 4028/4028/4028 4027/4027/4027
f 4032/4032/4032 4031/4031/4031 4030/4030/4030
f 4035/4035/4035 4034/4034/4034 4033/4033/4033
f 4038/4038/4038 4037/4037/4037 4036/4036/4036
f 4041/4041/4041 4040/4040/4040 4039/4039/4039
f 4044/4044/4044 4043/4043/4043 4042/4042/4042
f 4047/4047/4047 4046/4046/4046 4045/4045/4045
f 4050/4050/4050 4049/4049/4049 4048/4048/4048
f 4053/4053/4053 4052/4052/4052 4051/4051/4051
f 4056/4056/4056 4055/4055/4055 4054/4054/4054
f 4059/4059/4059 4058/4058/4058 4057/4057/4057
f 4062/4062/4062 4061/4061/4061 4060/4060/4060
f 4065/4065/4065 4064/4064/4064 4063/4063/4063
f 4068/4068/4068 4067/4067/4067 4066/4066/4066
f 4071/4071/4071 4070/4070/4070 4069/4069/4069
f 4074/4074/4074 4073/4073/4073 4072/4072/4072
f 4077/4077/4077 4076/4076/4076 4075/4075/4075
f 4080/4080/4080 4079/4079/4079 4078/4078/4078
f 4083/4083/4083 4082/4082/4082 4081/4081/4081
f 4086/4086/4086 4085/4085/4085 4084/4084/4084
f 4089/4089/4089 4088/4088/4088 4087/4087/4087
f 4092/4092/4092 4091/4091/4091 4090/4090/4090
f 4095/4095/4095 4094/4094/4094 4093/4093/4093
f 4098/4098/4098 4097/4097/4097 4096/4096/4096
f 4101/4101/4101 4100/4100/4100 4099/4099/4099
f 4104/4104/4104 4103/4103/4103 4102/4102/4102
f 4107/4107/4107 4106/4106/4106 4105/4105/4105
f 4110/4110/4110 4109/4109/4109 4108/4108/4108
f 4113/4113/4113 4112/4112/4112 4111/4111/4111
f 4116/4116/4116 4115/4115/4115 4114/4114/4114
f 4119/4119/4119 4118/4118/4118 4117/4117/4117
f 4122/4122/4122 4121/4121/4121 4120/4120/4120
f 4125/4125/4125 4124/4124/4124 4123/4123/4123
f 4128/4128/4128 4127/4127/4127 4126/4126/4126
f 4131/4131/4131 4130/4130/4130 4129/4129/4129
f 4134/4134/4134 4133/4133/4133 4132/4132/4132
f 4137/4137/4137 4136/4136/4136 4135/4135/4135
f 4140/4140/4140 4139/4139/4139 4138/4138/4138
f 4143/4143/4143 4142/4142/4142 4141/4141/4141
f 4146/4146/4146 4145/4145/4145 4144/4144/4144
f 4149/4149/4149 4148/4148/4148 4147/4147/4147
f 4152/4152/4152 4151/4151/4151 4150/4150/4150
f 4155/4155/4155 4154/4154/4154 4153/4153/4153
f 4158/4158/4158 4157/4157/4157 4156/4156/4156
f 4161/4161/4161 4160/4160/4160 4159/4159/4159
f 4164/4164/4164 4163/4163/4163 4162/4162/4162
f 4167/4167/4167 4166/4166/4166 4165/4165/4165
f 4170/4170/4170 4169/4169/4169 4168/4168/4168
f 4173/4173/4173 4172/4172/4172 4171/4171/4171
f 4176/4176/4176 4175/4175/4175 4174/4174/4174
f 4179/4179/4179 4178/4178/4178 4177/4177/4177
f 4182/4182/4182 4181/4181/4181 4180/4180/4180
f 4185/4185/4185 4184/4184/4184 4183/4183/4183
f 4188/4188/4188 4187/4187/4187 4186/4186/4186
f 4191/4191/4191 4190/4190/4190 4189/4189/4189
f 4194/4194/4194 4193/4193/4193 4192/4192/4192
f 4197/4197/4197 4196/4196/4196 4195/4195/4195
f 4200/4200/4200 4199/4199/4199 4198/4198/4198
f 4203/4203/4203 4202/4202/4202 4201/4201/4201
f 4206/4206/4206 4205/4205/4205 4204/4204/4204
f 4209/4209/4209 4208/4208/4208 4207/4207/4207
f 4212/4212/4212 4211/4211/4211 4210/4210/4210
f 4215/4215/4215 4214/4214/4214 4213/4213/4213
f 4218/4218/4218 4217/4217/4217 4216/4216/4216
f 4221/4221/4221 4220/4220/4220 4219/4219/4219
f 4224/4224/4224 4223/4223/4223 4222/4222/4222
f 4227/4227/4227 4226/4226/4226 4225/4225/4225
f 4230/4230/4230 4229/4229/4229 4228/4228/4228
f 4233/4233/4233 4232/4232/4232 4231/4231/4231
f 4236/4236/4236 4235/4235/4235 4234/4234/4234
f 4239/4239/4239 4238/4238/4238 4237/4237/4237
f 4242/4242/4242 4241/4241/4241 4240/4240/4240
f 4245/4245/4245 4244/4244/4244 4243/4243/4243
f 4248/4248/4248 4247/4247/4247 4246/4246/4246
f 4251/4251/4251 4250/4250/4250 4249/4249/4249
f 4254/4254/4254 4253/4253/4253 4252/4252/4252
f 4257/4257/4257 4256/4256/4256 4255/4255/4255
f 4260/4260/4260 4259/4259/4259 4258/4258/4258
f 4263/4263/4263 4262/4262/4262 4261/4261/4261
f 4266/4266/4266 4265/4265/4265 4264/4264/4264
f 4269/4269/4269 4268/4268/4268 4267/4267/4267
f 4272/4272/4272 4271/4271/4271 4270/4270/4270
f 4275/4275/4275 4274/4274/4274 4273/4273/4273
f 4278/4278/4278 4277/4277/4277 4276/4276/4276
f 4281/4281/4281 4280/4280/4280 4279/4279/4279
f 4284/4284/4284 4283/4283/4283 4282/4282/4282
f 4287/4287/4287 4286/4286/4286 4285/4285/4285
f 4290/4290/4290 4289/4289/4289 4288/4288/4288
f 4293/4293/4293 4292/4292/4292 4291/4291/4291
f 4296/4296/4296 4295/4295/4295 4294/4294/4294
f 4299/4299/4299 4298/4298/4298 4297/4297/4297
f 4302/4302/4302 4301/4301/4301 4300/4300/4300
f 4305/4305/4305 4304/4304/4304 4303/4303/4303
f 4308/4308/4308 4307/4307/4307 4306/4306/4306
f 4311/4311/4311 4310/4310/4310 4309/4309/4309
f 4314/4314/4314 4313/4313/4313 4312/4312/4312
f 4317/4317/4317 4316/4316/4316 4315/4315/4315
f 4320/4320/4320 4319/4319/4319 4318/4318/4318
f 4323/4323/4323 4322/4322/4322 4321/4321/4321
f 4326/4326/4326 4325/4325/4325 4324/4324/4324
f 4329/4329/4329 4328/4328/4328 4327/4327/4327
f 4332/4332/4332 4331/4331/4331 4330/4330/4330
f 4335/4335/4335 4334/4334/4334 4333/4333/4333
f 4338/4338/4338 4337/4337/4337 4336/4336/4336
f 4341/4341/4341 4340/4340/4340 4339/4339/4339
f 4344/4344/4344 4343/4343/4343 4342/4342/4342
f 4347/4347/4347 4346/4346/4346 4345/4345/4345
f 4350/4350/4350 4349/4349/4349 4348/4348/4348
f 4353/4353/4353 4352/4352/4352 4351/4351/4351
f 4356/4356/4356 4355/4355/4355 4354/4354/4354
f 4359/4359/4359 4358/4358/4358 4357/4357/4357
f 4362/4362/4362 4361/4361/4361 4360/4360/4360
f 4365/4365/4365 4364/4364/4364 4363/4363/4363
f 4368/4368/4368 4367/4367/4367 4366/4366/4366
f 4371/4371/4371 4370/4370/4370 4369/4369/4369
f 4374/4374/4374 4373/4373/4373 4372/4372/4372
f 4377/4377/4377 4376/4376/4376 4375/4375/4375
f 4380/4380/4380 4379/4379/4379 4378/4378/4378
f 4383/4383/4383 4382/4382/4382 4381/4381/4381
f 4386/4386/4386 4385/4385/4385 4384/4384/4384
f 4389/4389/4389 4388/4388/4388 4387/4387/4387
f 4392/4392/4392 4391/4391/4391 4390/4390/4390
f 4395/4395/4395 4394/4394/4394 4393/4393/4393
f 4398/4398/4398 4397/4397/4397 4396/4396/4396
f 4401/4401/4401 4400/4400/4400 4399/4399/4399
f 4404/4404/4404 4403/4403/4403 4402/4402/4402
f 4407/4407/4407 4406/4406/4406 4405/4405/4405
f 4410/4410/4410 4409/4409/4409 4408/4408/4408
f 4413/4413/4413 4412/4412/4412 4411/4411/4411
f 4416/4416/4416 4415/4415/4415 4414/4414/4414
f 4419/4419/4419 4418/4418/4418 4417/4417/4417
f 4422/4422/4422 4421/4421/4421 4420/4420/4420
f 4425/4425/4425 4424/4424/4424 4423/4423/4423
f 4428/4428/4428 4427/4427/4427 4426/4426/4426
f 4431/4431/4431 4430/4430/4430 4429/4429/4429
f 4434/4434/4434 4433/4433/4433 4432/4432/4432
f 4437/4437/4437 4436/4436/4436 4435/4435/4435
f 4440/4440/4440 4439/4439/4439 4438/4438/4438
f 4443/4443/4443 4442/4442/4442 4441/4441/4441
f 4446/4446/4446 4445/4445/4445 4444/4444/4444
f 4449/4449/4449 4448/4448/4448 4447/4447/4447
f 4452/4452/4452 4451/4451/4451 4450/4450/4450
f 4455/4455/4455 4454/4454/4454 4453/4453/4453
f 4458/4458/4458 4457/4457/4457 4456/4456/4456
f 4461/4461/4461 4460/4460/4460 4459/4459/4459
f 4464/4464/4464 4463/4463/4463 4462/4462/4462
f 4467/4467/4467 4466/4466/4466 4465/4465/4465
f 4470/4470/4470 4469/4469/4469 4468/4468/4468
f 4473/4473/4473 4472/4472/4472 4471/4471/4471
f 4476/4476/4476 4475/4475/4475 4474/4474/4474
f 4479/4479/4479 4478/4478/4478 4477/4477/4477
f 4482/4482/4482 4481/4481/4481 4480/4480/4480
f 4485/4485/4485 4484/4484/4484 4483/4483/4483
f 4488/4488/4488 4487/4487/4487 4486/4486/4486
f 4491/4491/4491 4490/4490/4490 4489/4489/4489
f 4494/4494/4494 4493/4493/4493 4492/4492/4492
f 4497/4497/4497 4496/4496/4496 4495/4495/4495
f 4500/4500/4500 4499/4499/4499 4498/4498/4498
f 4503/4503/4503 4502/4502/4502 4501/4501/4501
f 4506/4506/4506 4505/4505/4505 4504/4504/4504
f 4509/4509/4509 4508/4508/4508 4507/4507/4507
f 4512/4512/4512 4511/4511/4511 4510/4510/4510
f 4515/4515/4515 4514/4514/4514 4513/4513/4513
f 4518/4518/4518 4517/4517/4517 4516/4516/4516
f 4521/4521/4521 4520/4520/4520 4519/4519/4519
f 4524/4524/4524 4523/4523/4523 4522/4522/4522
f 4527/4527/4527 4526/4526/4526 4525/4525/4525
f 4530/4530/4530 4529/4529/4529 4528/4528/4528
f 4533/4533/4533 4532/4532/4532 4531/4531/4531
f 4536/4536/4536 4535/4535/4535 4534/4534/4534
f 4539/4539/4539 4538/4538/4538 4537/4537/4537
f 4542/4542/4542 4541/4541/4541 4540/4540/4540
f 4545/4545/4545 4544/4544/4544 4543/4543/4543
f 4548/4548/4548 4547/4547/4547 4546/4546/4546
f 4551/4551/4551 4550/4550/4550 4549/4549/4549
f 4554/4554/4554 4553/4553/4553 4552/4552/4552
f 4557/4557/4557 4556/4556/4556 4555/4555/4555
f 4560/4560/4560 4559/4559/4559 4558/4558/4558
f 4563/4563/4563 4562/4562/4562 4561/4561/4561
f 4566/4566/4566 4565/4565/4565 4564/4564/4564
f 4569/4569/4569 4568/4568/4568 4567/4567/4567
f 4572/4572/4572 4571/4571/4571 4570/4570/4570
f 4575/4575/4575 4574/4574/4574 4573/4573/4573
f 4578/4578/4578 4577/4577/4577 4576/4576/4576
f 4581/4581/4581 4580/4580/4580 4579/4579/4579
f 4584/4584/4584 4583/4583/4583 4582/4582/4582
f 4587/4587/4587 4586/4586/4586 4585/4585/4585
f 4590/4590/4590 4589/4589/4589 4588/4588/4588
f 4593/4593/4593 4592/4592/4592 4591/4591/4591
f 4596/4596/4596 4595/4595/4595 4594/4594/4594
f 4599/4599/4599 4598/4598/4598 4597/4597/4597
f 4602/4602/4602 4601/4601/4601 4600/4600/4600
f 4605/4605/4605 4604/4604/4604 4603/4603/4603
f 4608/4608/4608 4607/4607/4607 4606/4606/4606
f 4611/4611/4611 4610/4610/4610 4609/4609/4609
f 4614/4614/4614 4613/4613/4613 4612/4612/4612
f 4617/4617/4617 4616/4616/4616 4615/4615/4615
f 4620/4620/4620 4619/4619/4619 4618/4618/4618
f 4623/4623/4623 4622/4622/4622 4621/4621/4621
f 4626/4626/4626 4625/4625/4625 4624/4624/4624
f 4629/4629/4629 4628/4628/4628 4627/4627/4627
f 4632/4632/4632 4631/4631/4631 4630/4630/4630
f 4635/4635/4635 4634/4634/4634 4633/4633/4633
f 4638/4638/4638 4637/4637/4637 4636/4636/4636
f 4641/4641/4641 4640/4640/4640 4639/4639/4639
f 4644/4644/4644 4643/4643/4643 4642/4642/4642
f 4647/4647/4647 4646/4646/4646 4645/4645/4645
f 4650/4650/4650 4649/4649/4649 4648/4648/4648
f 4653/4653/4653 4652/4652/4652 4651/4651/4651
f 4656/4656/4656 4655/4655/4655 4654/4654/4654
f 4659/4659/4659 4658/4658/4658 4657/4657/4657
f 4662/4662/4662 4661/4661/4661 4660/4660/4660
f 4665/4665/4665 4664/4664/4664 4663/4663/4663
f 4668/4668/4668 4667/4667/4667 4666/4666/4666
f 4671/4671/4671 4670/4670/4670 4669/4669/4669
f 4674/4674/4674 4673/4673/4673 4672/4672/4672
f 4677/4677/4677 4676/4676/4676 4675/4675/4675
f 4680/4680/4680 4679/4679/4679 4678/4678/4678
f 4683/4683/4683 4682/4682/4682 4681/4681/4681
f 4686/4686/4686 4685/4685/4685 4684/4684/4684
f 4689/4689/4689 4688/4688/4688 4687/4687/4687
f 4692/4692/4692 4691/4691/4691 4690/4690/4690
f 4695/4695/4695 4694/4694/4694 4693/4693/4693
f 4698/4698/4698 4697/4697/4697 4696/4696/4696
f 4701/4701/4701 4700/4700/4700 4699/4699/4699
f 4704/4704/4704 4703/4703/4703 4702/4702/4702
f 4707/4707/4707 4706/4706/4706 4705/4705/4705
f 4710/4710/4710 4709/4709/4709 4708/4708/4708
f 4713/4713/4713 4712/4712/4712 4711/4711/4711
f 4716/4716/4716 4715/4715/4715 4714/4714/4714
f 4719/4719/4719 4718/4718/4718 4717/4717/4717
f 4722/4722/4722 4721/4721/4721 4720/4720/4720
f 4725/4725/4725 4724/4724/4724 4723/4723/4723
f 4728/4728/4728 4727/4727/4727 4726/4726/4726
f 4731/4731/4731 4730/4730/4730 4729/4729/4729
f 4734/4734/4734 4733/4733/4733 4732/4732/4732
f 4737/4737/4737 4736/4736/4736 4735/4735/4735
f 4740/4740/4740 4739/4739/4739 4738/4738/4738
f 4743/4743/4743 4742/4742/4742 4741/4741/4741
f 4746/4746/4746 4745/4745/4745 4744/4744/4744
f 4749/4749/4749 4748/4748/4748 4747/4747/4747
f 4752/4752/4752 4751/4751/4751 4750/4750/4750
f 4755/4755/4755 4754/4754/4754 4753/4753/4753
f 4758/4758/4758 4757/4757/4757 4756/4756/4756
f 4761/4761/4761 4760/4760/4760 4759/4759/4759
f 4764/4764/4764 4763/4763/4763 4762/4762/4762
f 4767/4767/4767 4766/4766/4766 4765/4765/4765
f 4770/4770/4770 4769/4769/4769 4768/4768/4768
f 4773/4773/4773 4772/4772/4772 4771/4771/4771
f 4776/4776/4776 4775/4775/4775 4774/4774/4774
f 4779/4779/4779 4778/4778/4778 4777/4777/4777
f 4782/4782/4782 4781/4781/4781 4780/4780/4780
f 4785/4785/4785 4784/4784/4784 4783/4783/4783
f 4788/4788/4788 4787/4787/4787 4786/4786/4786
f 4791/4791/4791 4790/4790/4790 4789/4789/4789
f 4794/4794/4794 4793/4793/4793 4792/4792/4792
f 4797/4797/4797 4796/4796/4796 4795/4795/4795
f 4800/4800/4800 4799/4799/4799 4798/4798/4798
f 4803/4803/4803 4802/4802/4802 4801/4801/4801
f 4806/4806/4806 4805/4805/4805 4804/4804/4804
f 4809/4809/4809 4808/4808/4808 4807/4807/4807
f 4812/4812/4812 4811/4811/4811 4810/4810/4810
f 4815/4815/4815 4814/4814/4814 4813/4813/4813
f 4818/4818/4818 4817/4817/4817 4816/4816/4816
f 4821/4821/4821 4820/4820/4820 4819/4819/4819
f 4824/4824/4824 4823/4823/4823 4822/4822/4822
f 4827/4827/4827 4826/4826/4826 4825/4825/4825
f 4830/4830/4830 4829/4829/4829 4828/4828/4828
f 4833/4833/4833 4832/4832/4832 4831/4831/4831
f 4836/4836/4836 4835/4835/4835 4834/4834/4834
f 4839/4839/4839 4838/4838/4838 4837/4837/4837
f 4842/4842/4842 4841/4841/4841 4840/4840/4840
f 4845/4845/4845 4844/4844/4844 4843/4843/4843
f 4848/4848/4848 4847/4847/4847 4846/4846/4846
f 4851/4851/4851 4850/4850/4850 4849/4849/4849
f 4854/4854/4854 4853/4853/4853 4852/4852/4852
f 4857/4857/4857 4856/4856/4856 4855/4855/4855
f 4860/4860/4860 4859/4859/4859 4858/4858/4858
f 4863/4863/4863 4862/4862/4862 4861/4861/4861
f 4866/4866/4866 4865/4865/4865 4864/4864/4864
f 4869/4869/4869 4868/4868/4868 4867/4867/4867
f 4872/4872/4872 4871/4871/4871 4870/4870/4870
f 4875/4875/4875 4874/4874/4874 4873/4873/4873
f 4878/4878/4878 4877/4877/4877 4876/4876/4876
f 4881/4881/4881 4880/4880/4880 4879/4879/4879
f 4884/4884/4884 4883/4883/4883 4882/4882/4882
f 4887/4887/4887 4886/4886/4886 4885/4885/4885
f 4890/4890/4890 4889/4889/4889 4888/4888/4888
f 4893/4893/4893 4892/4892/4892 4891/4891/4891
f 4896/4896/4896 4895/4895/4895 4894/4894/4894
f 4899/4899/4899 4898/4898/4898 4897/4897/4897
f 4902/4902/4902 4901/4901/4901 4900/4900/4900
f 4905/4905/4905 4904/4904/4904 4903/4903/4903
f 4908/4908/4908 4907/4907/4907 4906/4906/4906
f 4911/4911/4911 4910/4910/4910 4909/4909/4909
f 4914/4914/4914 4913/4913/4913 4912/4912/4912
f 4917/4917/4917 4916/4916/4916 4915/4915/4915
f 4920/4920/4920 4919/4919/4919 4918/4918/4918
f 4923/4923/4923 4922/4922/4922 4921/4921/4921
f 4926/4926/4926 4925/4925/4925 4924/4924/4924
f 4929/4929/4929 4928/4928/4928 4927/4927/4927
f 4932/4932/4932 4931/4931/4931 4930/4930/4930
f 4935/4935/4935 4934/4934/4934 4933/4933/4933
f 4938/4938/4938 4937/4937/4937 4936/4936/4936
f 4941/4941/4941 4940/4940/4940 4939/4939/4939
f 4944/4944/4944 4943/4943/4943 4942/4942/4942
f 4947/4947/4947 4946/4946/4946 4945/4945/4945
f 4950/4950/4950 4949/4949/4949 4948/4948/4948
f 4953/4953/4953 4952/4952/4952 4951/4951/4951
f 4956/4956/4956 4955/4955/4955 4954/4954/4954
f 4959/4959/4959 4958/4958/4958 4957/4957/4957
f 4962/4962/4962 4961/4961/4961 4960/4960/4960
f 4965/4965/4965 4964/4964/4964 4963/4963/4963
f 4968/4968/4968 4967/4967/4967 4966/4966/4966
f 4971/4971/4971 4970/4970/4970 4969/4969/4969
f 4974/4974/4974 4973/4973/4973 4972/4972/4972
f 4977/4977/4977 4976/4976/4976 4975/4975/4975
f 4980/4980/4980 4979/4979/4979 4978/4978/4978
f 4983/4983/4983 4982/4982/4982 4981/4981/4981
f 4986/4986/4986 4985/4985/4985 4984/4984/4984
f 4989/4989/4989 4988/4988/4988 4987/4987/4987
f 4992/4992/4992 4991/4991/4991 4990/4990/4990
f 4995/4995/4995 4994/4994/4994 4993/4993/4993
f 4998/4998/4998 4997/4997/4997 4996/4996/4996
f 5001/5001/5001 5000/5000/5000 4999/4999/4999
f 5004/5004/5004 5003/5003/5003 5002/5002/5002
f 5007/5007/5007 5006/5006/5006 5005/5005/5005
f 5010/5010/5010 5009/5009/5009 5008/5008/5008
f 5013/5013/5013 5012/5012/5012 5011/5011/5011
f 5016/5016/5016 5015/5015/5015 5014/5014/5014
